# Bons and Furious guard table, generated by tools/GuardTool.java from patches/*.json; do not edit
mixin	bons.furious.mixin.adastra.GravityApiImplMixin	adastra_gravity_primitive
mixin	bons.furious.mixin.ambientsounds.BiomeAreaMixin	ambientsounds_biome_match_cache
mixin	bons.furious.mixin.ambientsounds.TerrainEnvironmentMixin	ambientsounds_terrain_scan_bound
mixin	bons.furious.mixin.architectury.EventFactoryMixin	architectury_event_dispatch
mixin	bons.furious.mixin.ars_nouveau.ManaUtilMixin	ars_primitive_mana_discounts
mixin	bons.furious.mixin.ars_nouveau.PerkUtilMixin	ars_direct_perk_snapshots
mixin	bons.furious.mixin.bettercombat.OffhandLookupMixin	bettercombat_offhand_lookup
mixin	bons.furious.mixin.butterflies.LandingRulesMixin	butterflies_landing_rule_lookup
mixin	bons.furious.mixin.c2me_compat.DistantHorizonsDirectReadsMixin	distanthorizons_c2me_direct_reads
mixin	bons.furious.mixin.c2me_compat.RadiumExperimentalOptionTrigger	radium_experimental_tickets_spawning
mixin	bons.furious.mixin.c2me_compat.StrongholdCacheOptionTrigger	modernfix_c2me_cache_strongholds
mixin	bons.furious.mixin.chunksending.ExpiryQueueMixin	chunksending_expiry_queue
mixin	bons.furious.mixin.colorwheel.PhaseLabelMixin	colorwheel_phase_labels
mixin	bons.furious.mixin.curios.CurioInventoryWrapperMixin	curios_lazy_modifier_map
mixin	bons.furious.mixin.curios.CuriosEntityManagerMixin	curios_slot_map_lookup
mixin	bons.furious.mixin.distanthorizons.CloudParamsAccessor	distanthorizons_cloud_scalars
mixin	bons.furious.mixin.distanthorizons.CloudPassInvariantsMixin	distanthorizons_cloud_pass_invariants
mixin	bons.furious.mixin.distanthorizons.CloudRenderHandlerMixin	distanthorizons_cloud_scalars
mixin	bons.furious.mixin.distanthorizons.GenericRenderPassMixin	distanthorizons_cloud_pass_invariants
mixin	bons.furious.mixin.distanthorizons.IgnoredDimensionCsvHandlerMixin	distanthorizons_ignored_dimension_match
mixin	bons.furious.mixin.distanthorizons.RenderParamInverseMixin	distanthorizons_render_param_inverse_reuse
mixin	bons.furious.mixin.distanthorizons.RoughSurfaceDensityMixin	distanthorizons_rough_surface_xz_cache
mixin	bons.furious.mixin.distanthorizons.UpdateQueueWaitMixin	distanthorizons_update_queue_wait
mixin	bons.furious.mixin.embeddium.GlBufferArenaMappedUploadsMixin	embeddium_direct_upload_preparation
mixin	bons.furious.mixin.embeddium.GlBufferArenaPendingSumMixin	embeddium_pending_upload_sum
mixin	bons.furious.mixin.embeddium.RenderRegionManagerClassifyMixin	embeddium_upload_classification
mixin	bons.furious.mixin.embeddium.RenderRegionManagerDirectUploadMixin	embeddium_direct_upload_preparation
mixin	bons.furious.mixin.embeddium.RenderSectionManagerMixin	embeddium_lazy_completed_jobs
mixin	bons.furious.mixin.embeddium.SerializerLookupSnapshotMixin	embeddium_serializer_lookup_snapshot
mixin	bons.furious.mixin.embeddium_cache.SectionCachePrefixCleanupMixin	embeddium_section_cache_prefix_cleanup
mixin	bons.furious.mixin.embeddium_meshing.EntryModelsMixin	embeddium_visible_faces_first
mixin	bons.furious.mixin.embeddium_meshing.VariantAllowlistMixin	embeddium_visible_faces_first
mixin	bons.furious.mixin.embeddium_meshing.VisibleFacesFirstMixin	embeddium_visible_faces_first
mixin	bons.furious.mixin.embeddium_meshing.WeightedPickTableMixin	embeddium_weighted_pick_table
mixin	bons.furious.mixin.emf.BlockEntityTypeStringMixin	emf_block_entity_type_string
mixin	bons.furious.mixin.emf_compile.HierarchicalIdMemoMixin	emf_hierarchical_id_memo
mixin	bons.furious.mixin.emf_compile.VariableIndexMixin	emf_variable_index
mixin	bons.furious.mixin.entityculling.DirtyCacheResetMixin	entityculling_dirty_cache_reset
mixin	bons.furious.mixin.etf.SpriteCoordinateExpanderAccessor	etf_sprite_texture_id_memo
mixin	bons.furious.mixin.etf.SpriteTextureVariantMixin	etf_sprite_texture_id_memo
mixin	bons.furious.mixin.forge.BlockRenderLayerMemoMixin	forge_render_layer_memo
mixin	bons.furious.mixin.forge.RenderLayerMemoMixin	forge_render_layer_memo
mixin	bons.furious.mixin.fowlplay.GuidedFlockingMixin	fowlplay_flock_vectors
mixin	bons.furious.mixin.fowlplay.LeaderlessFlockingMixin	fowlplay_flock_vectors
mixin	bons.furious.mixin.fowlplay.TargetingUtilMixin	fowlplay_air_targets_loaded_only
mixin	bons.furious.mixin.fusion.ChunkLayerIdMixin	fusion_chunk_layer_id
mixin	bons.furious.mixin.fusion.ConnectionKeyHashMixin	fusion_connection_lookups
mixin	bons.furious.mixin.fusion.MatchBlockIdentityMixin	fusion_connection_lookups
mixin	bons.furious.mixin.geckolib.AnimationControllerMixin	geckolib_keyframe_locals
mixin	bons.furious.mixin.geckolib.EasingTypeMixin	geckolib_primitive_easing
mixin	bons.furious.mixin.geckolib.KeyframeMixin	geckolib_animation_hashes
mixin	bons.furious.mixin.geckolib.RawAnimationMixin	geckolib_animation_hashes
mixin	bons.furious.mixin.hostilevillages.DistantGenerationQueueMixin	hostilevillages_distant_generation_queue
mixin	bons.furious.mixin.hostilevillages.PendingChunkQueueMixin	hostilevillages_pending_chunk_queue
mixin	bons.furious.mixin.immediatelyfast.BatchableBufferSourceLayerOrderMixin	immediatelyfast_offset_layer_prefixes
mixin	bons.furious.mixin.immediatelyfast.KnownCoreShaderMixin	immediatelyfast_known_core_shaders
mixin	bons.furious.mixin.jei.TypedStackCacheMixin	jei_typed_stack_cache
mixin	bons.furious.mixin.models.BoneLookupMixin	vanilla_model_bone_lookup
mixin	bons.furious.mixin.models.ModelPartChildrenAccessor	vanilla_model_bone_lookup
mixin	bons.furious.mixin.oculus.BufferAffinitiesMixin	oculus_primitive_buffer_affinities
mixin	bons.furious.mixin.oculus.CustomUniformsPushMixin	oculus_primitive_uniform_locations
mixin	bons.furious.mixin.oculus.DhInstanceLookupMixin	oculus_dh_instance_lookup
mixin	bons.furious.mixin.oculus.EntityVertexSerializerMixin	oculus_entity_vertex_reuse
mixin	bons.furious.mixin.oculus.PhaseLabelMixin	oculus_phase_labels
mixin	bons.furious.mixin.oculus.ProgramSamplersTraversalMixin	oculus_program_traversal
mixin	bons.furious.mixin.oculus.ProgramUniformsTraversalMixin	oculus_program_traversal
mixin	bons.furious.mixin.oculus.SamplerCleanupMixin	oculus_empty_sampler_fast_return
mixin	bons.furious.mixin.oculus.ShadowEdgePlaneMixin	oculus_shadow_edge_vectors
mixin	bons.furious.mixin.oculus.TransparencyGraphOrderMixin	oculus_empty_transparency_graphs
mixin	bons.furious.mixin.oculus.TransparencyGraphResetMixin	oculus_reuse_empty_graphs
mixin	bons.furious.mixin.presencefootsteps.SoundEngineMixin	presencefootsteps_duplicate_tracking
mixin	bons.furious.mixin.radium_compat.BlockEntityStateAccessor	vanilla_block_entity_tick_state
mixin	bons.furious.mixin.radium_compat.BlockEntityTickStateMixin	vanilla_block_entity_tick_state
mixin	bons.furious.mixin.radium_compat.LevelChunkBlockEntityStateMixin	vanilla_block_entity_tick_state
mixin	bons.furious.mixin.radium_compat.PoiChunkSectionsMixin	vanilla_poi_chunk_sections
mixin	bons.furious.mixin.radium_compat.SectionStorageAccess	vanilla_poi_chunk_sections
mixin	bons.furious.mixin.ryoamiclights.BlockEntityChunkRebuildMixin	ryoamiclights_chunk_iteration
mixin	bons.furious.mixin.ryoamiclights.BlockEntityLockSkipMixin	ryoamiclights_block_entity_lock_skip
mixin	bons.furious.mixin.ryoamiclights.EntityChunkRebuildMixin	ryoamiclights_chunk_iteration
mixin	bons.furious.mixin.spawn.SeaLifeDecoTickMixin	spawn_sealife_tick
mixin	bons.furious.mixin.structurify.ChunkGeneratorHeightCacheKeyMixin	structurify_height_cache
mixin	bons.furious.mixin.structurify.ChunkGeneratorHeightCacheMixin	structurify_height_cache
mixin	bons.furious.mixin.structurify.StructureSetDataLookupMixin	structurify_set_data_single_lookup
mixin	bons.furious.mixin.terrain.ClimateNodeBoundsMixin	vanilla_climate_rtree_flat_bounds
mixin	bons.furious.mixin.terrain.ClimateSampleRepeatMixin	vanilla_climate_sample_repeat
mixin	bons.furious.mixin.terrain.ClimateSearchRepeatMixin	vanilla_climate_search_repeat
mixin	bons.furious.mixin.terrain.ColumnHeightShareMixin	vanilla_noise_column_cache
mixin	bons.furious.mixin.terrain.DensityRecordReuseMixin	terrain_final_density_reuse
mixin	bons.furious.mixin.terrain.MarkerOrMarkedReuseMixin	terrain_final_density_reuse
mixin	bons.furious.mixin.terrain.NoiseChunkFinalDensityMixin	terrain_final_density_reuse
mixin	bons.furious.mixin.terrain.NoiseChunkSurfaceEstimateMixin	terrain_surface_estimate_share
mixin	bons.furious.mixin.terrain.NoiseChunkWrapPresizeMixin	vanilla_noise_wrap_presize
mixin	bons.furious.mixin.terrain.RandomStateWrapSizeMixin	vanilla_noise_wrap_presize
mixin	bons.furious.mixin.vanilla.AnimateTickBiomeMixin	vanilla_animate_tick_uniform_biome
mixin	bons.furious.mixin.vanilla.ChunkStatusNameMixin	vanilla_chunk_status_name_memo
mixin	bons.furious.mixin.vanilla.DistanceManagerTickingMixin	vanilla_block_ticking_range_memo
mixin	bons.furious.mixin.vanilla.FogColorSampleMixin	vanilla_fog_color_sample_memo
mixin	bons.furious.mixin.vanilla.GameRendererFrameMixin	vanilla_fog_color_sample_memo
mixin	bons.furious.mixin.vanilla.TickingTrackerVersionMixin	vanilla_block_ticking_range_memo
mixin	bons.furious.mixin.vanilla_camera.CameraFluidFrameMixin	vanilla_camera_fluid_memo
mixin	bons.furious.mixin.vanilla_camera.CameraFluidMemoMixin	vanilla_camera_fluid_memo
mod	adastra_gravity_primitive	ad_astra
mod	ambientsounds_biome_match_cache	ambientsounds
mod	ambientsounds_terrain_scan_bound	ambientsounds
mod	architectury_event_dispatch	architectury
mod	ars_direct_perk_snapshots	ars_nouveau
mod	ars_primitive_mana_discounts	ars_nouveau
mod	bettercombat_offhand_lookup	bettercombat
mod	butterflies_landing_rule_lookup	butterflies
mod	chunksending_expiry_queue	chunksending
mod	colorwheel_phase_labels	colorwheel
mod	curios_lazy_modifier_map	curios
mod	curios_slot_map_lookup	curios
mod	distanthorizons_c2me_direct_reads	distanthorizons
mod	distanthorizons_cloud_pass_invariants	distanthorizons
mod	distanthorizons_cloud_scalars	distanthorizons
mod	distanthorizons_ignored_dimension_match	distanthorizons
mod	distanthorizons_render_param_inverse_reuse	distanthorizons
mod	distanthorizons_rough_surface_xz_cache	distanthorizons
mod	distanthorizons_update_queue_wait	distanthorizons
mod	embeddium_direct_upload_preparation	embeddium
mod	embeddium_lazy_completed_jobs	embeddium
mod	embeddium_pending_upload_sum	embeddium
mod	embeddium_section_cache_prefix_cleanup	embeddium
mod	embeddium_serializer_lookup_snapshot	embeddium
mod	embeddium_upload_classification	embeddium
mod	embeddium_visible_faces_first	embeddium
mod	embeddium_weighted_pick_table	embeddium
mod	emf_block_entity_type_string	entity_model_features
mod	emf_hierarchical_id_memo	entity_model_features
mod	emf_variable_index	entity_model_features
mod	entityculling_dirty_cache_reset	entityculling
mod	etf_sprite_texture_id_memo	entity_texture_features
mod	forge_render_layer_memo	iris
mod	fowlplay_air_targets_loaded_only	fowlplay
mod	fowlplay_flock_vectors	fowlplay
mod	fusion_chunk_layer_id	fusion
mod	fusion_connection_lookups	fusion
mod	geckolib_animation_hashes	geckolib
mod	geckolib_keyframe_locals	geckolib
mod	geckolib_primitive_easing	geckolib
mod	hostilevillages_distant_generation_queue	hostilevillages
mod	hostilevillages_pending_chunk_queue	hostilevillages
mod	immediatelyfast_known_core_shaders	immediatelyfast
mod	immediatelyfast_offset_layer_prefixes	immediatelyfast
mod	jei_typed_stack_cache	jei
mod	modernfix_c2me_cache_strongholds	modernfix
mod	oculus_dh_instance_lookup	iris
mod	oculus_empty_sampler_fast_return	iris
mod	oculus_empty_transparency_graphs	iris
mod	oculus_entity_vertex_reuse	iris
mod	oculus_phase_labels	iris
mod	oculus_primitive_buffer_affinities	iris
mod	oculus_primitive_uniform_locations	iris
mod	oculus_program_traversal	iris
mod	oculus_reuse_empty_graphs	iris
mod	oculus_shadow_edge_vectors	iris
mod	presencefootsteps_duplicate_tracking	presencefootsteps
mod	radium_experimental_tickets_spawning	radium
mod	ryoamiclights_block_entity_lock_skip	ryoamiclights
mod	ryoamiclights_chunk_iteration	ryoamiclights
mod	spawn_sealife_tick	spawn
mod	structurify_height_cache	structurify
mod	structurify_set_data_single_lookup	structurify
mod	terrain_final_density_reuse	minecraft
mod	terrain_surface_estimate_share	minecraft
mod	vanilla_animate_tick_uniform_biome	minecraft
mod	vanilla_block_entity_tick_state	minecraft
mod	vanilla_block_ticking_range_memo	minecraft
mod	vanilla_camera_fluid_memo	minecraft
mod	vanilla_chunk_status_name_memo	minecraft
mod	vanilla_climate_rtree_flat_bounds	minecraft
mod	vanilla_climate_sample_repeat	minecraft
mod	vanilla_climate_search_repeat	minecraft
mod	vanilla_fog_color_sample_memo	minecraft
mod	vanilla_model_bone_lookup	minecraft
mod	vanilla_noise_column_cache	minecraft
mod	vanilla_noise_wrap_presize	minecraft
mod	vanilla_poi_chunk_sections	minecraft
guard	adastra_gravity_primitive	earth/terrarium/adastra/common/systems/GravityApiImpl	<init>	()V	d7b774df801c21c02a08c85f9fb7a2e8699a68f07fbdaabc87803a3aa1b9b35f
guard	adastra_gravity_primitive	earth/terrarium/adastra/common/systems/GravityApiImpl	getGravity	(Lnet/minecraft/world/level/Level;)F	0744013565e606d7ccd3504c167d466bfe4c13f875e83900e3903030d85cdbeb
guard	adastra_gravity_primitive	earth/terrarium/adastra/common/systems/GravityApiImpl	getGravity	(Lnet/minecraft/resources/ResourceKey;)F	11532a72a51a6fe5d6027c42fa3a871e1b4c2d7463684be2a119d0ab2ceae3f7
guard	adastra_gravity_primitive	earth/terrarium/adastra/common/systems/GravityApiImpl	getGravity	(Lnet/minecraft/world/level/Level;Lnet/minecraft/core/BlockPos;)F	21e8c2e022951925c0481f75738c89974d6eab49f6097f89786a7f79ae164e02
guard	adastra_gravity_primitive	earth/terrarium/adastra/common/systems/GravityApiImpl	getGravity	(Lnet/minecraft/world/entity/Entity;)F	2f940208a5c814c89ccf13ce3dbdccfd259933dd167d3da02b1ee992d3536b46
guard	adastra_gravity_primitive	earth/terrarium/adastra/common/systems/GravityApiImpl	setGravity	(Lnet/minecraft/world/level/Level;Lnet/minecraft/core/BlockPos;F)V	a49a5352a7bf00a8193fb51b19716f6553004ed3eb2511989a7ce950f9123c02
guard	adastra_gravity_primitive	earth/terrarium/adastra/common/systems/GravityApiImpl	setGravity	(Lnet/minecraft/world/level/Level;Ljava/util/Collection;F)V	dd0be0bfd646e7f809a27e47dd70010dd374c9bedfb6e37c6a3272ca5a04001b
guard	adastra_gravity_primitive	earth/terrarium/adastra/common/systems/GravityApiImpl	removeGravity	(Lnet/minecraft/world/level/Level;Lnet/minecraft/core/BlockPos;)V	551e970cdb8bfe1b562773acca581caee9168ab601c5ba3b00bd466744e9ad01
guard	adastra_gravity_primitive	earth/terrarium/adastra/common/systems/GravityApiImpl	removeGravity	(Lnet/minecraft/world/level/Level;Ljava/util/Collection;)V	2393d6221e6a0cbdb4b8afff3b4df773d42b69446008fa06a726053b864396fe
guard	adastra_gravity_primitive	earth/terrarium/adastra/common/systems/GravityApiImpl	entityTick	(Lnet/minecraft/world/level/Level;Lnet/minecraft/world/entity/LivingEntity;Lnet/minecraft/world/phys/Vec3;Lnet/minecraft/core/BlockPos;)V	1d3f61e7317280e70f274e7edd5af9382a3d221b77f180e766a2df15a97bd321
guard	ambientsounds_biome_match_cache	team/creative/ambientsounds/environment/BiomeEnvironment$BiomeArea	checkBiome	([Lteam/creative/ambientsounds/condition/BiomeCondition;)Z	18d6329d5ba61b8d52911e00fba725d781a0548c3fdf199812996c4a4bcb109b
guard	ambientsounds_biome_match_cache	team/creative/ambientsounds/environment/BiomeEnvironment$BiomeArea	lambda$checkBiome$0	(Lteam/creative/ambientsounds/condition/BiomeCondition;Lnet/minecraft/tags/TagKey;)Z	8a7a71e18b8501c37a0784f0cf4b8347bfdae57b599756922697c6eeead38e92
guard	ambientsounds_terrain_scan_bound	team/creative/ambientsounds/environment/TerrainEnvironment	getHeightBlock	(Lnet/minecraft/world/level/Level;Lnet/minecraft/core/BlockPos$MutableBlockPos;)I	0c03d51cf144949c6543ae268eb7c043804c1ad835ac70be823f50ab5a34ed4e
guard	architectury_event_dispatch	dev/architectury/event/EventFactory	invokeMethod	(Ljava/lang/Object;Ljava/lang/reflect/Method;[Ljava/lang/Object;)Ljava/lang/Object;	8860aea97b40aa85203d8b3c2d2724747e131a8a94b65d6c78d69597a4241708
guard	ars_direct_perk_snapshots	com/hollingsworth/arsnouveau/api/util/PerkUtil	<init>	()V	d7b774df801c21c02a08c85f9fb7a2e8699a68f07fbdaabc87803a3aa1b9b35f
guard	ars_direct_perk_snapshots	com/hollingsworth/arsnouveau/api/util/PerkUtil	getPerkHolder	(Lnet/minecraft/world/item/ItemStack;)Lcom/hollingsworth/arsnouveau/common/items/data/ArmorPerkHolder;	17cac4679397847e5b78020ce183bae1d83cb2eff673eac6819bd5fb18fe6dc0
guard	ars_direct_perk_snapshots	com/hollingsworth/arsnouveau/api/util/PerkUtil	perkValue	(Lnet/minecraft/world/entity/LivingEntity;Lnet/minecraft/core/Holder;)D	0f4bfd3751869d6267a6739a54b11622ab4836e05d3a46c0b5f731c0c6cdd14b
guard	ars_direct_perk_snapshots	com/hollingsworth/arsnouveau/api/util/PerkUtil	valueOrZero	(Lnet/minecraft/world/entity/LivingEntity;Lnet/minecraft/core/Holder;)D	758bb0fdcb0c8f0007756412271ae309f693e76b1f88d7cd4874f6d3d6ae8b14
guard	ars_direct_perk_snapshots	com/hollingsworth/arsnouveau/api/util/PerkUtil	getPerksAsItems	(Lnet/minecraft/world/item/ItemStack;)Ljava/util/List;	3500c912c2aab051eda9f36e27705c37a75302ea72a454945823b10741b6fc1d
guard	ars_direct_perk_snapshots	com/hollingsworth/arsnouveau/api/util/PerkUtil	getPerksFromItem	(Lnet/minecraft/world/item/ItemStack;)Ljava/util/List;	337d8693c17d3bd1ecdea7cc7fa0ca55aefc69849ae640f63f9729d6d9a41ab2
guard	ars_direct_perk_snapshots	com/hollingsworth/arsnouveau/api/util/PerkUtil	getPerksFromLiving	(Lnet/minecraft/world/entity/LivingEntity;)Ljava/util/List;	47c68a5e48e5238834159729fa394a972064cecd84867da01c41b3c58c84a14f
guard	ars_direct_perk_snapshots	com/hollingsworth/arsnouveau/api/util/PerkUtil	countForPerk	(Lcom/hollingsworth/arsnouveau/api/perk/IPerk;Lnet/minecraft/world/entity/LivingEntity;)I	feccb38c693f659b830adaf80bdcaf2c2ea9ebf2040bd5ac51196d39ca466af4
guard	ars_direct_perk_snapshots	com/hollingsworth/arsnouveau/api/util/PerkUtil	getHolderForPerk	(Lcom/hollingsworth/arsnouveau/api/perk/IPerk;Lnet/minecraft/world/entity/LivingEntity;)Loshi/util/tuples/Pair;	840050a54cdafd2ff0f7cfd74acc88c673f1b9908127ae119ce9df668e09ac94
guard	ars_primitive_mana_discounts	com/hollingsworth/arsnouveau/api/util/ManaUtil	<init>	()V	d7b774df801c21c02a08c85f9fb7a2e8699a68f07fbdaabc87803a3aa1b9b35f
guard	ars_primitive_mana_discounts	com/hollingsworth/arsnouveau/api/util/ManaUtil	getPlayerDiscounts	(Lnet/minecraft/world/entity/LivingEntity;Lcom/hollingsworth/arsnouveau/api/spell/Spell;Lnet/minecraft/world/item/ItemStack;)I	7a2c8a665c03c12211d823e28094c4907bd4d63a13a51398ff1443545eb72ed2
guard	ars_primitive_mana_discounts	com/hollingsworth/arsnouveau/api/util/ManaUtil	getCurrentMana	(Lnet/minecraft/world/entity/LivingEntity;)D	47dfc2bf2e81b2c8d63f2cdaa046a7f3d9df2aa8829f4314f8920a765493e234
guard	ars_primitive_mana_discounts	com/hollingsworth/arsnouveau/api/util/ManaUtil	calcMaxMana	(Lnet/minecraft/world/entity/player/Player;)Lcom/hollingsworth/arsnouveau/api/util/ManaUtil$Mana;	df1b77e6010f265df98e4066cc37d1741b3cbe1418fe8a0d6a989a24dd4e24f9
guard	ars_primitive_mana_discounts	com/hollingsworth/arsnouveau/api/util/ManaUtil	getMaxMana	(Lnet/minecraft/world/entity/player/Player;)I	2b1931c6ef00716adb376db32cd4a4d113d6726974cb00269e929efe108443d8
guard	ars_primitive_mana_discounts	com/hollingsworth/arsnouveau/api/util/ManaUtil	getManaRegen	(Lnet/minecraft/world/entity/player/Player;)D	0f315ae5acb66870e6a264e51a1e5def03f348bf9c330384ab79e84b4a30bcca
guard	ars_primitive_mana_discounts	com/hollingsworth/arsnouveau/api/util/ManaUtil	<clinit>	()V	cdd13d93e3dce62848baebc32c6244e03c55b93a79eb5fd0a8ac1aeb88c1290e
guard	bettercombat_offhand_lookup	net/bettercombat/mixin/player/PlayerEntityMixin	<init>	()V	05b11865dfdfad10fd439f41dd60b40487a7fc77230234d59781ecacf69237a2
guard	bettercombat_offhand_lookup	net/bettercombat/mixin/player/PlayerEntityMixin	getComboCount	()I	926006de9b1f8c1b2ad3fa5687db1ad05327eee3a8c7d39dc60e30abb9a67f00
guard	bettercombat_offhand_lookup	net/bettercombat/mixin/player/PlayerEntityMixin	setComboCount	(I)V	83e0f886d4387790dc988cad6d39b2bfcbda604c0eddd9b1727b736023ce4204
guard	bettercombat_offhand_lookup	net/bettercombat/mixin/player/PlayerEntityMixin	post_Tick	(Lorg/spongepowered/asm/mixin/injection/callback/CallbackInfo;)V	d71a35aaefebd87824b6b45341eda8dbc7813bce7bef893ca3019a3da67eaf1d
guard	bettercombat_offhand_lookup	net/bettercombat/mixin/player/PlayerEntityMixin	disableSweeping	(Z)Z	3d591eeedcb06af12313574ee909b0f143b964ba70a2ea8dd97b71c4e8d85637
guard	bettercombat_offhand_lookup	net/bettercombat/mixin/player/PlayerEntityMixin	getEquippedStack_Pre	(Lnet/minecraft/world/entity/EquipmentSlot;Lorg/spongepowered/asm/mixin/injection/callback/CallbackInfoReturnable;)V	6b5c17d69f9d402f7d3e1e75432f39b9fd29713b8a5713e29b3f8adfa859a8d0
guard	bettercombat_offhand_lookup	net/bettercombat/mixin/player/PlayerEntityMixin	updateDualWieldingSpeedBoost	()V	25a4a6482c97c8dcd404c199c133001fc7a258c41b11b646ab37853512dc8c5e
guard	bettercombat_offhand_lookup	net/bettercombat/mixin/player/PlayerEntityMixin	getHand	(Lnet/minecraft/world/InteractionHand;)Lnet/minecraft/world/InteractionHand;	6c68801972f5f7f9c4c648ff45b0c735179bc91c65d04ad0f30f2e3580c0df14
guard	bettercombat_offhand_lookup	net/bettercombat/mixin/player/PlayerEntityMixin	getMainHandStack_Redirect	(Lnet/minecraft/world/entity/player/Player;)Lnet/minecraft/world/item/ItemStack;	9ed66ea823835b7523b2f4bad3b1adcee5b1f03066b7ac541d78871e3f75be47
guard	bettercombat_offhand_lookup	net/bettercombat/mixin/player/PlayerEntityMixin	setStackInHand_Redirect	(Lnet/minecraft/world/entity/player/Player;Lnet/minecraft/world/InteractionHand;Lnet/minecraft/world/item/ItemStack;)V	a6ec1ceb90140030ff7fa01dafad7a85e4f35bdfc3d338cf63d5300e513ccaa9
guard	bettercombat_offhand_lookup	net/bettercombat/mixin/player/PlayerEntityMixin	getCurrentAttack	()Lnet/bettercombat/api/AttackHand;	d278c2a58545a763ba1ddfd6fea1f5cd2f83b6a74f669e8280534957971d2b64
guard	bettercombat_offhand_lookup	net/bettercombat/mixin/player/PlayerEntityMixin	<clinit>	()V	8887a670ac6be279950218bcd396f63b8e938fd3b941af5f0e76bdcb9128b63c
guard	butterflies_landing_rule_lookup	com/bokmcdok/butterflies/butterfly_data/LandingRules	<init>	(Ljava/util/Set;)V	6459feca468d39ce0d864a26e7d1f6ce2a3b012c863702c1887cd2a7460ea3c0
guard	butterflies_landing_rule_lookup	com/bokmcdok/butterflies/butterfly_data/LandingRules	isValidLandingBlock	(Lnet/minecraft/world/level/block/state/BlockState;)Z	239691d2b7f5432625147560f247489d4fd54dc051936d63d316573a21f245bb
guard	butterflies_landing_rule_lookup	com/bokmcdok/butterflies/butterfly_data/LandingRules	requireResourceLocation	(Ljava/lang/String;Ljava/lang/String;)Lnet/minecraft/resources/ResourceLocation;	45ffe1bb3d15d9c0ade00cc3936b1e8948dc5e08891694f6c5253159fc0c837d
guard	butterflies_landing_rule_lookup	com/bokmcdok/butterflies/butterfly_data/LandingRules	requireBlock	(Ljava/lang/String;)Lnet/minecraft/world/level/block/Block;	157589b13a43f101d569ac92e066326bff88ca0f2069003426ec57bc71c452ff
guard	butterflies_landing_rule_lookup	com/bokmcdok/butterflies/butterfly_data/LandingRules	requireBlockTag	(Ljava/lang/String;)Lnet/minecraft/tags/TagKey;	0b3b3329a311004089007206bc6a9effc5d6c386dad33f49e5ded215b6953e64
guard	chunksending_expiry_queue	com/chunksending/event/EventHandler	addToClear	(Lcom/chunksending/chunk/IChunkPacketCache;)V	d2d98c9f869e4cfdad7801252b9edc455605184a7660fd8029609195d3aa861e
guard	chunksending_expiry_queue	com/chunksending/event/EventHandler	clearExpiredPacketCaches	()V	57b6a2a8d98f6ae5646b8fb4a52cc8985c77cbe68a3aa3d8b39221238d6e7bed
guard	chunksending_expiry_queue	com/chunksending/event/EventHandler	<clinit>	()V	4c835c796957be74f4a52cdb5c7d7db8ff61fc715dbf50f4c6e27c8ef59c257c
guard	chunksending_expiry_queue	com/chunksending/mixin/cache/LevelChunkPacketCacheMixin	clearCachedPacket	()V	9ecb1342c6c70670c2fb414ff1fccb2542c5d8268bae054baeba1ac3ad7e29db
guard	colorwheel_phase_labels	dev/djefrey/colorwheel/engine/ClrwlDrawManager	setPhase	(Ldev/djefrey/colorwheel/engine/ClrwlRenderingPhase;Z)V	618bef1d65ca5ed70bdbf597c4e02000b08dbbe24e0ab1b3002d23b9f3d62620
guard	curios_lazy_modifier_map	top/theillusivec4/curios/common/capability/CurioInventoryCapability	clearCachedSlotModifiers	()V	6e7e3e968cd4df5700479f3f29f08767a0f57d9a2218f6fa50b4396969e80153
guard	curios_slot_map_lookup	top/theillusivec4/curios/common/data/CuriosEntityManager	getEntitySlots	(Lnet/minecraft/world/entity/EntityType;)Ljava/util/Map;	412a049a953011d6e02e81a17095cb78fd882a37bf33f4473d8ed2c6b509a9e7
guard	distanthorizons_c2me_direct_reads	com/seibel/distanthorizons/common/wrappers/worldGeneration/chunkFileHandling/ChunkFileReader_neoforge	<init>	(Lcom/seibel/distanthorizons/common/wrappers/worldGeneration/params/GlobalWorldGenParams_neoforge;)V	6f1367965a2a3d1d21fb60a1429df591329dd5aff50aeab3fa3b473674978ac4
guard	distanthorizons_c2me_direct_reads	com/seibel/distanthorizons/common/wrappers/worldGeneration/chunkFileHandling/ChunkFileReader_neoforge	getChunkNbtDataAsync	(Lnet/minecraft/world/level/ChunkPos;)Ljava/util/concurrent/CompletableFuture;	6b8d204097b304702d3116e7de5e805d5cd6d3c0db4b48bbb59ba4c0ef56c11a
guard	distanthorizons_c2me_direct_reads	com/seibel/distanthorizons/common/wrappers/worldGeneration/chunkFileHandling/ChunkFileReader_neoforge	createEmptyOrPreExistingChunkWrapperAsync	(IIZLjava/util/Map;Ljava/util/Map;Ljava/util/Map;)Ljava/util/concurrent/CompletableFuture;	b5007893678adaf67a5d361603f6ae4e4e3b30e520a1ffb098487a0ec5a8dc65
guard	distanthorizons_c2me_direct_reads	com/seibel/distanthorizons/common/wrappers/worldGeneration/mimicObject/RegionFileStorageExternalCache_neoforge	read	(Lnet/minecraft/world/level/ChunkPos;)Lnet/minecraft/nbt/CompoundTag;	40afa144629a3f72893150fe47f2df4d7027ebde8428def92fbe6894bf0e8235
guard	distanthorizons_c2me_direct_reads	com/seibel/distanthorizons/common/wrappers/worldGeneration/mimicObject/RegionFileStorageExternalCache_neoforge	getRegionFile	(Lnet/minecraft/world/level/ChunkPos;)Lnet/minecraft/world/level/chunk/storage/RegionFile;	e9c8afc20c53161f3f5bc59b00281cb50509467a9d0baae99184b27316d5fab5
guard	distanthorizons_c2me_direct_reads	com/ishland/c2me/rewrites/chunkio/ModuleEntryPoint	<clinit>	()V	d23b790290cad966450884537da1e4bfcfec8d7028c4051a1c959b9f9672f8dc
guard	distanthorizons_cloud_pass_invariants	com/seibel/distanthorizons/core/render/renderer/CloudRenderHandler	preRender	(Lcom/seibel/distanthorizons/api/methods/events/sharedParameterObjects/DhApiRenderParam;Lcom/seibel/distanthorizons/core/render/renderer/CloudRenderHandler$CloudParams;)V	726513fd97be97b7132f50e0c36e88fd9263edde58a3f636c05978a136614a98
guard	distanthorizons_cloud_pass_invariants	com/seibel/distanthorizons/common/render/openGl/generic/GlGenericObjectRenderer	render	(Lcom/seibel/distanthorizons/core/render/RenderParams;Lcom/seibel/distanthorizons/core/wrapperInterfaces/minecraft/IProfilerWrapper;Z)V	76f66c75e22dfc2e759fef68abcfab9c8fa783a600e238c6848dea08e459c993
guard	distanthorizons_cloud_pass_invariants	com/seibel/distanthorizons/common/wrappers/world/ClientLevelWrapper_neoforge	getCloudColor	(F)Ljava/awt/Color;	dca4f788c440651d65cc9a08fefa30c3f655e5a0a5dbb735e551ec91938f7761
guard	distanthorizons_cloud_scalars	com/seibel/distanthorizons/core/render/renderer/CloudRenderHandler	shouldCloudBeCulled	(FFFLcom/seibel/distanthorizons/core/render/renderer/CloudRenderHandler$CloudParams;)Z	faf6cc44536c82ca2da45ec0bc91399c5c1112e6293d072b7abd72f361bfb7ce
guard	distanthorizons_cloud_scalars	com/seibel/distanthorizons/core/render/renderer/CloudRenderHandler	preRender	(Lcom/seibel/distanthorizons/api/methods/events/sharedParameterObjects/DhApiRenderParam;Lcom/seibel/distanthorizons/core/render/renderer/CloudRenderHandler$CloudParams;)V	726513fd97be97b7132f50e0c36e88fd9263edde58a3f636c05978a136614a98
guard	distanthorizons_cloud_scalars	com/seibel/distanthorizons/core/render/renderer/CloudRenderHandler$CloudParams	<init>	(IIII)V	21f90f848db69d3e04564662dbacf193e9fd3a140d72d80e43bdcdcbf537f8ab
guard	distanthorizons_cloud_scalars	com/seibel/distanthorizons/core/util/math/DhVec3f	normalize	()Z	cab86f002c0e34da70b3a7e8b40c6c3c5937dd76ed0d7276b960cd02010aa728
guard	distanthorizons_cloud_scalars	com/seibel/distanthorizons/core/util/math/DhVec3f	dotProduct	(Lcom/seibel/distanthorizons/core/util/math/DhVec3f;)F	3601e737951ee8b5deca8cc7cd8b8dd07cb8601bdc6dec0a0562cf45e05d83d9
guard	distanthorizons_cloud_scalars	com/seibel/distanthorizons/core/util/math/DhVec3d	getDistance	(Lcom/seibel/distanthorizons/api/objects/math/DhApiVec3d;Lcom/seibel/distanthorizons/api/objects/math/DhApiVec3d;)D	774bc66a654e657bcb3fbb395374af5d125f54d7bcb216f580278dce65ecdfe1
guard	distanthorizons_ignored_dimension_match	com/seibel/distanthorizons/core/config/eventHandlers/IgnoredDimensionCsvHandler	dimensionNameShouldBeIgnored	(Ljava/lang/String;)Z	1e483079b2702e461c4d6e1fe171056df4743092f7bfad6619e3484a790ca1ec
guard	distanthorizons_render_param_inverse_reuse	com/seibel/distanthorizons/api/methods/events/sharedParameterObjects/DhApiRenderParam	update	(Lcom/seibel/distanthorizons/api/enums/rendering/EDhApiRenderPass;FFFLcom/seibel/distanthorizons/api/objects/math/DhApiMat4f;Lcom/seibel/distanthorizons/api/objects/math/DhApiMat4f;Lcom/seibel/distanthorizons/api/objects/math/DhApiMat4f;Lcom/seibel/distanthorizons/api/objects/math/DhApiMat4f;ILcom/seibel/distanthorizons/api/interfaces/world/IDhApiLevelWrapper;)V	fa615bbce5fc75d9cba1777c0df7338ba3f08e674f21ff9b2d0d8e7f39004a67
guard	distanthorizons_render_param_inverse_reuse	com/seibel/distanthorizons/api/objects/math/DhApiMat4f	invert	()V	d22d9ca40b4424e39e169f42f9c05b2ae9648bfc183c969357fab12690ba7705
guard	distanthorizons_render_param_inverse_reuse	com/seibel/distanthorizons/api/objects/math/DhApiMat4f	adjudicateAndDet	()F	d61dfcc5f4843ffe755b3de8cf13e03b50de57d603b5709807c38b8f1256fda7
guard	distanthorizons_render_param_inverse_reuse	com/seibel/distanthorizons/api/objects/math/DhApiMat4f	multiply	(Lcom/seibel/distanthorizons/api/objects/math/DhApiMat4f;)V	ac97d80a89653526a9c1c0edab6e8c3904bdf04c8f6d5886332c9776c47cdba8
guard	distanthorizons_render_param_inverse_reuse	com/seibel/distanthorizons/api/objects/math/DhApiMat4f	multiply	(F)V	e9225c53e37002599b60e341c43d08cba2089771e3930da376de8c1d9e64071a
guard	distanthorizons_rough_surface_xz_cache	com/seibel/distanthorizons/common/wrappers/worldGeneration/DhRoughSurfaceGenerator$GenParams_neoforge	<init>	(Lcom/seibel/distanthorizons/common/wrappers/worldGeneration/DhChunkGenerator_neoforge;Lcom/seibel/distanthorizons/core/wrapperInterfaces/world/IServerLevelWrapper;)V	784880b8e442346f231583133b870de5ea10ffe1ee88e57df128ed9c18ecaec9
guard	distanthorizons_rough_surface_xz_cache	com/seibel/distanthorizons/common/wrappers/worldGeneration/DhRoughSurfaceGenerator_neoforge	isNoiseSolidAtBlockPos	(Lcom/seibel/distanthorizons/common/wrappers/worldGeneration/DhRoughSurfaceGenerator$GenParams_neoforge;III)Z	74121776d82c5aaeb13ee5fbf914a2a7fb6b33ccd30630c3d38ffc0dede8d292
guard	distanthorizons_update_queue_wait	com/seibel/distanthorizons/core/api/internal/chunkUpdating/ChunkUpdateQueueManager	runQueueingLoop	()V	702bf71b4b66aba26e5d306e204eb6bb1037cbb921b0fb73c80647774ef15966
guard	distanthorizons_update_queue_wait	com/seibel/distanthorizons/core/api/internal/chunkUpdating/ChunkUpdateQueueManager	processQueue	()V	c024ac83446a34bdbeb7a871958ada0f46b920a0f9062f9d10c19c5d5bfb3d31
guard	distanthorizons_update_queue_wait	com/seibel/distanthorizons/core/api/internal/chunkUpdating/ChunkUpdateQueueManager	processQueuedChunkPreUpdate	()V	50fe70e5b5430006d5e6330317a5ab98176a8ca2ce52172cb8152fb53ba664ae
guard	distanthorizons_update_queue_wait	com/seibel/distanthorizons/core/api/internal/chunkUpdating/ChunkUpdateQueueManager	tryDispatchReadyChunkUpdate	()V	4f8d742a002d610aa327bd8aae0a384ba8d7016f56672a9cca00960744dca3d8
guard	distanthorizons_update_queue_wait	com/seibel/distanthorizons/core/api/internal/chunkUpdating/ChunkPosQueue	popClosest	()Lcom/seibel/distanthorizons/core/api/internal/chunkUpdating/ChunkUpdateData;	93c6a69a6837164b1cf600cc5b5ae9f530faec220db87dbfcdf7aba32c3085f2
guard	distanthorizons_update_queue_wait	com/seibel/distanthorizons/core/api/internal/chunkUpdating/ChunkPosQueue	isEmpty	()Z	bbe4c528b644e036802dbd5d94d94b2bffb93760040bec460fdf14084de0e35b
guard	embeddium_direct_upload_preparation	org/embeddedt/embeddium/impl/gl/arena/GlBufferArena	<init>	(Lorg/embeddedt/embeddium/impl/gl/device/CommandList;IILorg/embeddedt/embeddium/impl/gl/arena/staging/StagingBuffer;)V	7fb53ab84bdf7601c0ea7779d83011f98be7e79a36d7a6e228823ae851959320
guard	embeddium_direct_upload_preparation	org/embeddedt/embeddium/impl/gl/arena/GlBufferArena	resize	(Lorg/embeddedt/embeddium/impl/gl/device/CommandList;I)V	d62d17f044c96e74852e3531af12f189aa0836a89040682a3a7a05494aa6d817
guard	embeddium_direct_upload_preparation	org/embeddedt/embeddium/impl/gl/arena/GlBufferArena	buildTransferList	(Ljava/util/List;I)Ljava/util/List;	d89b70cbdd7fa7903210721b2b33824e7330af6e71a4fe5f54b137ccfbf32260
guard	embeddium_direct_upload_preparation	org/embeddedt/embeddium/impl/gl/arena/GlBufferArena	transferSegments	(Lorg/embeddedt/embeddium/impl/gl/device/CommandList;Ljava/util/Collection;I)V	5f41383c00d2bc13292f1c87d6dedeaae07fbf404f15d96a389e0682581510a8
guard	embeddium_direct_upload_preparation	org/embeddedt/embeddium/impl/gl/arena/GlBufferArena	getUsedSegments	()Ljava/util/ArrayList;	f0d5aa777b67284ddcf00b0e308aa8b483d6f6ce2154357923d5a8f9b525544e
guard	embeddium_direct_upload_preparation	org/embeddedt/embeddium/impl/gl/arena/GlBufferArena	getDeviceUsedMemoryL	()J	4d21276949967394ccd8705e14f01c946f50eb4b0dd03548d458bad21a1ca34b
guard	embeddium_direct_upload_preparation	org/embeddedt/embeddium/impl/gl/arena/GlBufferArena	getDeviceAllocatedMemoryL	()J	baf47a90772e9051c6139f8d40f3192e93058e1ed26c328efba158e8784aaf6d
guard	embeddium_direct_upload_preparation	org/embeddedt/embeddium/impl/gl/arena/GlBufferArena	getDeviceUsedMemoryL	()J	4d21276949967394ccd8705e14f01c946f50eb4b0dd03548d458bad21a1ca34b
guard	embeddium_direct_upload_preparation	org/embeddedt/embeddium/impl/gl/arena/GlBufferArena	getDeviceAllocatedMemoryL	()J	baf47a90772e9051c6139f8d40f3192e93058e1ed26c328efba158e8784aaf6d
guard	embeddium_direct_upload_preparation	org/embeddedt/embeddium/impl/gl/arena/GlBufferArena	alloc	(I)Lorg/embeddedt/embeddium/impl/gl/arena/GlBufferSegment;	31cbd1efedd2f8b3a29b0d5e5853375c8304ed0cd7899d2d4ecea14b5442a281
guard	embeddium_direct_upload_preparation	org/embeddedt/embeddium/impl/gl/arena/GlBufferArena	findFree	(I)Lorg/embeddedt/embeddium/impl/gl/arena/GlBufferSegment;	4f53f398555d55fcba07742c2356d0dbb6723c6e2efc1536f0970bc0db8eb296
guard	embeddium_direct_upload_preparation	org/embeddedt/embeddium/impl/gl/arena/GlBufferArena	free	(Lorg/embeddedt/embeddium/impl/gl/arena/GlBufferSegment;)V	6c1d02384981e7fe29dbd1f22286ed50ce9858a3784cf72dda4a6ca2de762167
guard	embeddium_direct_upload_preparation	org/embeddedt/embeddium/impl/gl/arena/GlBufferArena	delete	(Lorg/embeddedt/embeddium/impl/gl/device/CommandList;)V	58d01d432e247b6c5cd08fb141c00998d50bf4aa8363ddb77005758e6c96f458
guard	embeddium_direct_upload_preparation	org/embeddedt/embeddium/impl/gl/arena/GlBufferArena	isEmpty	()Z	834f062d40fa42ebd9fda85fa19d8fffd788792b53c68f91dc24ce98b32feac4
guard	embeddium_direct_upload_preparation	org/embeddedt/embeddium/impl/gl/arena/GlBufferArena	getBufferObject	()Lorg/embeddedt/embeddium/impl/gl/buffer/GlBuffer;	2694e87f9be4ef9a0264aef9c1be968d70d3a638121814bfaa8cc0fed8c986a5
guard	embeddium_direct_upload_preparation	org/embeddedt/embeddium/impl/gl/arena/GlBufferArena	upload	(Lorg/embeddedt/embeddium/impl/gl/device/CommandList;Ljava/util/stream/Stream;)Z	35ecb1935ae5993cdfb83c2205b27ad6a221ba27d4d1a7871d1ead92156b36b2
guard	embeddium_direct_upload_preparation	org/embeddedt/embeddium/impl/gl/arena/GlBufferArena	tryUploads	(Lorg/embeddedt/embeddium/impl/gl/device/CommandList;Ljava/util/List;)V	a2177b5a87f3826e8e44201485f5725f81cb11072836f63ab5960e51a4072461
guard	embeddium_direct_upload_preparation	org/embeddedt/embeddium/impl/gl/arena/GlBufferArena	tryUpload	(Lorg/embeddedt/embeddium/impl/gl/device/CommandList;Lorg/embeddedt/embeddium/impl/gl/arena/PendingUpload;)Z	e25e6808e21ae3f4e3b5f6136a6e0d9385ca98e3dc82b0019e9663d12969576c
guard	embeddium_direct_upload_preparation	org/embeddedt/embeddium/impl/gl/arena/GlBufferArena	ensureCapacity	(Lorg/embeddedt/embeddium/impl/gl/device/CommandList;I)V	3c3aad7fe03de9ffe928abc2729abce67a7fd676b5aadbec9d31a43264e52c25
guard	embeddium_direct_upload_preparation	org/embeddedt/embeddium/impl/gl/arena/GlBufferArena	checkAssertions	()V	e7a8b6dd24a039e9df717802271ddf7053d3aac12b0bad8f9902c1c5dc5d046d
guard	embeddium_direct_upload_preparation	org/embeddedt/embeddium/impl/gl/arena/GlBufferArena	checkAssertions0	()V	c519c6499e46ced2d9cb147465fd2cfb27ca849c827daa908576e2b253d4c798
guard	embeddium_direct_upload_preparation	org/embeddedt/embeddium/impl/gl/arena/GlBufferArena	lambda$tryUploads$1	(Lorg/embeddedt/embeddium/impl/gl/device/CommandList;Lorg/embeddedt/embeddium/impl/gl/arena/PendingUpload;)Z	a4041bced259b57b20452ee6e6026fa091cac5372e6594f7409b8bb52d49e6e3
guard	embeddium_direct_upload_preparation	org/embeddedt/embeddium/impl/gl/arena/GlBufferArena	lambda$upload$0	(Lorg/embeddedt/embeddium/impl/gl/arena/PendingUpload;)J	1ce736b929a9f6cc25f000abe06dbfcd46bc9cfe1133aa33ac7e5b96731fd520
guard	embeddium_direct_upload_preparation	org/embeddedt/embeddium/impl/gl/arena/GlBufferArena	<clinit>	()V	f5641ca0358990b51480610328b42e1eaed4af2ae308b7add5e0fec440282e53
guard	embeddium_direct_upload_preparation	org/embeddedt/embeddium/impl/render/chunk/region/RenderRegionManager	<init>	(Lorg/embeddedt/embeddium/impl/gl/device/CommandList;)V	cec32412fcf6356392c635c02a10b59d3b91e51c304277ef88cadfa4821ef7f5
guard	embeddium_direct_upload_preparation	org/embeddedt/embeddium/impl/render/chunk/region/RenderRegionManager	update	()V	14afd7483556376c0b91570f807150324adf0f4b2ceb93a3fe32aeb49b8c784e
guard	embeddium_direct_upload_preparation	org/embeddedt/embeddium/impl/render/chunk/region/RenderRegionManager	uploadMeshes	(Lorg/embeddedt/embeddium/impl/gl/device/CommandList;Ljava/util/Collection;)V	6a3c875c77e558cdae9254f5096998ed194b2e16fe49df2d597e7706255ea0d0
guard	embeddium_direct_upload_preparation	org/embeddedt/embeddium/impl/render/chunk/region/RenderRegionManager	uploadMeshes	(Lorg/embeddedt/embeddium/impl/gl/device/CommandList;Lorg/embeddedt/embeddium/impl/render/chunk/region/RenderRegion;Ljava/util/Collection;)V	3241c3b51a5dc759ac699524d1fc9e89abf14418393d7e471f24e7199c79cb1f
guard	embeddium_direct_upload_preparation	org/embeddedt/embeddium/impl/render/chunk/region/RenderRegionManager	uploadResorts	(Lorg/embeddedt/embeddium/impl/gl/device/CommandList;Lorg/embeddedt/embeddium/impl/render/chunk/region/RenderRegion;Ljava/util/Collection;)V	426ac90476d2b9f93b5f235adf224012dd6bbf36977f902d011e256fe0131db7
guard	embeddium_direct_upload_preparation	org/embeddedt/embeddium/impl/render/chunk/region/RenderRegionManager	createMeshUploadQueues	(Ljava/util/Collection;)Lit/unimi/dsi/fastutil/objects/Reference2ReferenceMap$FastEntrySet;	a4dc7e622d00c89a218059ae43fd2a701df0dd31db5b50856833a7c83de41e21
guard	embeddium_direct_upload_preparation	org/embeddedt/embeddium/impl/render/chunk/region/RenderRegionManager	delete	(Lorg/embeddedt/embeddium/impl/gl/device/CommandList;)V	959d563fa60df75e69c8a3aeb07dbeb21d6fef40d74dc7f0f140eec96efa05ca
guard	embeddium_direct_upload_preparation	org/embeddedt/embeddium/impl/render/chunk/region/RenderRegionManager	getLoadedRegions	()Ljava/util/Collection;	30bcee2f45e4c39c1ecf7d429394e1477601ce41809bab85152d3fe1e9016de0
guard	embeddium_direct_upload_preparation	org/embeddedt/embeddium/impl/render/chunk/region/RenderRegionManager	getStagingBuffer	()Lorg/embeddedt/embeddium/impl/gl/arena/staging/StagingBuffer;	140d9d2980698a3cf182a118dbe9236466440d95a536ac57b6b9b86cd5b8df21
guard	embeddium_direct_upload_preparation	org/embeddedt/embeddium/impl/render/chunk/region/RenderRegionManager	createForChunk	(III)Lorg/embeddedt/embeddium/impl/render/chunk/region/RenderRegion;	312b9e889e289f4ccf30ee0385fb908243ebd549bb8aa5e6876ab6355c743e64
guard	embeddium_direct_upload_preparation	org/embeddedt/embeddium/impl/render/chunk/region/RenderRegionManager	create	(III)Lorg/embeddedt/embeddium/impl/render/chunk/region/RenderRegion;	54395b7027124ba22934315593d36bbe62d1da4381d46d5eabf552524d68683d
guard	embeddium_direct_upload_preparation	org/embeddedt/embeddium/impl/render/chunk/region/RenderRegionManager	createStagingBuffer	(Lorg/embeddedt/embeddium/impl/gl/device/CommandList;)Lorg/embeddedt/embeddium/impl/gl/arena/staging/StagingBuffer;	81d1b30e6ec79ee97cb82d3aad61c574b5d3b32162c98bc805a4b0b4b3d43556
guard	embeddium_direct_upload_preparation	org/embeddedt/embeddium/impl/render/chunk/region/RenderRegionManager	lambda$createMeshUploadQueues$4	(Ljava/lang/Object;)Ljava/util/List;	a35d1b2543f0428d094205f6e002e32952c48e2fa63c2a626c71c418e877a033
guard	embeddium_direct_upload_preparation	org/embeddedt/embeddium/impl/render/chunk/region/RenderRegionManager	lambda$uploadResorts$3	(Lorg/embeddedt/embeddium/impl/render/chunk/region/RenderRegionManager$PendingResortUpload;)Lorg/embeddedt/embeddium/impl/gl/arena/PendingUpload;	c36d61b93512dba4a9b2a872a28835f0c120f96b768cfb5c2640c4999257d2d6
guard	embeddium_direct_upload_preparation	org/embeddedt/embeddium/impl/render/chunk/region/RenderRegionManager	lambda$uploadMeshes$2	(Lorg/embeddedt/embeddium/impl/render/chunk/region/RenderRegionManager$PendingSectionUpload;)Lorg/embeddedt/embeddium/impl/gl/arena/PendingUpload;	5eb8ba262e136b5d1b8cdfed43c85b3f5649d0013a135248b99dd331ee1a27a7
guard	embeddium_direct_upload_preparation	org/embeddedt/embeddium/impl/render/chunk/region/RenderRegionManager	lambda$uploadMeshes$1	(Lorg/embeddedt/embeddium/impl/render/chunk/region/RenderRegionManager$PendingSectionUpload;)Lorg/embeddedt/embeddium/impl/gl/arena/PendingUpload;	f93406dc5e02faa677e03f199921c8e85a6261a4974158b864bed1b2bf7391e0
guard	embeddium_direct_upload_preparation	org/embeddedt/embeddium/impl/render/chunk/region/RenderRegionManager	lambda$uploadMeshes$0	(Lorg/embeddedt/embeddium/impl/render/chunk/compile/ChunkBuildOutput;)Z	a7fbba7bfc9fd82b34e16f54fedc4a7d8e015b58dfa08c7fdee4703e3ed1a8bc
guard	embeddium_lazy_completed_jobs	org/embeddedt/embeddium/impl/render/chunk/RenderSectionManager	<init>	(Lnet/minecraft/client/multiplayer/ClientLevel;ILorg/embeddedt/embeddium/impl/gl/device/CommandList;)V	fd26a371de6fc9b7df4adb788a53cc5b8e5c8ae69d664eacf4f9dccf71255d14
guard	embeddium_lazy_completed_jobs	org/embeddedt/embeddium/impl/render/chunk/RenderSectionManager	runAsyncTasks	()V	d4a201836baf6930adff166c4b9afb48f1ecb0fd83f982beebbefb9800d956db
guard	embeddium_lazy_completed_jobs	org/embeddedt/embeddium/impl/render/chunk/RenderSectionManager	update	(Lnet/minecraft/client/Camera;Lorg/embeddedt/embeddium/impl/render/viewport/Viewport;IZ)V	ff21bba1ea9f363b6625e8ae93c7a21860282a71611d0bbf07210ef4dc2e0aa3
guard	embeddium_lazy_completed_jobs	org/embeddedt/embeddium/impl/render/chunk/RenderSectionManager	checkTranslucencyChange	()V	b605a0230b54a5f0a18afe9b31b3c67531edafe54c4e4e34799ca14db839ded9
guard	embeddium_lazy_completed_jobs	org/embeddedt/embeddium/impl/render/chunk/RenderSectionManager	scheduleTranslucencyUpdates	(III)V	60bee89d345c4ee4d7091c4901863d1ea0a4528873e53f25853a837973670af7
guard	embeddium_lazy_completed_jobs	org/embeddedt/embeddium/impl/render/chunk/RenderSectionManager	createTerrainRenderList	(Lnet/minecraft/client/Camera;Lorg/embeddedt/embeddium/impl/render/viewport/Viewport;IZ)V	97847cb6257779498f902a9da190216f7acb09114e4b4ad7e6935c4272a9683f
guard	embeddium_lazy_completed_jobs	org/embeddedt/embeddium/impl/render/chunk/RenderSectionManager	getSearchDistance	()F	52f2576f4cd2771c341988c3d15b88e11639b29e32055322e145070a5db5a23a
guard	embeddium_lazy_completed_jobs	org/embeddedt/embeddium/impl/render/chunk/RenderSectionManager	shouldUseOcclusionCulling	(Lnet/minecraft/client/Camera;Z)Z	f6fe4c0741589cfd436e5b2b1683268509f77f21ef4c0809d4136c4d1c44f997
guard	embeddium_lazy_completed_jobs	org/embeddedt/embeddium/impl/render/chunk/RenderSectionManager	resetRenderLists	()V	938d3ffb738eb8f93c67c6fe13dfbde0df5dbcdb1d41f1a2c89059d730eab0d4
guard	embeddium_lazy_completed_jobs	org/embeddedt/embeddium/impl/render/chunk/RenderSectionManager	onSectionAdded	(III)V	eefa40b181abb5dbdfef79343a5edddc44b2ac99174b56c6135b2861eeab7942
guard	embeddium_lazy_completed_jobs	org/embeddedt/embeddium/impl/render/chunk/RenderSectionManager	onSectionRemoved	(III)V	6ca84b0d8025c9a4bc6830f1e80f2da6610a4d3f21e6517a81146cb797291381
guard	embeddium_lazy_completed_jobs	org/embeddedt/embeddium/impl/render/chunk/RenderSectionManager	renderLayer	(Lorg/embeddedt/embeddium/impl/render/chunk/ChunkRenderMatrices;Lorg/embeddedt/embeddium/impl/render/chunk/terrain/TerrainRenderPass;DDD)V	2fd07fb04422cd951571d5dbc53011b71917baf37104066b65a190107156409a
guard	embeddium_lazy_completed_jobs	org/embeddedt/embeddium/impl/render/chunk/RenderSectionManager	tickVisibleRenders	()V	faeae88af8a3bcc6aa0b193a9a736a82d9ed486e604db4e66dd42e8990c88a38
guard	embeddium_lazy_completed_jobs	org/embeddedt/embeddium/impl/render/chunk/RenderSectionManager	isSectionVisible	(III)Z	5a7b13d291984fe9cd53bea63102a05f057c492de3bb08e38398563cb3ed05f3
guard	embeddium_lazy_completed_jobs	org/embeddedt/embeddium/impl/render/chunk/RenderSectionManager	updateChunks	(Z)V	29d964e14d7b36711994a5aca0bfeeb42c59268b1f6105742f183856dd818cf9
guard	embeddium_lazy_completed_jobs	org/embeddedt/embeddium/impl/render/chunk/RenderSectionManager	uploadChunks	()V	c1ac21e0a3511e70e4794165075766da50278ecba38557079d55538668d82978
guard	embeddium_lazy_completed_jobs	org/embeddedt/embeddium/impl/render/chunk/RenderSectionManager	processChunkBuildResults	(Ljava/util/ArrayList;)V	505964c7a867cec0b15951ca82693bded631d85560d92cdfd293c958f91001f7
guard	embeddium_lazy_completed_jobs	org/embeddedt/embeddium/impl/render/chunk/RenderSectionManager	updateTranslucencyInfo	(Lorg/embeddedt/embeddium/impl/render/chunk/RenderSection;Ljava/util/Map;)V	4ed6df2e35efffe660a4884bfc8e82315d588811ea8cc0ddd775521590b1be86
guard	embeddium_lazy_completed_jobs	org/embeddedt/embeddium/impl/render/chunk/RenderSectionManager	updateSectionInfo	(Lorg/embeddedt/embeddium/impl/render/chunk/RenderSection;Lorg/embeddedt/embeddium/impl/render/chunk/data/BuiltSectionInfo;)V	6a222631067c500b770e6a9826412b3e5bd4f19be659ed4fb7bf8b276a065ea0
guard	embeddium_lazy_completed_jobs	org/embeddedt/embeddium/impl/render/chunk/RenderSectionManager	filterChunkBuildResults	(Ljava/util/ArrayList;)Ljava/util/List;	b8afa284e940d0241d3ee0222980c21b4dc08cbc5fe93b6d1737ce3c407bebe1
guard	embeddium_lazy_completed_jobs	org/embeddedt/embeddium/impl/render/chunk/RenderSectionManager	collectChunkBuildResults	()Ljava/util/ArrayList;	bc767159839b9c0d467441e3fba850e40bc2b226b9fe2b6a40ff14f65941c106
guard	embeddium_lazy_completed_jobs	org/embeddedt/embeddium/impl/render/chunk/RenderSectionManager	submitRebuildTasks	(Lorg/embeddedt/embeddium/impl/render/chunk/compile/executor/ChunkJobCollector;Lorg/embeddedt/embeddium/impl/render/chunk/ChunkUpdateType;)V	2a73eba22ae65b76fe754b51605e7ee31b5c0e1c08ff6d39ec50cd9c625190ed
guard	embeddium_lazy_completed_jobs	org/embeddedt/embeddium/impl/render/chunk/RenderSectionManager	createRebuildTask	(Lorg/embeddedt/embeddium/impl/render/chunk/RenderSection;I)Lorg/embeddedt/embeddium/impl/render/chunk/compile/tasks/ChunkBuilderMeshingTask;	ecca6f97d91f7251610d53a1aa63a9081b502fe60ef5e1e18a8927d4e22633b5
guard	embeddium_lazy_completed_jobs	org/embeddedt/embeddium/impl/render/chunk/RenderSectionManager	createSortTask	(Lorg/embeddedt/embeddium/impl/render/chunk/RenderSection;I)Lorg/embeddedt/embeddium/impl/render/chunk/compile/tasks/ChunkBuilderSortTask;	0d6c01deeaad7860b21ac9a3fffe317bb3cf51a6bbfdf2da0210f066c9ba98d7
guard	embeddium_lazy_completed_jobs	org/embeddedt/embeddium/impl/render/chunk/RenderSectionManager	markGraphDirty	()V	eabf5d6717372ddd81725f69bce73b195d3dbcb3987da72e9934c2fe8cfd3a4e
guard	embeddium_lazy_completed_jobs	org/embeddedt/embeddium/impl/render/chunk/RenderSectionManager	needsUpdate	()Z	5e59c126e32e2a088aa744c69335044129ccd6020928962b6a3be31631266a8d
guard	embeddium_lazy_completed_jobs	org/embeddedt/embeddium/impl/render/chunk/RenderSectionManager	getBuilder	()Lorg/embeddedt/embeddium/impl/render/chunk/compile/executor/ChunkBuilder;	ae656a9f8dc1da3bfe639aef72895a8bfc52e08df5cda023b69c19bd350798b7
guard	embeddium_lazy_completed_jobs	org/embeddedt/embeddium/impl/render/chunk/RenderSectionManager	destroy	()V	aaebf57cc46c7f864830f047c0dbe09e5ed2e578c3badb6957e1e2a72c63c34f
guard	embeddium_lazy_completed_jobs	org/embeddedt/embeddium/impl/render/chunk/RenderSectionManager	getTotalSections	()I	fa927a0d3bfc2c72f0f5dd2cec87b4dde00365cacb67bd6b9887686e0feba09d
guard	embeddium_lazy_completed_jobs	org/embeddedt/embeddium/impl/render/chunk/RenderSectionManager	getVisibleChunkCount	()I	df67edd929f12c6bb12814b9532ab2b889c02ef44187bc20dc8f3557f1906de0
guard	embeddium_lazy_completed_jobs	org/embeddedt/embeddium/impl/render/chunk/RenderSectionManager	scheduleRebuildOffThread	(IIIZ)V	584039e68862f1df9be57aa7d54cfef4c4c79a4828605990dcf745cd37819442
guard	embeddium_lazy_completed_jobs	org/embeddedt/embeddium/impl/render/chunk/RenderSectionManager	scheduleRebuild	(IIIZ)V	ad38fe87b693f4f0c9d3de277fbd707972f0c3916847150f32935dd87e92d01a
guard	embeddium_lazy_completed_jobs	org/embeddedt/embeddium/impl/render/chunk/RenderSectionManager	shouldPrioritizeRebuild	(Lorg/embeddedt/embeddium/impl/render/chunk/RenderSection;)Z	1d2da9e6c4c0bb30159c216dbadbb55b24226df5a3eaf8b3605f1c11d5b59fae
guard	embeddium_lazy_completed_jobs	org/embeddedt/embeddium/impl/render/chunk/RenderSectionManager	allowImportantRebuilds	()Z	3af19f4adbcbab58d23f2bff4921789626fc9c7d494301d02e60975952646d33
guard	embeddium_lazy_completed_jobs	org/embeddedt/embeddium/impl/render/chunk/RenderSectionManager	getEffectiveRenderDistance	()F	6c2604679c9f7b17335977ccbf3076b03da62d1b9aa3a1e3bfb2cb22edbffd23
guard	embeddium_lazy_completed_jobs	org/embeddedt/embeddium/impl/render/chunk/RenderSectionManager	getRenderDistance	()F	0bdc923bfabb9edb578094691ae626c4e744a80de9ab046d6507d5090227c7ea
guard	embeddium_lazy_completed_jobs	org/embeddedt/embeddium/impl/render/chunk/RenderSectionManager	connectNeighborNodes	(Lorg/embeddedt/embeddium/impl/render/chunk/RenderSection;)V	bbbf87c0f30ed8358b58196e2373cc998d7ad8f694650fc0a63fecc4dc41df1c
guard	embeddium_lazy_completed_jobs	org/embeddedt/embeddium/impl/render/chunk/RenderSectionManager	disconnectNeighborNodes	(Lorg/embeddedt/embeddium/impl/render/chunk/RenderSection;)V	6c253f92e4e6519aeadb70f65bc2f3c52ac525a4636916f7105f0db217fec9ef
guard	embeddium_lazy_completed_jobs	org/embeddedt/embeddium/impl/render/chunk/RenderSectionManager	getRenderSection	(III)Lorg/embeddedt/embeddium/impl/render/chunk/RenderSection;	a3e5bf027fa50c90044f2b21115079b8c825d5594a8353d9aaaee0213dd46de5
guard	embeddium_lazy_completed_jobs	org/embeddedt/embeddium/impl/render/chunk/RenderSectionManager	getSortingStrings	()Ljava/util/Collection;	abbce01965ece15f5a53d1e5602500902d9c875614bf177a39acc6f192f6501f
guard	embeddium_lazy_completed_jobs	org/embeddedt/embeddium/impl/render/chunk/RenderSectionManager	getDebugStrings	()Ljava/util/Collection;	e222c4e38f6ea03a3c79b494864495046804906606f191d20d4728596217eb7d
guard	embeddium_lazy_completed_jobs	org/embeddedt/embeddium/impl/render/chunk/RenderSectionManager	getRenderLists	()Lorg/embeddedt/embeddium/impl/render/chunk/lists/SortedRenderLists;	6eb98b95e1d87148479852f6c45198037d48f697d6ae31b6a11cd8e53a1c582d
guard	embeddium_lazy_completed_jobs	org/embeddedt/embeddium/impl/render/chunk/RenderSectionManager	isSectionBuilt	(III)Z	bb526a70b68800a573ccdb5cb56fe9d91dbd179105933b81a32e65d487d018f9
guard	embeddium_lazy_completed_jobs	org/embeddedt/embeddium/impl/render/chunk/RenderSectionManager	onChunkAdded	(II)V	e70e026b1effe5c6be8e6d24462776037038986bcd684d73c2ca8f96d7a26fca
guard	embeddium_lazy_completed_jobs	org/embeddedt/embeddium/impl/render/chunk/RenderSectionManager	onChunkRemoved	(II)V	aaf48d5e28fb73d04503b69be1f3fbafa06b439b555e4dfb831fe4b163cb66ba
guard	embeddium_lazy_completed_jobs	org/embeddedt/embeddium/impl/render/chunk/RenderSectionManager	getSectionsWithGlobalEntities	()Ljava/util/Collection;	152cf9d997eafce1d0337225b9f24e9627caccd832b32ef2c6217d87756ebb87
guard	embeddium_lazy_completed_jobs	org/embeddedt/embeddium/impl/render/chunk/RenderSectionManager	getVertexType	()Lorg/embeddedt/embeddium/impl/render/chunk/vertex/format/ChunkVertexType;	18ad0ed543ad425f63e8ef8d6a4f80e87c09644bbdabc8b7dfa181cc61298e43
guard	embeddium_lazy_completed_jobs	org/embeddedt/embeddium/impl/render/chunk/RenderSectionManager	lambda$scheduleRebuildOffThread$0	(IIIZ)V	481f3ef1f2d6b908100361db41b114989db2bd5cb3b36d672724450d7bef8846
guard	embeddium_lazy_completed_jobs	org/embeddedt/embeddium/impl/render/chunk/RenderSectionManager	<clinit>	()V	54daa4649b79faa137e73976d80529e7f3da66c5bb7e0bf8e5ee7b999e31064a
guard	embeddium_pending_upload_sum	org/embeddedt/embeddium/impl/gl/arena/GlBufferArena	<init>	(Lorg/embeddedt/embeddium/impl/gl/device/CommandList;IILorg/embeddedt/embeddium/impl/gl/arena/staging/StagingBuffer;)V	7fb53ab84bdf7601c0ea7779d83011f98be7e79a36d7a6e228823ae851959320
guard	embeddium_pending_upload_sum	org/embeddedt/embeddium/impl/gl/arena/GlBufferArena	resize	(Lorg/embeddedt/embeddium/impl/gl/device/CommandList;I)V	d62d17f044c96e74852e3531af12f189aa0836a89040682a3a7a05494aa6d817
guard	embeddium_pending_upload_sum	org/embeddedt/embeddium/impl/gl/arena/GlBufferArena	buildTransferList	(Ljava/util/List;I)Ljava/util/List;	d89b70cbdd7fa7903210721b2b33824e7330af6e71a4fe5f54b137ccfbf32260
guard	embeddium_pending_upload_sum	org/embeddedt/embeddium/impl/gl/arena/GlBufferArena	transferSegments	(Lorg/embeddedt/embeddium/impl/gl/device/CommandList;Ljava/util/Collection;I)V	5f41383c00d2bc13292f1c87d6dedeaae07fbf404f15d96a389e0682581510a8
guard	embeddium_pending_upload_sum	org/embeddedt/embeddium/impl/gl/arena/GlBufferArena	getUsedSegments	()Ljava/util/ArrayList;	f0d5aa777b67284ddcf00b0e308aa8b483d6f6ce2154357923d5a8f9b525544e
guard	embeddium_pending_upload_sum	org/embeddedt/embeddium/impl/gl/arena/GlBufferArena	getDeviceUsedMemoryL	()J	4d21276949967394ccd8705e14f01c946f50eb4b0dd03548d458bad21a1ca34b
guard	embeddium_pending_upload_sum	org/embeddedt/embeddium/impl/gl/arena/GlBufferArena	getDeviceAllocatedMemoryL	()J	baf47a90772e9051c6139f8d40f3192e93058e1ed26c328efba158e8784aaf6d
guard	embeddium_pending_upload_sum	org/embeddedt/embeddium/impl/gl/arena/GlBufferArena	getDeviceUsedMemoryL	()J	4d21276949967394ccd8705e14f01c946f50eb4b0dd03548d458bad21a1ca34b
guard	embeddium_pending_upload_sum	org/embeddedt/embeddium/impl/gl/arena/GlBufferArena	getDeviceAllocatedMemoryL	()J	baf47a90772e9051c6139f8d40f3192e93058e1ed26c328efba158e8784aaf6d
guard	embeddium_pending_upload_sum	org/embeddedt/embeddium/impl/gl/arena/GlBufferArena	alloc	(I)Lorg/embeddedt/embeddium/impl/gl/arena/GlBufferSegment;	31cbd1efedd2f8b3a29b0d5e5853375c8304ed0cd7899d2d4ecea14b5442a281
guard	embeddium_pending_upload_sum	org/embeddedt/embeddium/impl/gl/arena/GlBufferArena	findFree	(I)Lorg/embeddedt/embeddium/impl/gl/arena/GlBufferSegment;	4f53f398555d55fcba07742c2356d0dbb6723c6e2efc1536f0970bc0db8eb296
guard	embeddium_pending_upload_sum	org/embeddedt/embeddium/impl/gl/arena/GlBufferArena	free	(Lorg/embeddedt/embeddium/impl/gl/arena/GlBufferSegment;)V	6c1d02384981e7fe29dbd1f22286ed50ce9858a3784cf72dda4a6ca2de762167
guard	embeddium_pending_upload_sum	org/embeddedt/embeddium/impl/gl/arena/GlBufferArena	delete	(Lorg/embeddedt/embeddium/impl/gl/device/CommandList;)V	58d01d432e247b6c5cd08fb141c00998d50bf4aa8363ddb77005758e6c96f458
guard	embeddium_pending_upload_sum	org/embeddedt/embeddium/impl/gl/arena/GlBufferArena	isEmpty	()Z	834f062d40fa42ebd9fda85fa19d8fffd788792b53c68f91dc24ce98b32feac4
guard	embeddium_pending_upload_sum	org/embeddedt/embeddium/impl/gl/arena/GlBufferArena	getBufferObject	()Lorg/embeddedt/embeddium/impl/gl/buffer/GlBuffer;	2694e87f9be4ef9a0264aef9c1be968d70d3a638121814bfaa8cc0fed8c986a5
guard	embeddium_pending_upload_sum	org/embeddedt/embeddium/impl/gl/arena/GlBufferArena	upload	(Lorg/embeddedt/embeddium/impl/gl/device/CommandList;Ljava/util/stream/Stream;)Z	35ecb1935ae5993cdfb83c2205b27ad6a221ba27d4d1a7871d1ead92156b36b2
guard	embeddium_pending_upload_sum	org/embeddedt/embeddium/impl/gl/arena/GlBufferArena	tryUploads	(Lorg/embeddedt/embeddium/impl/gl/device/CommandList;Ljava/util/List;)V	a2177b5a87f3826e8e44201485f5725f81cb11072836f63ab5960e51a4072461
guard	embeddium_pending_upload_sum	org/embeddedt/embeddium/impl/gl/arena/GlBufferArena	tryUpload	(Lorg/embeddedt/embeddium/impl/gl/device/CommandList;Lorg/embeddedt/embeddium/impl/gl/arena/PendingUpload;)Z	e25e6808e21ae3f4e3b5f6136a6e0d9385ca98e3dc82b0019e9663d12969576c
guard	embeddium_pending_upload_sum	org/embeddedt/embeddium/impl/gl/arena/GlBufferArena	ensureCapacity	(Lorg/embeddedt/embeddium/impl/gl/device/CommandList;I)V	3c3aad7fe03de9ffe928abc2729abce67a7fd676b5aadbec9d31a43264e52c25
guard	embeddium_pending_upload_sum	org/embeddedt/embeddium/impl/gl/arena/GlBufferArena	checkAssertions	()V	e7a8b6dd24a039e9df717802271ddf7053d3aac12b0bad8f9902c1c5dc5d046d
guard	embeddium_pending_upload_sum	org/embeddedt/embeddium/impl/gl/arena/GlBufferArena	checkAssertions0	()V	c519c6499e46ced2d9cb147465fd2cfb27ca849c827daa908576e2b253d4c798
guard	embeddium_pending_upload_sum	org/embeddedt/embeddium/impl/gl/arena/GlBufferArena	lambda$tryUploads$1	(Lorg/embeddedt/embeddium/impl/gl/device/CommandList;Lorg/embeddedt/embeddium/impl/gl/arena/PendingUpload;)Z	a4041bced259b57b20452ee6e6026fa091cac5372e6594f7409b8bb52d49e6e3
guard	embeddium_pending_upload_sum	org/embeddedt/embeddium/impl/gl/arena/GlBufferArena	lambda$upload$0	(Lorg/embeddedt/embeddium/impl/gl/arena/PendingUpload;)J	1ce736b929a9f6cc25f000abe06dbfcd46bc9cfe1133aa33ac7e5b96731fd520
guard	embeddium_pending_upload_sum	org/embeddedt/embeddium/impl/gl/arena/GlBufferArena	<clinit>	()V	f5641ca0358990b51480610328b42e1eaed4af2ae308b7add5e0fec440282e53
guard	embeddium_section_cache_prefix_cleanup	org/embeddedt/embeddium/impl/world/cloned/ClonedChunkSectionCache	cleanup	()V	1b13cc056de41d735ffa2efb0f6c6d13ce76007648d3be74b98280270a1cabb0
guard	embeddium_section_cache_prefix_cleanup	org/embeddedt/embeddium/impl/world/cloned/ClonedChunkSectionCache	acquire	(III)Lorg/embeddedt/embeddium/impl/world/cloned/ClonedChunkSection;	2ea95cf1bc5f3855ded101a1b24d5739fa925acbd4747b5de0a43b174f580726
guard	embeddium_section_cache_prefix_cleanup	org/embeddedt/embeddium/impl/world/cloned/ClonedChunkSectionCache	invalidate	(III)V	e5c73bcacea6046cb7109fcbda14b2b68a06a267aae492354811295acda05e88
guard	embeddium_section_cache_prefix_cleanup	org/embeddedt/embeddium/impl/world/cloned/ClonedChunkSectionCache	<init>	(Lnet/minecraft/world/level/Level;)V	b721a7fe0c9c08e5d4d669854cf5a01fe23604175d08fa27f3957daac1e882cf
guard	embeddium_section_cache_prefix_cleanup	org/embeddedt/embeddium/impl/world/cloned/ClonedChunkSectionCache	lambda$cleanup$0	(Lorg/embeddedt/embeddium/impl/world/cloned/ClonedChunkSection;)Z	16e09675ee4db6c23f9c36883a7611a21bd773871636a7fe196e29a996c11c83
guard	embeddium_section_cache_prefix_cleanup	org/embeddedt/embeddium/impl/world/cloned/ClonedChunkSectionCache	getMonotonicTimeSource	()J	4d62cb3fdaa7c9ae6e921a21346028294475be9af89c3f107ff4341283822638
guard	embeddium_section_cache_prefix_cleanup	org/embeddedt/embeddium/impl/world/cloned/ClonedChunkSectionCache	*		85eb73fba3561a5c27102e2d9ac96b6e904c99e2d26dcd6cc9fdf730a4b14104
guard	embeddium_section_cache_prefix_cleanup	org/embeddedt/embeddium/impl/world/cloned/ClonedChunkSection	setLastUsedTimestamp	(J)V	bed396402262ce787e82724e5d55f778611c5d9a7a5418faded12f38b1560d23
guard	embeddium_section_cache_prefix_cleanup	org/embeddedt/embeddium/impl/world/cloned/ClonedChunkSection	getLastUsedTimestamp	()J	ca1d5f21cf2d64b149fdcad2c535013338b0ed9ab306dd681e2db0704c3626ad
guard	embeddium_serializer_lookup_snapshot	org/embeddedt/embeddium/impl/render/vertex/serializers/VertexSerializerRegistryImpl	find	(J)Lorg/embeddedt/embeddium/api/vertex/serializer/VertexSerializer;	bc90bfc9181c95422a760b05c722f023d2786a07b2c2399d08cef65c15b44840
guard	embeddium_serializer_lookup_snapshot	org/embeddedt/embeddium/impl/render/vertex/serializers/VertexSerializerRegistryImpl	create	(JLorg/embeddedt/embeddium/api/vertex/format/VertexFormatDescription;Lorg/embeddedt/embeddium/api/vertex/format/VertexFormatDescription;)Lorg/embeddedt/embeddium/api/vertex/serializer/VertexSerializer;	71a643d0c4e3c29677fd9a834004f6344a510592c902dca30138a91c9668af68
guard	embeddium_serializer_lookup_snapshot	org/embeddedt/embeddium/impl/render/vertex/serializers/VertexSerializerRegistryImpl	get	(Lorg/embeddedt/embeddium/api/vertex/format/VertexFormatDescription;Lorg/embeddedt/embeddium/api/vertex/format/VertexFormatDescription;)Lorg/embeddedt/embeddium/api/vertex/serializer/VertexSerializer;	0fca6624f59ece9ac1a93c3a161e161f62df53753a3963d9ef1275774f450ddd
guard	embeddium_serializer_lookup_snapshot	org/embeddedt/embeddium/impl/render/vertex/serializers/VertexSerializerRegistryImpl	<init>	()V	e1e1ec3057223dc6df8cf28b8efe0f3e9d9612c37af74db2d271e83a19769fe7
guard	embeddium_serializer_lookup_snapshot	org/embeddedt/embeddium/impl/render/vertex/serializers/VertexSerializerRegistryImpl	*		054c0cba0cb87b6fcaa42e1ed525024fa916be474b7c0cd0880248e2ebd8cd42
guard	embeddium_upload_classification	org/embeddedt/embeddium/impl/render/chunk/region/RenderRegionManager	<init>	(Lorg/embeddedt/embeddium/impl/gl/device/CommandList;)V	cec32412fcf6356392c635c02a10b59d3b91e51c304277ef88cadfa4821ef7f5
guard	embeddium_upload_classification	org/embeddedt/embeddium/impl/render/chunk/region/RenderRegionManager	update	()V	14afd7483556376c0b91570f807150324adf0f4b2ceb93a3fe32aeb49b8c784e
guard	embeddium_upload_classification	org/embeddedt/embeddium/impl/render/chunk/region/RenderRegionManager	uploadMeshes	(Lorg/embeddedt/embeddium/impl/gl/device/CommandList;Ljava/util/Collection;)V	6a3c875c77e558cdae9254f5096998ed194b2e16fe49df2d597e7706255ea0d0
guard	embeddium_upload_classification	org/embeddedt/embeddium/impl/render/chunk/region/RenderRegionManager	uploadMeshes	(Lorg/embeddedt/embeddium/impl/gl/device/CommandList;Lorg/embeddedt/embeddium/impl/render/chunk/region/RenderRegion;Ljava/util/Collection;)V	3241c3b51a5dc759ac699524d1fc9e89abf14418393d7e471f24e7199c79cb1f
guard	embeddium_upload_classification	org/embeddedt/embeddium/impl/render/chunk/region/RenderRegionManager	uploadResorts	(Lorg/embeddedt/embeddium/impl/gl/device/CommandList;Lorg/embeddedt/embeddium/impl/render/chunk/region/RenderRegion;Ljava/util/Collection;)V	426ac90476d2b9f93b5f235adf224012dd6bbf36977f902d011e256fe0131db7
guard	embeddium_upload_classification	org/embeddedt/embeddium/impl/render/chunk/region/RenderRegionManager	createMeshUploadQueues	(Ljava/util/Collection;)Lit/unimi/dsi/fastutil/objects/Reference2ReferenceMap$FastEntrySet;	a4dc7e622d00c89a218059ae43fd2a701df0dd31db5b50856833a7c83de41e21
guard	embeddium_upload_classification	org/embeddedt/embeddium/impl/render/chunk/region/RenderRegionManager	delete	(Lorg/embeddedt/embeddium/impl/gl/device/CommandList;)V	959d563fa60df75e69c8a3aeb07dbeb21d6fef40d74dc7f0f140eec96efa05ca
guard	embeddium_upload_classification	org/embeddedt/embeddium/impl/render/chunk/region/RenderRegionManager	getLoadedRegions	()Ljava/util/Collection;	30bcee2f45e4c39c1ecf7d429394e1477601ce41809bab85152d3fe1e9016de0
guard	embeddium_upload_classification	org/embeddedt/embeddium/impl/render/chunk/region/RenderRegionManager	getStagingBuffer	()Lorg/embeddedt/embeddium/impl/gl/arena/staging/StagingBuffer;	140d9d2980698a3cf182a118dbe9236466440d95a536ac57b6b9b86cd5b8df21
guard	embeddium_upload_classification	org/embeddedt/embeddium/impl/render/chunk/region/RenderRegionManager	createForChunk	(III)Lorg/embeddedt/embeddium/impl/render/chunk/region/RenderRegion;	312b9e889e289f4ccf30ee0385fb908243ebd549bb8aa5e6876ab6355c743e64
guard	embeddium_upload_classification	org/embeddedt/embeddium/impl/render/chunk/region/RenderRegionManager	create	(III)Lorg/embeddedt/embeddium/impl/render/chunk/region/RenderRegion;	54395b7027124ba22934315593d36bbe62d1da4381d46d5eabf552524d68683d
guard	embeddium_upload_classification	org/embeddedt/embeddium/impl/render/chunk/region/RenderRegionManager	createStagingBuffer	(Lorg/embeddedt/embeddium/impl/gl/device/CommandList;)Lorg/embeddedt/embeddium/impl/gl/arena/staging/StagingBuffer;	81d1b30e6ec79ee97cb82d3aad61c574b5d3b32162c98bc805a4b0b4b3d43556
guard	embeddium_upload_classification	org/embeddedt/embeddium/impl/render/chunk/region/RenderRegionManager	lambda$createMeshUploadQueues$4	(Ljava/lang/Object;)Ljava/util/List;	a35d1b2543f0428d094205f6e002e32952c48e2fa63c2a626c71c418e877a033
guard	embeddium_upload_classification	org/embeddedt/embeddium/impl/render/chunk/region/RenderRegionManager	lambda$uploadResorts$3	(Lorg/embeddedt/embeddium/impl/render/chunk/region/RenderRegionManager$PendingResortUpload;)Lorg/embeddedt/embeddium/impl/gl/arena/PendingUpload;	c36d61b93512dba4a9b2a872a28835f0c120f96b768cfb5c2640c4999257d2d6
guard	embeddium_upload_classification	org/embeddedt/embeddium/impl/render/chunk/region/RenderRegionManager	lambda$uploadMeshes$2	(Lorg/embeddedt/embeddium/impl/render/chunk/region/RenderRegionManager$PendingSectionUpload;)Lorg/embeddedt/embeddium/impl/gl/arena/PendingUpload;	5eb8ba262e136b5d1b8cdfed43c85b3f5649d0013a135248b99dd331ee1a27a7
guard	embeddium_upload_classification	org/embeddedt/embeddium/impl/render/chunk/region/RenderRegionManager	lambda$uploadMeshes$1	(Lorg/embeddedt/embeddium/impl/render/chunk/region/RenderRegionManager$PendingSectionUpload;)Lorg/embeddedt/embeddium/impl/gl/arena/PendingUpload;	f93406dc5e02faa677e03f199921c8e85a6261a4974158b864bed1b2bf7391e0
guard	embeddium_upload_classification	org/embeddedt/embeddium/impl/render/chunk/region/RenderRegionManager	lambda$uploadMeshes$0	(Lorg/embeddedt/embeddium/impl/render/chunk/compile/ChunkBuildOutput;)Z	a7fbba7bfc9fd82b34e16f54fedc4a7d8e015b58dfa08c7fdee4703e3ed1a8bc
guard	embeddium_visible_faces_first	org/embeddedt/embeddium/impl/render/chunk/compile/pipeline/BlockRenderer	renderModel	(Lorg/embeddedt/embeddium/api/render/chunk/BlockRenderContext;Lorg/embeddedt/embeddium/impl/render/chunk/compile/ChunkBuildBuffers;)V	e99ce1590f8e8c31526f0cb5720cb5d2ef22fee652b550e4302d6a5e7b3b6158
guard	embeddium_visible_faces_first	org/embeddedt/embeddium/impl/render/chunk/compile/pipeline/BlockRenderer	getGeometry	(Lorg/embeddedt/embeddium/api/render/chunk/BlockRenderContext;Lnet/minecraft/core/Direction;)Ljava/util/List;	33a4fc93f6b4c2c96fdc503937bc0cf845c749ba9ecb6ae36810e8d0e5747b64
guard	embeddium_visible_faces_first	org/embeddedt/embeddium/impl/render/chunk/compile/pipeline/BlockRenderer	isFaceVisible	(Lorg/embeddedt/embeddium/api/render/chunk/BlockRenderContext;Lnet/minecraft/core/Direction;)Z	dc105d355cda9bfa2ae0b8f78db8ac65c1647bde037142e83c81682e16885a07
guard	embeddium_visible_faces_first	org/embeddedt/embeddium/impl/render/chunk/compile/pipeline/BlockOcclusionCache	shouldDrawSide	(Lnet/minecraft/world/level/block/state/BlockState;Lnet/minecraft/world/level/BlockGetter;Lnet/minecraft/core/BlockPos;Lnet/minecraft/core/Direction;)Z	82c9100041af063867b93cc1d459d205f02e31d91fed1e509320ad91d85b9dd7
guard	embeddium_visible_faces_first	org/embeddedt/embeddium/impl/mixin/features/model/WeightedBakedModelMixin	getQuads	(Lnet/minecraft/world/level/block/state/BlockState;Lnet/minecraft/core/Direction;Lnet/minecraft/util/RandomSource;Lnet/neoforged/neoforge/client/model/data/ModelData;Lnet/minecraft/client/renderer/RenderType;)Ljava/util/List;	4a744c2b32dcc6b2c39bd145ae214b883b5782047adcc0a7244226e31d8646e4
guard	embeddium_visible_faces_first	org/embeddedt/embeddium/impl/mixin/features/model/WeightedBakedModelMixin	getRenderTypes	(Lnet/minecraft/world/level/block/state/BlockState;Lnet/minecraft/util/RandomSource;Lnet/neoforged/neoforge/client/model/data/ModelData;)Lnet/neoforged/neoforge/client/ChunkRenderTypeSet;	75d4f864f7c1679eeb664c263cfd3ae242ef99903fb6989eae3b471e330b3193
guard	embeddium_visible_faces_first	net/minecraft/client/resources/model/SimpleBakedModel	getQuads	(Lnet/minecraft/world/level/block/state/BlockState;Lnet/minecraft/core/Direction;Lnet/minecraft/util/RandomSource;)Ljava/util/List;	d0cb29735c0d26a7f3442f15f920697f95d072673578e17c3ba2eaa8d1d96031
guard	embeddium_visible_faces_first	net/minecraft/client/resources/model/SimpleBakedModel	getRenderTypes	(Lnet/minecraft/world/level/block/state/BlockState;Lnet/minecraft/util/RandomSource;Lnet/neoforged/neoforge/client/model/data/ModelData;)Lnet/neoforged/neoforge/client/ChunkRenderTypeSet;	2fdb4f067cf7ea19929b83ce835f2f958472d8e357d8a806c44c89f80893e659
guard	embeddium_visible_faces_first	com/supermartijn642/fusion/model/CombinedBakedModel	getQuads	(Lnet/minecraft/world/level/block/state/BlockState;Lnet/minecraft/core/Direction;Lnet/minecraft/util/RandomSource;Lnet/neoforged/neoforge/client/model/data/ModelData;Lnet/minecraft/client/renderer/RenderType;)Ljava/util/List;	0dc1e7cb9de6cfced4862eca0ebac279f6e65d492dd5ede2ae8fa2f3ff569799
guard	embeddium_visible_faces_first	com/supermartijn642/fusion/model/modifiers/block/ModelsByRandomOffset$Entry	getModels	()Ljava/util/List;	900d0586f6b969c796718c06bf1954b1b75503ce4da84f54657c4f0806c011eb
guard	embeddium_visible_faces_first	com/supermartijn642/fusion/model/types/base/BaseBakedModel	getQuads	(Lnet/minecraft/world/level/block/state/BlockState;Lnet/minecraft/core/Direction;Lnet/minecraft/util/RandomSource;Lnet/neoforged/neoforge/client/model/data/ModelData;Lnet/minecraft/client/renderer/RenderType;)Ljava/util/List;	0bbde45a67cc75fef7e94587818c69c7f2bcca67a3e99b16ea3504d848e7c8eb
guard	embeddium_visible_faces_first	com/supermartijn642/fusion/model/types/base/BaseBakedModel	getRenderTypes	(Lnet/minecraft/world/level/block/state/BlockState;Lnet/minecraft/util/RandomSource;Lnet/neoforged/neoforge/client/model/data/ModelData;)Lnet/neoforged/neoforge/client/ChunkRenderTypeSet;	f1298ab10d211dc4ac6966a7394d9fdeb193601132c446e4d94904a50eca8f56
guard	embeddium_visible_faces_first	com/supermartijn642/fusion/model/types/base/BaseBakedModel	getRenderData	(Lnet/minecraft/world/level/BlockAndTintGetter;Lnet/minecraft/core/BlockPos;Lnet/minecraft/world/level/block/state/BlockState;)Lcom/supermartijn642/fusion/model/types/base/BaseBakedModel$RenderData;	f1f5fb6e1373d8f931a3efe803739becb8db4817dfb891b2fb768451348576fd
guard	embeddium_visible_faces_first	com/supermartijn642/fusion/model/types/base/BaseBakedModel	processQuads	(Ljava/util/List;Ljava/util/List;Lcom/supermartijn642/fusion/api/util/PropertyStore;Lnet/minecraft/client/renderer/RenderType;)Ljava/util/Map;	03445a81339a2ac12d63542f20c5d2ff78c3584899f2cce88259fb2a5c83e47d
guard	embeddium_visible_faces_first	com/supermartijn642/fusion/model/types/base/BaseBakedModel$LazyQuadProcessor	get	(Lnet/minecraft/core/Direction;Lnet/minecraft/client/renderer/RenderType;)Ljava/util/List;	686e1505f8cd7a3b61b7af43b459706d1dd40f5cf683d9270296afac3f13f771
guard	embeddium_visible_faces_first	com/supermartijn642/fusion/texture/types/connecting/ConnectingTextureType$1	processQuad	(Lcom/supermartijn642/fusion/api/model/custom/quad/EmittableQuad;Lcom/supermartijn642/fusion/api/texture/custom/SpriteInstance;Lcom/supermartijn642/fusion/api/util/Pair;Lcom/supermartijn642/fusion/api/util/PropertyStore;)V	a7387fc0fd980dd556cf8257804dfdd63b80a3a875afa65f131754021921bdc9
guard	embeddium_visible_faces_first	com/supermartijn642/fusion/texture/types/continuous/ContinuousTextureType$1	processQuad	(Lcom/supermartijn642/fusion/api/model/custom/quad/EmittableQuad;Lcom/supermartijn642/fusion/api/texture/custom/SpriteInstance;Lnet/minecraft/core/BlockPos;Lcom/supermartijn642/fusion/api/util/PropertyStore;)V	eb184b54e98a36d0ec3d18845147fb76a72a592edb921aed275e6d6e8acacf3c
guard	embeddium_visible_faces_first	com/supermartijn642/fusion/texture/types/random/RandomTextureType$1	processQuad	(Lcom/supermartijn642/fusion/api/model/custom/quad/EmittableQuad;Lcom/supermartijn642/fusion/api/texture/custom/SpriteInstance;Lcom/supermartijn642/fusion/api/util/Pair;Lcom/supermartijn642/fusion/api/util/PropertyStore;)V	e603eb5a048e59386280b2c5b9d46acdcc34b732e72d64703835eb41db33d753
guard	embeddium_weighted_pick_table	net/minecraft/client/resources/model/WeightedBakedModel	<init>	(Ljava/util/List;)V	1646db2a5c3d7f579647f6b1d13c71cdb665972e395a2b49e949e4d247252d60
guard	embeddium_weighted_pick_table	org/embeddedt/embeddium/impl/mixin/features/model/WeightedBakedModelMixin	getQuads	(Lnet/minecraft/world/level/block/state/BlockState;Lnet/minecraft/core/Direction;Lnet/minecraft/util/RandomSource;Lnet/neoforged/neoforge/client/model/data/ModelData;Lnet/minecraft/client/renderer/RenderType;)Ljava/util/List;	4a744c2b32dcc6b2c39bd145ae214b883b5782047adcc0a7244226e31d8646e4
guard	embeddium_weighted_pick_table	org/embeddedt/embeddium/impl/mixin/features/model/WeightedBakedModelMixin	getRenderTypes	(Lnet/minecraft/world/level/block/state/BlockState;Lnet/minecraft/util/RandomSource;Lnet/neoforged/neoforge/client/model/data/ModelData;)Lnet/neoforged/neoforge/client/ChunkRenderTypeSet;	75d4f864f7c1679eeb664c263cfd3ae242ef99903fb6989eae3b471e330b3193
guard	embeddium_weighted_pick_table	org/embeddedt/embeddium/impl/mixin/features/model/WeightedBakedModelMixin	getAt	(Ljava/util/List;I)Lnet/minecraft/util/random/WeightedEntry;	0e6e37bed3fc82680b3deb82e25e41210e95cec7e5de86c67307422c5500ce93
guard	embeddium_weighted_pick_table	org/embeddedt/embeddium/impl/mixin/features/model/WeightedBakedModelMixin	embeddium$getInnerModel	(Lnet/minecraft/util/RandomSource;)Lnet/minecraft/client/resources/model/BakedModel;	abcb9e176c875af26b33a1cade60c239d238397a863049dd271e39fcb9bd0d43
guard	embeddium_weighted_pick_table	net/minecraft/util/random/WeightedRandom	getTotalWeight	(Ljava/util/List;)I	aacf2fb2dd646af021b0e15886295fbc23d08965c748a0bb7c226d0cbf2197c3
guard	embeddium_weighted_pick_table	net/minecraft/util/random/WeightedEntry$Wrapper	getWeight	()Lnet/minecraft/util/random/Weight;	beeda686d4eb761b29b2a6a6722f4f26bded71b706ffdff22f14da2a5940584b
guard	embeddium_weighted_pick_table	net/minecraft/util/random/Weight	asInt	()I	627493388f33f2ba0b772d2369bd75b49ce2859a0c54e838510d5de3f9a9e251
guard	embeddium_weighted_pick_table	net/minecraft/util/random/Weight	of	(I)Lnet/minecraft/util/random/Weight;	24ae884440e67dea660271e921e45319823c06515de8535abe8414ae1c310e0b
guard	emf_block_entity_type_string	traben/entity_model_features/models/animation/state/EMFEntityRenderStateViaReference	typeString	()Ljava/lang/String;	6015ae1b6a0c4a4e781f660760e8ffb68d2711eb7e1f22d4cd18b4af7cb1d244
guard	emf_block_entity_type_string	traben/entity_model_features/mixin/mixins/MixinBlockEntity	emf$getTypeString	()Ljava/lang/String;	30b1970c626aa2c7a93dbf3b594899376b14a2481bd7cbf0d7c2b616ad2eb3be
guard	emf_hierarchical_id_memo	traben/entity_model_features/EMFManager	getModelFromHierarchicalId	(Ljava/lang/String;Ljava/util/Map;)Ltraben/entity_model_features/models/parts/EMFModelPart;	2ee734eb3656844639de76e28dab4c79e7f454fdafe1682dffccd6296d196e9a
guard	emf_hierarchical_id_memo	traben/entity_model_features/EMFManager	lambda$getModelFromHierarchicalId$1	(Ljava/lang/String;Ljava/lang/String;)Z	5632208ea7782615b693749ffbc4c03afd2aa7db9e6ab53ec933e41d7ad50966
guard	emf_hierarchical_id_memo	traben/entity_model_features/EMFManager	setupAnimationsFromJemToModel	(Ltraben/entity_model_features/models/jem_objects/EMFJemData;Ltraben/entity_model_features/models/parts/EMFModelPartRoot;I)V	022cbb92517be9138df421da826f5dc990d8ffe81b7d5e4606b8ed4e442176d5
guard	emf_hierarchical_id_memo	traben/entity_model_features/models/animation/AnimSetupContext	<init>	(Ljava/lang/String;Ltraben/entity_model_features/models/animation/math/expression_tree/OldEMFAnimationHandler;Ljava/util/HashMap;)V	8d8c24327ad359ffd47259600a5b220fe654f1b6915ef731b19146045f03aafd
guard	emf_hierarchical_id_memo	traben/entity_model_features/models/animation/AnimSetupContext	close	()V	e591d2cceca156d0ccbd1a1ec821d4f8124cef8a791a10e4816985bbd5c929ba
guard	emf_hierarchical_id_memo	traben/entity_model_features/models/animation/math/variables/factories/ModelPartVariableFactory	getSupplierOrNull	(Ljava/lang/String;Ltraben/entity_model_features/models/animation/AnimSetupContext;)Ltraben/entity_model_features/models/animation/math/expression_tree/MathValue$ResultSupplier;	d452c6ac728ee87225fb57733d2479b0ec5325566dda7d22785b6794551d2fa5
guard	emf_hierarchical_id_memo	traben/entity_model_features/models/animation/math/variables/factories/ModelPartVariableFactory	getASMBoolSupplierOrNull	(Ljava/lang/String;Ltraben/entity_model_features/models/animation/AnimSetupContext;)Ljava/util/function/BooleanSupplier;	c0fc0e0805957c2fa12e4116c31135415e39c1f3f3e0158aec142b3c2bffda37
guard	emf_hierarchical_id_memo	traben/entity_model_features/models/animation/math/variables/factories/ModelPartVariableFactory	getASMFloatSupplierOrNull	(Ljava/lang/String;Ltraben/entity_model_features/models/animation/AnimSetupContext;)Ltraben/entity_model_features/models/animation/math/expression_tree/MathValue$ResultSupplier;	1e676ed5a7d01b9178eba3d8d605f9bd2ac05d57d3c5210ff2e857b03e6a5178
guard	emf_variable_index	traben/entity_model_features/models/animation/math/asm/ASMVariableHandler	<init>	()V	a0500c9e043f23c009db3bf6ad44cbf851eabc1d2b1528855f236335197a32ec
guard	emf_variable_index	traben/entity_model_features/models/animation/math/asm/ASMVariableHandler	getAndAssignVarIndex	(Ljava/lang/String;Z)I	0ade8988ea01167c17a0f33a255e54b80d94f94626ee4314352af1d8fd665078
guard	emf_variable_index	traben/entity_model_features/models/animation/math/asm/ASMVariableHandler	verifyEndOfParse	()V	c88b60c3bb16b0072e78197b8dd4c3211074cbd16443af9d7f595f6f41a78838
guard	emf_variable_index	traben/entity_model_features/models/animation/math/asm/ASMVariableHandler	getFloatVarList	()Ljava/util/List;	9a371471011eb371003b685901b36c42c72d941a2e606e66da4b7b994f9a7e87
guard	emf_variable_index	traben/entity_model_features/models/animation/math/asm/ASMVariableHandler	getBoolVarList	()Ljava/util/List;	e6dd4e77fb612aaebbf95c5ee64dffeac20bca93106b1d65cfea82b972114aae
guard	emf_variable_index	traben/entity_model_features/models/animation/math/asm/ASMAnimationHandler	buildFloatConsumers	()Ljava/util/List;	f1270fa4f9b9462efa4fb73d26186a3922121a757489b1249af9bae556a3d5fe
guard	emf_variable_index	traben/entity_model_features/models/animation/math/asm/ASMAnimationHandler	buildBoolConsumers	()Ljava/util/List;	86463dfeceacb84981d6379d0add6eef407416bb4d8b85a4ab009660efb9575f
guard	emf_variable_index	traben/entity_model_features/models/animation/math/asm/ASMAnimationHandler	buildVarSupplier	(Ltraben/entity_model_features/models/animation/math/asm/ASMVariableHandler;Ltraben/entity_model_features/models/animation/AnimSetupContext;)Ljava/util/function/Supplier;	4851dba8049de9c91a3ee4aac2dfd875d594c4173d3588b599ef49806c22e082
guard	emf_variable_index	traben/entity_model_features/models/animation/math/asm/ASMAnimationHandler	asmLog	(Ltraben/entity_model_features/models/animation/math/asm/ASMVariableHandler;Ltraben/entity_model_features/models/animation/math/asm/ASMAnimationHandler$AnimVars;Ljava/lang/String;)V	1ef8f9bc47163d50f33885aaf80bda61815af436c53e4fd7a682ba79484dd882
guard	emf_variable_index	traben/entity_model_features/models/animation/math/asm/ASMParser	compileOrNull	(Ljava/util/LinkedHashMap;Ltraben/entity_model_features/models/animation/math/asm/ASMVariableHandler;)Ltraben/entity_model_features/models/animation/math/asm/ASMParser$ASMExecutor;	c6fb7287cf34839e5d21b1aec2ff701f3cda79a248dc134062cdb20890ba58cb
guard	entityculling_dirty_cache_reset	com/logisticscraft/occlusionculling/cache/ArrayOcclusionCache	resetCache	()V	ecac245c6f0ba5884122933a3a4fea2b8e81bd877d9c7d631dc76c0fdbad25a1
guard	entityculling_dirty_cache_reset	com/logisticscraft/occlusionculling/cache/ArrayOcclusionCache	setVisible	(III)V	c9f2f184f92c4a6bdf02a171021d63557671ac0b69ad7be399ec8439abf462de
guard	entityculling_dirty_cache_reset	com/logisticscraft/occlusionculling/cache/ArrayOcclusionCache	setHidden	(III)V	5cd63275477b66f7726acaea046af6118160dd4a817bed3e1884bcde34639046
guard	entityculling_dirty_cache_reset	com/logisticscraft/occlusionculling/cache/ArrayOcclusionCache	getState	(III)I	cf8ffab7370ef01a6553779166deae701a99dec240572952676745e5e1e16425
guard	entityculling_dirty_cache_reset	com/logisticscraft/occlusionculling/cache/ArrayOcclusionCache	setLastVisible	()V	5664b4c54048f9b395ad516cb74565d84e4116d47a35835aa52bdafb696b89ad
guard	entityculling_dirty_cache_reset	com/logisticscraft/occlusionculling/cache/ArrayOcclusionCache	setLastHidden	()V	03f393c6a39b46d9dd066442a55bdac54674feb75ae8078c90eb51cc3f705cda
guard	entityculling_dirty_cache_reset	com/logisticscraft/occlusionculling/cache/ArrayOcclusionCache	<init>	(I)V	27c8e23ae9f663df11ed04a00e982109151789bb4fc5874d98638ccdb55c2f86
guard	entityculling_dirty_cache_reset	com/logisticscraft/occlusionculling/cache/ArrayOcclusionCache	*		d13eda601ed8d495f9ece6f6f03702a3fe1f8343f2b23c0a007b71fe4853872e
guard	etf_sprite_texture_id_memo	net/minecraft/client/resources/model/Material	buffer	(Lnet/minecraft/client/renderer/MultiBufferSource;Ljava/util/function/Function;)Lcom/mojang/blaze3d/vertex/VertexConsumer;	f841b11f4c4fa4ecd0f42912174fcc6813b6f298c668e5e74a972f2f8c0029f2
guard	etf_sprite_texture_id_memo	traben/entity_texture_features/mixin/mixins/MixinSpriteIdentifier	etf$modifyIfRequired	(Lorg/spongepowered/asm/mixin/injection/callback/CallbackInfoReturnable;Lnet/minecraft/client/renderer/MultiBufferSource;Ljava/util/function/Function;)V	279c368170dc9fabe72da2c3d87e97865f3bc93e16c3ea59c37956aa81890943
guard	etf_sprite_texture_id_memo	traben/entity_texture_features/utils/ETFUtils2	res	(Ljava/lang/String;Ljava/lang/String;)Lnet/minecraft/resources/ResourceLocation;	25c56d8d70e053d7080a6a098e97d4ad7a44aaba6aaccb4c70af532149c278a4
guard	forge_render_layer_memo	net/minecraft/client/renderer/ItemBlockRenderTypes	getRenderLayers	(Lnet/minecraft/world/level/block/state/BlockState;)Lnet/neoforged/neoforge/client/ChunkRenderTypeSet;	fa29e9a862a3cc3bad40eca41985845a4a744475c86c142f6299d4300ec2c516
guard	forge_render_layer_memo	net/minecraft/client/renderer/ItemBlockRenderTypes	setRenderLayer	(Lnet/minecraft/world/level/block/Block;Lnet/neoforged/neoforge/client/ChunkRenderTypeSet;)V	cc843983bda753ad4726236a018f3f0d7e44d3f87781a328654a374e74ad7c7b
guard	forge_render_layer_memo	net/irisshaders/iris/mixin/MixinItemBlockRenderTypes	iris$setCustomRenderType	(Lnet/minecraft/world/level/block/state/BlockState;Lorg/spongepowered/asm/mixin/injection/callback/CallbackInfoReturnable;)V	8ea74d0e40e16433c08a5eeadad359aa4700eefccdd32d42715697b17ea15c28
guard	forge_render_layer_memo	net/irisshaders/iris/shaderpack/materialmap/WorldRenderingSettings	getBlockTypeIds	()Ljava/util/Map;	b96e6fc06cb27788cc7d61bbdc2b817059ee7cd758869226f690792b3875098c
guard	forge_render_layer_memo	net/irisshaders/iris/shaderpack/materialmap/WorldRenderingSettings	setBlockTypeIds	(Ljava/util/Map;)V	6901d55cdf790c02a7be081fa9b378c90886f3965aa5ed0154319f74772111c5
guard	fowlplay_air_targets_loaded_only	aqario/fowlplay/common/util/TargetingUtils	<init>	()V	d7b774df801c21c02a08c85f9fb7a2e8699a68f07fbdaabc87803a3aa1b9b35f
guard	fowlplay_air_targets_loaded_only	aqario/fowlplay/common/util/TargetingUtils	tryFindAir	(Laqario/fowlplay/common/entity/bird/FlyingBirdEntity;Laqario/fowlplay/common/util/CylindricalRadius;Lnet/minecraft/core/BlockPos;)Lnet/minecraft/core/BlockPos;	b03df110b05ef3058642a09bcaf05fadeca7c27e5a703e845ae30bb4d4db3b8d
guard	fowlplay_air_targets_loaded_only	aqario/fowlplay/common/util/TargetingUtils	tryFindWater	(Lnet/minecraft/world/entity/PathfinderMob;Laqario/fowlplay/common/util/CylindricalRadius;Lnet/minecraft/core/BlockPos;)Lnet/minecraft/core/BlockPos;	8b5e7c8922d08be357f23331b724bce1ce7894dad6ef6ab7ee42ce50cebc5e76
guard	fowlplay_air_targets_loaded_only	aqario/fowlplay/common/util/TargetingUtils	tryFindNonAir	(Lnet/minecraft/world/entity/PathfinderMob;Laqario/fowlplay/common/util/CylindricalRadius;Lnet/minecraft/core/BlockPos;)Lnet/minecraft/core/BlockPos;	2cd2f769c722e1f39901f805630aa5206b03a884a8eaed9428ac9bcffe1a4b26
guard	fowlplay_air_targets_loaded_only	aqario/fowlplay/common/util/TargetingUtils	tryFindGround	(Lnet/minecraft/world/entity/PathfinderMob;Laqario/fowlplay/common/util/CylindricalRadius;Lnet/minecraft/core/BlockPos;)Lnet/minecraft/core/BlockPos;	8a79eb295de7f089f1f7713d565af7ce3042f91fa11918b6f57a08d7ac163ac2
guard	fowlplay_air_targets_loaded_only	aqario/fowlplay/common/util/TargetingUtils	tryFindPerch	(Lnet/minecraft/world/entity/PathfinderMob;Laqario/fowlplay/common/util/CylindricalRadius;Lnet/minecraft/core/BlockPos;)Lnet/minecraft/core/BlockPos;	8052a9e8dc251e69a60f100352af5af46fa6ae664d461368dcf9a1e1a9fe793c
guard	fowlplay_air_targets_loaded_only	aqario/fowlplay/common/util/TargetingUtils	findSurfacePosition	(Lnet/minecraft/world/entity/PathfinderMob;Lnet/minecraft/core/BlockPos;Laqario/fowlplay/common/util/CylindricalRadius;Lnet/minecraft/world/level/levelgen/Heightmap$Types;ILjava/util/function/Predicate;)Lnet/minecraft/core/BlockPos;	131f322f6644b45c3777bb8014f25347eab1e30cd181c287d79c413eb920ae8c
guard	fowlplay_air_targets_loaded_only	aqario/fowlplay/common/util/TargetingUtils	validateBlockPos	(Lnet/minecraft/world/entity/PathfinderMob;Lnet/minecraft/core/BlockPos;Laqario/fowlplay/common/util/CylindricalRadius;)Lnet/minecraft/core/BlockPos;	c7c4f917323bea00ea3021b0963be8ae4c4f2d0cf8087bbb9043d6441a0f883e
guard	fowlplay_air_targets_loaded_only	aqario/fowlplay/common/util/TargetingUtils	validatePos	(Lnet/minecraft/world/entity/PathfinderMob;Lnet/minecraft/core/BlockPos;Laqario/fowlplay/common/util/CylindricalRadius;)Lnet/minecraft/world/phys/Vec3;	2cfea74ce067e9834df2499f1d7a9d953fe3c572d9d26361f57a8539fb71ff64
guard	fowlplay_air_targets_loaded_only	aqario/fowlplay/common/util/TargetingUtils	shiftPosTowardsFlyHeightRange	(Laqario/fowlplay/common/entity/bird/FlyingBirdEntity;Lnet/minecraft/core/BlockPos;)Lnet/minecraft/core/BlockPos;	15aa21a280e5a063aca0f468cd576958b79f323fb41b0552c6e191392e4467ea
guard	fowlplay_air_targets_loaded_only	aqario/fowlplay/common/util/TargetingUtils	isPerch	(Lnet/minecraft/world/entity/PathfinderMob;Lnet/minecraft/core/BlockPos;)Z	25cd874afd65042ebf3daf991e2ed97799ed2a52c3c534d95df8e0301418d6ae
guard	fowlplay_air_targets_loaded_only	aqario/fowlplay/common/util/TargetingUtils	isPositionNonAir	(Lnet/minecraft/world/entity/PathfinderMob;Lnet/minecraft/core/BlockPos;)Z	ecf21ad7878689035d14ead472c4e5fdfa43b9d1048e7e3cba4157ee05e94676
guard	fowlplay_air_targets_loaded_only	aqario/fowlplay/common/util/TargetingUtils	isPositionGrounded	(Lnet/minecraft/world/entity/PathfinderMob;Lnet/minecraft/core/BlockPos;)Z	3f322af4ff7c210a8f0fd2fcd6f534a552754e03111a1adb960fcdaf4eca083c
guard	fowlplay_air_targets_loaded_only	aqario/fowlplay/common/util/TargetingUtils	isFullBlockAt	(Lnet/minecraft/world/entity/PathfinderMob;Lnet/minecraft/core/BlockPos;)Z	b3c10a99ffc42944522cbd6d591a273ea894f90944fcecd5d925b0af58cf3dd5
guard	fowlplay_air_targets_loaded_only	aqario/fowlplay/common/util/TargetingUtils	isWithinAngle	(Lnet/minecraft/world/phys/Vec3;Lnet/minecraft/world/phys/Vec3;D)Z	94ebe2ecdc9f24ea40eee84e252b7afd289f1a67c856f63c861fe188503ac86a
guard	fowlplay_air_targets_loaded_only	aqario/fowlplay/common/util/TargetingUtils	isPosWithinViewAngle	(Lnet/minecraft/world/entity/PathfinderMob;Lnet/minecraft/core/BlockPos;D)Z	f2e3818a10a8249be5ff3e4727f6326a0a0d833fcc71166f2adc35c31f490d32
guard	fowlplay_air_targets_loaded_only	aqario/fowlplay/common/util/TargetingUtils	lambda$tryFindPerch$4	(Lnet/minecraft/world/entity/PathfinderMob;Lnet/minecraft/core/BlockPos;)Z	dd54c474acd808b544643d4377d34146be37a932a78865d96881072ea39703a0
guard	fowlplay_air_targets_loaded_only	aqario/fowlplay/common/util/TargetingUtils	lambda$tryFindGround$3	(Lnet/minecraft/world/entity/PathfinderMob;Lnet/minecraft/core/BlockPos;)Z	4d4e0829d22716de2225690198023ad3c8438fb770b6aea2de6b1bfc7524bda2
guard	fowlplay_air_targets_loaded_only	aqario/fowlplay/common/util/TargetingUtils	lambda$tryFindNonAir$2	(Lnet/minecraft/world/entity/PathfinderMob;Lnet/minecraft/core/BlockPos;)Z	912fa99f812290300147d5d2c334bfcb6e5055b5877f32cf7e92ae550b3c3645
guard	fowlplay_air_targets_loaded_only	aqario/fowlplay/common/util/TargetingUtils	lambda$tryFindWater$1	(Lnet/minecraft/world/entity/PathfinderMob;Lnet/minecraft/core/BlockPos;)Z	912fa99f812290300147d5d2c334bfcb6e5055b5877f32cf7e92ae550b3c3645
guard	fowlplay_air_targets_loaded_only	aqario/fowlplay/common/util/TargetingUtils	lambda$tryFindAir$0	(Laqario/fowlplay/common/entity/bird/FlyingBirdEntity;Lnet/minecraft/core/BlockPos;)Z	912fa99f812290300147d5d2c334bfcb6e5055b5877f32cf7e92ae550b3c3645
guard	fowlplay_flock_vectors	aqario/fowlplay/common/entity/ai/brain/behaviour/GuidedFlocking	getHeading	(Laqario/fowlplay/common/entity/bird/FlyingBirdEntity;)Lnet/minecraft/world/phys/Vec3;	fd309d32979a4c3d2158f8bbd3ba4ade3a113682d895b50628e0a462c35b7dab
guard	fowlplay_flock_vectors	aqario/fowlplay/common/entity/ai/brain/behaviour/LeaderlessFlocking	getHeading	(Laqario/fowlplay/common/entity/bird/FlyingBirdEntity;)Lnet/minecraft/world/phys/Vec3;	137ac53bdd164eeff9927584e4a6e1551b3e9ba59c32428117248bf5fdb40ba8
guard	fusion_chunk_layer_id	com/supermartijn642/fusion/util/ChunkRenderTypeHelper	isChunkRenderType	(Lnet/minecraft/client/renderer/RenderType;)Z	34f977e0cbf23943fdd486232288afc8b825601d9d8e7961ff4d62a195c81cd9
guard	fusion_chunk_layer_id	com/supermartijn642/fusion/util/ChunkRenderTypeHelper	getId	(Lnet/minecraft/client/renderer/RenderType;)I	08f4b4aaa7ff108894179868083eea5af6cae437b331a70068465d69d6f005f4
guard	fusion_chunk_layer_id	com/supermartijn642/fusion/util/ChunkRenderTypeHelper	<clinit>	()V	f799de710bf40d85c2e5356c5c918eac646701b8978279471950995f49b06eec
guard	fusion_chunk_layer_id	net/minecraft/client/renderer/RenderType	getChunkLayerId	()I	61fb8592866a2b957b03ee38036fb37da3553a30ba3d3d41c04ed90224d42150
guard	fusion_chunk_layer_id	net/minecraft/client/renderer/RenderType	chunkBufferLayers	()Ljava/util/List;	a4309e3c6311eaf8a0787003d9f3205b00781f462ba65073f74dc837298ace52
guard	fusion_chunk_layer_id	net/minecraft/client/renderer/RenderType	<clinit>	()V	df50a13b128d60c17f12a4c49e0d08c46b816b7479901d4a8624df6bbef0b9f9
guard	fusion_connection_lookups	com/supermartijn642/fusion/texture/types/connecting/ConnectingTextureType$QuadPredicatesKey	hashCode	()I	51bffa8a2b07e0a8349a41523d9215f66158a06ed1482610654bf0ed3a390d28
guard	fusion_connection_lookups	com/supermartijn642/fusion/texture/types/connecting/ConnectingTextureType$QuadPredicatesKey	equals	(Ljava/lang/Object;)Z	7cbbf255ea85ebe8970eeb6d60febd8b9cb6db3b823334009d4bc83f6b533c6a
guard	fusion_connection_lookups	com/supermartijn642/fusion/texture/types/connecting/ConnectingTextureType$QuadPredicatesKey	<init>	(Lnet/minecraft/core/Direction;Lcom/supermartijn642/fusion/texture/types/connecting/TextureOrientation;Lcom/supermartijn642/fusion/api/texture/types/connecting/predicates/ConnectionPredicate;)V	0a49b3f66a0b0d02ee8d94b07a197355067dca0636840b081c8b423492091364
guard	fusion_connection_lookups	com/supermartijn642/fusion/texture/types/connecting/predicates/MatchBlockConnectionPredicate	<init>	(Ljava/util/Collection;)V	7c55383afe661f8e1acf16b1b01a50b4d0773eb7999e95a33f5e2504315ad32c
guard	fusion_connection_lookups	com/supermartijn642/fusion/texture/types/connecting/predicates/MatchBlockConnectionPredicate	shouldConnect	(Lnet/minecraft/core/Direction;Lnet/minecraft/world/level/block/state/BlockState;Lnet/minecraft/world/level/block/state/BlockState;Lnet/minecraft/world/level/block/state/BlockState;Lcom/supermartijn642/fusion/api/texture/types/connecting/predicates/ConnectionDirection;)Z	2991daa0c68ae92c9916d0af56b48c5801726df7767fe3723cd9cbc1ab9ff01a
guard	geckolib_animation_hashes	software/bernie/geckolib/animation/keyframe/Keyframe	hashCode	()I	d787fb5b503c8f989194972d7d71df2bd9d1ea7211413c0577ee2fa37266511d
guard	geckolib_animation_hashes	software/bernie/geckolib/animation/RawAnimation	hashCode	()I	8fc34a790b9a72c87a4f0f0a4f94cec9f3aef94596479cebe16efb4ee0f7e59f
guard	geckolib_keyframe_locals	software/bernie/geckolib/animation/AnimationController	getAnimationPointAtTick	(Ljava/util/List;DZLnet/minecraft/core/Direction$Axis;)Lsoftware/bernie/geckolib/animation/keyframe/AnimationPoint;	9c52df1769b4125627407eeb29fbd6c6c8864c0a881892d9da95b35b9958b6cb
guard	geckolib_keyframe_locals	software/bernie/geckolib/animation/AnimationController	getCurrentKeyFrameLocation	(Ljava/util/List;D)Lsoftware/bernie/geckolib/animation/keyframe/KeyframeLocation;	e9ac2394d0ed4626ea6f43754cd67a3025d7dc0927902ee4564a55cd8d7aa39c
guard	geckolib_primitive_easing	software/bernie/geckolib/animation/EasingType	apply	(Lsoftware/bernie/geckolib/animation/keyframe/AnimationPoint;Ljava/lang/Double;D)D	a045990c1a358e0da83193cf8df832c44c35c564e4e59f477b4e7eff300f375e
guard	geckolib_primitive_easing	software/bernie/geckolib/animation/EasingType	easeOut	(Lit/unimi/dsi/fastutil/doubles/Double2DoubleFunction;)Lit/unimi/dsi/fastutil/doubles/Double2DoubleFunction;	4ced37966adbaa0ad5b48880f44699fc45fda4362b89e9368d415c7b714e8d11
guard	geckolib_primitive_easing	software/bernie/geckolib/animation/EasingType	easeInOut	(Lit/unimi/dsi/fastutil/doubles/Double2DoubleFunction;)Lit/unimi/dsi/fastutil/doubles/Double2DoubleFunction;	0290eb1e0b2c563d0cb07b041a0e765faa4012fba6b05998bb47a13526d31c6b
guard	geckolib_primitive_easing	software/bernie/geckolib/animation/EasingType	stepPositive	(Lit/unimi/dsi/fastutil/doubles/Double2DoubleFunction;)Lit/unimi/dsi/fastutil/doubles/Double2DoubleFunction;	7bdffe37e45ad6529dbdd4c761038b35773647cf3ee3007a0196c7aac917bc9d
guard	geckolib_primitive_easing	software/bernie/geckolib/animation/EasingType	stepNonNegative	(Lit/unimi/dsi/fastutil/doubles/Double2DoubleFunction;)Lit/unimi/dsi/fastutil/doubles/Double2DoubleFunction;	ca4b1b51561670a4d2fdf89bc6095e8273f5b14caa0c99a08fa413c0e6a7a936
guard	geckolib_primitive_easing	software/bernie/geckolib/animation/EasingType	elastic	(Ljava/lang/Double;)Lit/unimi/dsi/fastutil/doubles/Double2DoubleFunction;	17919919274ae389d036cc45edaa7b055bdd05c07c188baf38d22530a3def4e6
guard	geckolib_primitive_easing	software/bernie/geckolib/animation/EasingType	bounce	(Ljava/lang/Double;)Lit/unimi/dsi/fastutil/doubles/Double2DoubleFunction;	0845ade7bee41e79cc89769f43a5a657efa8d3f0b01c4998909743a5c9a230c9
guard	geckolib_primitive_easing	software/bernie/geckolib/animation/EasingType	back	(Ljava/lang/Double;)Lit/unimi/dsi/fastutil/doubles/Double2DoubleFunction;	4fbf9e9680f95f49dec4d29f48a514abec15d2c9d19d6291aa8287cb4a13a076
guard	geckolib_primitive_easing	software/bernie/geckolib/animation/EasingType	pow	(D)Lit/unimi/dsi/fastutil/doubles/Double2DoubleFunction;	cbded3de9137f390af8ea32b0613c1716016a9aee4915eb414e0d86fc7f680b8
guard	geckolib_primitive_easing	software/bernie/geckolib/animation/EasingType	step	(Ljava/lang/Double;)Lit/unimi/dsi/fastutil/doubles/Double2DoubleFunction;	3435aa8ecd297de1f41e746fcc1db0082b5292fd3c79b91f30cb3c102add7ccd
guard	geckolib_primitive_easing	software/bernie/geckolib/animation/EasingType	lambda$easeOut$32	(Lit/unimi/dsi/fastutil/doubles/Double2DoubleFunction;D)D	7212e5ed2dd4ec536c15d4b34826d7ca406a566ccbfa3168a020f5a57d4e9c6d
guard	geckolib_primitive_easing	software/bernie/geckolib/animation/EasingType	lambda$easeInOut$33	(Lit/unimi/dsi/fastutil/doubles/Double2DoubleFunction;D)D	eb6e92a503d3937c4a83b44a006d0513d2d33fd59db5b10540de3e3c7926a89f
guard	geckolib_primitive_easing	software/bernie/geckolib/animation/EasingType	lambda$stepPositive$34	(D)D	59b82be990d7295f8e4a9ec832a1faa9c955a5ee668c0736f59074efc43a9579
guard	geckolib_primitive_easing	software/bernie/geckolib/animation/EasingType	lambda$stepNonNegative$35	(D)D	6f831c5ebbb459006a65f6317ed5de07917382cec31f6275627f4192250cb340
guard	geckolib_primitive_easing	software/bernie/geckolib/animation/EasingType	lambda$elastic$36	(DD)D	39b698bcd09b6a3bdfa1e26f0c095c3576ffc650dfb4a9dc5480ad1b347cb747
guard	geckolib_primitive_easing	software/bernie/geckolib/animation/EasingType	lambda$bounce$37	(D)D	ef189a69eaa29545a0447ac05ed37f175d136f4fcd246479c0bb9e251f7c25f7
guard	geckolib_primitive_easing	software/bernie/geckolib/animation/EasingType	lambda$bounce$38	(DD)D	270a116278ee9c2d9e62273dc5090f91823128cae3cc9ecb12c7b0a87d8f299a
guard	geckolib_primitive_easing	software/bernie/geckolib/animation/EasingType	lambda$bounce$39	(DD)D	6d694cc574f9afad8b87a8f22701140f8ca41cba374ec7df236eee1e9a59463a
guard	geckolib_primitive_easing	software/bernie/geckolib/animation/EasingType	lambda$bounce$40	(DD)D	04ebfbd880a122044f9f309b4178c0c0f94dfa7d79a5e0806b6b3282596406f9
guard	geckolib_primitive_easing	software/bernie/geckolib/animation/EasingType	lambda$bounce$41	(Lit/unimi/dsi/fastutil/doubles/Double2DoubleFunction;Lit/unimi/dsi/fastutil/doubles/Double2DoubleFunction;Lit/unimi/dsi/fastutil/doubles/Double2DoubleFunction;Lit/unimi/dsi/fastutil/doubles/Double2DoubleFunction;D)D	b98f012d4dd8c3d1c162c9a877ae1e9e95090d717b5918b8d39244c86f3374b5
guard	geckolib_primitive_easing	software/bernie/geckolib/animation/EasingType	lambda$back$42	(DD)D	2d68a5d70a4b5b3673e3dffeddbafbf3dcf754421b8349b8801a84edc5e7d389
guard	geckolib_primitive_easing	software/bernie/geckolib/animation/EasingType	lambda$pow$43	(DD)D	40f5d5c25ada9ed41dbe2466a8a7e8f41e6ccc98e51e29dfb1b1dd37e00acc10
guard	geckolib_primitive_easing	software/bernie/geckolib/animation/EasingType	lambda$step$44	(ID)D	ec54fb58ce9d124ed25aa616f585bab0d041fc177daeea0d5b90d00b36607c5e
guard	geckolib_primitive_easing	software/bernie/geckolib/animation/EasingType	lambda$static$0	(Ljava/lang/Double;)Lit/unimi/dsi/fastutil/doubles/Double2DoubleFunction;	dfbdefc2c9942fcebfe809116d30074c6b1e70b8826fcafc71916b2d0cd93878
guard	geckolib_primitive_easing	software/bernie/geckolib/animation/EasingType	lambda$static$2	(Ljava/lang/Double;)Lit/unimi/dsi/fastutil/doubles/Double2DoubleFunction;	9f92e8afd13995a4b94a49abc9bf061998cd65d78cec83f38cc4ba07c5cc4307
guard	geckolib_primitive_easing	software/bernie/geckolib/animation/EasingType	lambda$static$3	(Ljava/lang/Double;)Lit/unimi/dsi/fastutil/doubles/Double2DoubleFunction;	2dd525be66a028bbd6fcb28da3e3aeeafa75f81f0696516552bf0d63f213aea5
guard	geckolib_primitive_easing	software/bernie/geckolib/animation/EasingType	lambda$static$4	(Ljava/lang/Double;)Lit/unimi/dsi/fastutil/doubles/Double2DoubleFunction;	645064835c9310631c9a0794dafe8425786d950501b279510f252bdc9b1879f3
guard	geckolib_primitive_easing	software/bernie/geckolib/animation/EasingType	lambda$static$5	(Ljava/lang/Double;)Lit/unimi/dsi/fastutil/doubles/Double2DoubleFunction;	3cc5b94a983908187e661ce53b97a870c0955f43e14768bb889a4d700082de0b
guard	geckolib_primitive_easing	software/bernie/geckolib/animation/EasingType	lambda$static$6	(Ljava/lang/Double;)Lit/unimi/dsi/fastutil/doubles/Double2DoubleFunction;	9cd8c1a36d53efc0e359ac49257a0d336d59dceab403db34c7036699a78113d9
guard	geckolib_primitive_easing	software/bernie/geckolib/animation/EasingType	lambda$static$7	(Ljava/lang/Double;)Lit/unimi/dsi/fastutil/doubles/Double2DoubleFunction;	3c2542c76abc5a2d66df25c95b5326a21df49655e0ac3f84d238e456b7bd6a09
guard	geckolib_primitive_easing	software/bernie/geckolib/animation/EasingType	lambda$static$8	(Ljava/lang/Double;)Lit/unimi/dsi/fastutil/doubles/Double2DoubleFunction;	b324597f87e9905a27bb00f2f33a5edb4c5e7ba4f7b8f0a45c323f58f88e5415
guard	geckolib_primitive_easing	software/bernie/geckolib/animation/EasingType	lambda$static$9	(Ljava/lang/Double;)Lit/unimi/dsi/fastutil/doubles/Double2DoubleFunction;	c48b9d119feaf8923a0d77ee39e68fa060a028b5af98c10803cef2a2196039ff
guard	geckolib_primitive_easing	software/bernie/geckolib/animation/EasingType	lambda$static$10	(Ljava/lang/Double;)Lit/unimi/dsi/fastutil/doubles/Double2DoubleFunction;	8edea784142d31bb96d6c2f8b9f190ed893f19d0c27bea356a39e317e4db6fb1
guard	geckolib_primitive_easing	software/bernie/geckolib/animation/EasingType	lambda$static$17	(Ljava/lang/Double;)Lit/unimi/dsi/fastutil/doubles/Double2DoubleFunction;	9b458940d43f7d88119efea8fb10350772806df9dc2514769d2040bad1e47f59
guard	geckolib_primitive_easing	software/bernie/geckolib/animation/EasingType	lambda$static$18	(Ljava/lang/Double;)Lit/unimi/dsi/fastutil/doubles/Double2DoubleFunction;	af61900ccc5440b1338195ba06cab20d29faa11129a9d03df7e674f331343616
guard	geckolib_primitive_easing	software/bernie/geckolib/animation/EasingType	lambda$static$19	(Ljava/lang/Double;)Lit/unimi/dsi/fastutil/doubles/Double2DoubleFunction;	61f7cde66cd0b9ee7255241da4548bad769203142c0e1cdbd32ab923237534df
guard	geckolib_primitive_easing	software/bernie/geckolib/animation/EasingType	lambda$static$20	(Ljava/lang/Double;)Lit/unimi/dsi/fastutil/doubles/Double2DoubleFunction;	3ebc32b10585419dd92759f1ef26b634e80489c01477763c11f0cb7708f2e032
guard	geckolib_primitive_easing	software/bernie/geckolib/animation/EasingType	lambda$static$21	(Ljava/lang/Double;)Lit/unimi/dsi/fastutil/doubles/Double2DoubleFunction;	b6be45aac67516c724b5622a6177a821775ad63de332e19b27d02d5bcc6b5712
guard	geckolib_primitive_easing	software/bernie/geckolib/animation/EasingType	lambda$static$22	(Ljava/lang/Double;)Lit/unimi/dsi/fastutil/doubles/Double2DoubleFunction;	bd5672a783ccacd114ce3b018ba53b0d7bfe8ad8fef8aa6751261d20159e736b
guard	hostilevillages_distant_generation_queue	com/hostilevillages/event/EventHandler	<init>	()V	d7b774df801c21c02a08c85f9fb7a2e8699a68f07fbdaabc87803a3aa1b9b35f
guard	hostilevillages_distant_generation_queue	com/hostilevillages/event/EventHandler	onEntityAdd	(Lnet/neoforged/neoforge/event/entity/EntityJoinLevelEvent;)V	54800d3d5abff4b237f11f6917f14c2bfa732e51980c656715042f05e9e231a0
guard	hostilevillages_distant_generation_queue	com/hostilevillages/event/EventHandler	replaceEntityOnSpawn	(Lnet/minecraft/world/entity/Entity;Lnet/minecraft/world/level/ServerLevelAccessor;)Z	45ac8f84f78fa928d660de1f6a0f9114325d343d694cdcdf4c577ec1a3e47016
guard	hostilevillages_distant_generation_queue	com/hostilevillages/event/EventHandler	addToWorld	(Lnet/neoforged/neoforge/event/tick/LevelTickEvent$Post;)V	41e69a0e0ff457b3a6660604157ec92b92faf7d322fbef577c3662f1d5f638d5
guard	hostilevillages_distant_generation_queue	com/hostilevillages/event/EventHandler	<clinit>	()V	89308f2f98e0deddade99415f0c917fa80830ed6342dccc6339be1e48898f9d4
guard	hostilevillages_pending_chunk_queue	com/hostilevillages/event/EventHandler	addToWorld	(Lnet/neoforged/neoforge/event/tick/LevelTickEvent$Post;)V	41e69a0e0ff457b3a6660604157ec92b92faf7d322fbef577c3662f1d5f638d5
guard	hostilevillages_pending_chunk_queue	com/hostilevillages/event/EventHandler	<clinit>	()V	89308f2f98e0deddade99415f0c917fa80830ed6342dccc6339be1e48898f9d4
guard	hostilevillages_pending_chunk_queue	com/hostilevillages/event/EventHandler	replaceEntityOnSpawn	(Lnet/minecraft/world/entity/Entity;Lnet/minecraft/world/level/ServerLevelAccessor;)Z	45ac8f84f78fa928d660de1f6a0f9114325d343d694cdcdf4c577ec1a3e47016
guard	hostilevillages_pending_chunk_queue	com/hostilevillages/RandomVillageDataSet	onEntitySpawn	(Lnet/minecraft/world/entity/Mob;Lnet/minecraft/world/level/ServerLevelAccessor;)V	616852bfd8ebdb67b5da28030f03d599f582df68ebd674b5d75b457e8b0526d6
guard	immediatelyfast_known_core_shaders	net/raphimc/immediatelyfast/injection/mixins/core/compat/MixinGameRenderer	checkForCoreShaderModifications	(Lnet/minecraft/server/packs/resources/ResourceProvider;Lorg/spongepowered/asm/mixin/injection/callback/CallbackInfo;)V	2639e6d48c9713930cf6bf97e5ece86fc377d433cc27fb3546074435a40684f4
guard	immediatelyfast_known_core_shaders	net/raphimc/immediatelyfast/compat/CoreShaderBlacklist	isBlacklisted	(Ljava/lang/String;)Z	b6d75bb75c2a7ca4a1f20769f65aedd26f746d6f101d892ff00ee383d79f6daf
guard	immediatelyfast_known_core_shaders	net/raphimc/immediatelyfast/compat/CoreShaderBlacklist	<clinit>	()V	3e4a275ef2aac8c10b613ae946ad10da2a87d5e89c4f5e972636469dda69dd12
guard	immediatelyfast_offset_layer_prefixes	net/raphimc/immediatelyfast/feature/core/BatchableBufferSource	getLayerOrder	(Lnet/minecraft/client/renderer/RenderType;)I	6d1bc800d3bb2928c6a6dc040e2741cd2dc42e31dfe403a39f613158524960b3
guard	jei_typed_stack_cache	mezz/jei/common/ingredients/itemStacks/TypedItemStack	getIngredient	()Lnet/minecraft/world/item/ItemStack;	b92f60e8cf592a0b43743bbdf3fc73a0ab227f1b1031e85c000f8709ee37ea37
guard	jei_typed_stack_cache	mezz/jei/common/ingredients/itemStacks/TypedItemStack	<clinit>	()V	b0d05f0d1a534adf162660431692560bb6a1f33070df87bd96bdff379404b66d
guard	jei_typed_stack_cache	mezz/jei/common/ingredients/itemStacks/TypedItemStack$1	load	(Lmezz/jei/common/ingredients/itemStacks/TypedItemStack;)Lnet/minecraft/world/item/ItemStack;	ebe613185ae6f0bcab2470f77528b7373517ecec5fea645f4cc3c365ed41ce1b
guard	jei_typed_stack_cache	mezz/jei/common/ingredients/itemStacks/TypedItemStack$1	load	(Ljava/lang/Object;)Ljava/lang/Object;	a69cc2fae1fb8aee28d88750169cb1a7035af6e361f797971246166ea1d3ffbb
guard	modernfix_c2me_cache_strongholds	org/embeddedt/modernfix/core/config/ModernFixEarlyConfig	<init>	(Ljava/io/File;)V	bd9f0fd3915ff09e133a3cdbc2626c2c055beeba965ac50bfd2e8530c82a6f4c
guard	modernfix_c2me_cache_strongholds	org/embeddedt/modernfix/core/config/Option	addModOverride	(Ljava/lang/Object;Ljava/lang/String;)V	9953a3f74dfd929328510a6af4e43fcdd0b1f1d006f44dbec793b086056e3578
guard	modernfix_c2me_cache_strongholds	org/embeddedt/modernfix/core/ModernFixMixinPlugin	shouldApplyMixin	(Ljava/lang/String;Ljava/lang/String;)Z	cec02e42e4428122050624e01b5a9e2367a1b35e553de64733bd66107cb90138
guard	modernfix_c2me_cache_strongholds	org/embeddedt/modernfix/core/ModernFixMixinPlugin	isOptionEnabled	(Ljava/lang/String;)Z	a3b8dd9f93c8089c08204bb5bbee4056999b62ee2162097c36849c5ad4f21caa
guard	modernfix_c2me_cache_strongholds	org/embeddedt/modernfix/common/mixin/perf/cache_strongholds/ChunkGeneratorMixin	*		f232f09202548ca45c71ea7df58c5a805ad62b1d5019c8fd3202c0c232a2b0c7
guard	modernfix_c2me_cache_strongholds	org/embeddedt/modernfix/common/mixin/perf/cache_strongholds/ServerLevelMixin	*		c9b49540dc39d10a7153b6e64f547e8130277bf49c5b81d51ee6233801e7eb18
guard	oculus_dh_instance_lookup	net/irisshaders/iris/compat/dh/LodRendererEvents	getInstance	()Lnet/irisshaders/iris/compat/dh/DHCompatInternal;	85f185baae3f585308a456438b3f9057d9d426376250f3539afcf7aa91b8998b
guard	oculus_dh_instance_lookup	net/irisshaders/iris/pipeline/PipelineManager	getPipeline	()Ljava/util/Optional;	e6679b210f1301b9ff7a3713d621392d4503e95fd20dc4eaf92ae2e3baef55c6
guard	oculus_dh_instance_lookup	net/irisshaders/iris/pipeline/PipelineManager	getPipelineNullable	()Lnet/irisshaders/iris/pipeline/WorldRenderingPipeline;	d034f8a6170e5ff636c64c5a34c221afdc12ee2741df5bbd3ee92737884127ec
guard	oculus_dh_instance_lookup	net/irisshaders/iris/compat/dh/DHCompat	getInstance	()Ljava/lang/Object;	0e22d2bca6587d913df1bed4940ca1174b676ee5e41cc637168e907c5f4416cd
guard	oculus_empty_sampler_fast_return	net/irisshaders/iris/gl/IrisRenderSystem	initRenderer	()V	59598d7d93cdd08c2a4c972dff40c45a137cc0ddd5a0c4346aea6249619c44d5
guard	oculus_empty_sampler_fast_return	net/irisshaders/iris/gl/IrisRenderSystem	bindSamplerToUnit	(II)V	1e5e6a33211ec68c9061dfc0f1aa5958d68934daf8a25f1a4e70b85680b34dca
guard	oculus_empty_sampler_fast_return	net/irisshaders/iris/gl/IrisRenderSystem	unbindAllSamplers	()V	83ff2d4869bc1942bf6a4b53ba7872e17c30830d5aeb04256c1be620a83246cd
guard	oculus_empty_transparency_graphs	net/irisshaders/batchedentityrendering/impl/ordering/GraphTranslucencyRenderOrderManager	<init>	()V	9f513bba286f9fa1abdee6d7557b8f7a5b8c992b2d882258eae8e9013cc0fa0b
guard	oculus_empty_transparency_graphs	net/irisshaders/batchedentityrendering/impl/ordering/GraphTranslucencyRenderOrderManager	getTransparencyType	(Lnet/minecraft/client/renderer/RenderType;)Lnet/irisshaders/batchedentityrendering/impl/TransparencyType;	8ddb11dada77b0bdfcac68f4abde169cc8bcb5e860d1113d2687afa0b20d201a
guard	oculus_empty_transparency_graphs	net/irisshaders/batchedentityrendering/impl/ordering/GraphTranslucencyRenderOrderManager	begin	(Lnet/minecraft/client/renderer/RenderType;)V	38979d1bd4ceeb10c66a3c3a72789d85235877becebc7ee9f0b71e287760fcc7
guard	oculus_empty_transparency_graphs	net/irisshaders/batchedentityrendering/impl/ordering/GraphTranslucencyRenderOrderManager	startGroup	()V	92edd5ea41ccb4df166255b029f699ccacc9eb1548c2720f40aaf87cbbb99bdd
guard	oculus_empty_transparency_graphs	net/irisshaders/batchedentityrendering/impl/ordering/GraphTranslucencyRenderOrderManager	maybeStartGroup	()Z	e5edebd598d765a2ac441fea4c32b2c014696504a84c8edfe9c5170762f58e91
guard	oculus_empty_transparency_graphs	net/irisshaders/batchedentityrendering/impl/ordering/GraphTranslucencyRenderOrderManager	endGroup	()V	676e099085b2b1526bfb3af815a83cd5fc7474d7101cca511a338792db2c1e8c
guard	oculus_empty_transparency_graphs	net/irisshaders/batchedentityrendering/impl/ordering/GraphTranslucencyRenderOrderManager	reset	()V	42a4dc219d4c40e384e99f60d6484de2d0a65a5dc44bbd8ba079e084f10449a3
guard	oculus_empty_transparency_graphs	net/irisshaders/batchedentityrendering/impl/ordering/GraphTranslucencyRenderOrderManager	resetType	(Lnet/irisshaders/batchedentityrendering/impl/TransparencyType;)V	ff836d15f2308a049109124da800911316434beb8d2c119ef2488635c13eaf6d
guard	oculus_empty_transparency_graphs	net/irisshaders/batchedentityrendering/impl/ordering/GraphTranslucencyRenderOrderManager	getRenderOrder	()Ljava/util/List;	d55ecd2f384cdd9552948ca80e0c6998a68031377716b30dbad64caf1badfbae
guard	oculus_entity_vertex_reuse	net/irisshaders/iris/vertices/sodium/ModelToEntityVertexSerializer	serialize	(JJI)V	501b6ac7698c2ff4cfe3d1b65744b9832a66cda1d3bda2ed624f3aaa66367fb7
guard	oculus_phase_labels	net/irisshaders/iris/pipeline/IrisRenderingPipeline	setPhase	(Lnet/irisshaders/iris/pipeline/WorldRenderingPhase;)V	d8fa8776375d31e3d56707f6b0bde039ddaa2b04e2462dcf05eff8ebea27127f
guard	oculus_primitive_buffer_affinities	net/irisshaders/batchedentityrendering/impl/FullyBufferedMultiBufferSource	<init>	()V	c4ccac4caa232667805fa28d92c2f09fb3d14b27eae96431544950671e004885
guard	oculus_primitive_buffer_affinities	net/irisshaders/batchedentityrendering/impl/FullyBufferedMultiBufferSource	getBuffer	(Lnet/minecraft/client/renderer/RenderType;)Lcom/mojang/blaze3d/vertex/VertexConsumer;	33c6a93e3cdd4550deb5eecb1556f64f74ca480ae5bf842620e43015a87fb0fe
guard	oculus_primitive_buffer_affinities	net/irisshaders/batchedentityrendering/impl/FullyBufferedMultiBufferSource	removeReady	()V	9da2c191292b503de2489b44b657e181eaa09268b178d3dd5ffcb45ab159e24a
guard	oculus_primitive_buffer_affinities	net/irisshaders/batchedentityrendering/impl/FullyBufferedMultiBufferSource	readyUp	()V	ad0c8a8005bfcfb3b07f82a73d334a4e9219af88cc615ebf6815f77ddb7623f6
guard	oculus_primitive_buffer_affinities	net/irisshaders/batchedentityrendering/impl/FullyBufferedMultiBufferSource	endBatch	()V	5b622ae3b3f26d905d46d7edf253de41219d6fd0d7a353da9861668c2f7f3cee
guard	oculus_primitive_buffer_affinities	net/irisshaders/batchedentityrendering/impl/FullyBufferedMultiBufferSource	endBatchWithType	(Lnet/irisshaders/batchedentityrendering/impl/TransparencyType;)V	7b619bd29e6868e3e352e3f5295f91ac51e77b20ce9a7a1db8c4f0bb225e8e3b
guard	oculus_primitive_buffer_affinities	net/irisshaders/batchedentityrendering/impl/FullyBufferedMultiBufferSource	getDrawCalls	()I	ce8a3aa4a438a3f663f7c99b30da6a20609cf1c4e175f03af9bd320b694a86a6
guard	oculus_primitive_buffer_affinities	net/irisshaders/batchedentityrendering/impl/FullyBufferedMultiBufferSource	getRenderTypes	()I	c892e80a779e0d5fee1f7e170e245c78f26871487efb23e98fa3cbff138baef5
guard	oculus_primitive_buffer_affinities	net/irisshaders/batchedentityrendering/impl/FullyBufferedMultiBufferSource	resetDrawCalls	()V	9ce75615cc5cd911476746e8406e62618e6a7a8ebc2d0d4765d6881eadc519d3
guard	oculus_primitive_buffer_affinities	net/irisshaders/batchedentityrendering/impl/FullyBufferedMultiBufferSource	endBatch	(Lnet/minecraft/client/renderer/RenderType;)V	e7a8b6dd24a039e9df717802271ddf7053d3aac12b0bad8f9902c1c5dc5d046d
guard	oculus_primitive_buffer_affinities	net/irisshaders/batchedentityrendering/impl/FullyBufferedMultiBufferSource	getUnflushableWrapper	()Lnet/minecraft/client/renderer/MultiBufferSource$BufferSource;	ba77939183a89e212b9252b039a3e55bb7f46148c97f251fc2bffbbeff85077c
guard	oculus_primitive_buffer_affinities	net/irisshaders/batchedentityrendering/impl/FullyBufferedMultiBufferSource	getAllocatedSize	()J	8c41ed4a2d649ea7677bb4a71752fa3307e80cbf46b62e9e96a0fd0dc68db282
guard	oculus_primitive_buffer_affinities	net/irisshaders/batchedentityrendering/impl/FullyBufferedMultiBufferSource	getUsedSize	()J	c457a7e8b3dd1f32ef94ccad8cd0b5b08f7dcab7a1a6093b54a843c9b36cf0ca
guard	oculus_primitive_buffer_affinities	net/irisshaders/batchedentityrendering/impl/FullyBufferedMultiBufferSource	freeAndDeleteBuffer	()V	7eb9b6791dc0228660d4c9e62dc7a07d3bbfe68c4a2a7698fadd9db3f8184094
guard	oculus_primitive_buffer_affinities	net/irisshaders/batchedentityrendering/impl/FullyBufferedMultiBufferSource	startGroup	()V	962c167d163ca0f5901acb1673c0ddec76bca9e67b40801f7b21425a06ec989e
guard	oculus_primitive_buffer_affinities	net/irisshaders/batchedentityrendering/impl/FullyBufferedMultiBufferSource	maybeStartGroup	()Z	14ec436db1ca7f3cf1b25ad3a6f89534e1c878c4cba287d40706776227c098ba
guard	oculus_primitive_buffer_affinities	net/irisshaders/batchedentityrendering/impl/FullyBufferedMultiBufferSource	endGroup	()V	e37493938663ed37cbd713768f472bbd262a4832981f8883d723f4cb25494c34
guard	oculus_primitive_buffer_affinities	net/irisshaders/batchedentityrendering/impl/FullyBufferedMultiBufferSource	pushWrappingFunction	(Ljava/util/function/Function;)V	05f8d9e948139a196e5242b8e82cd6c55f870110d87b176f2ce3bbada3833de6
guard	oculus_primitive_buffer_affinities	net/irisshaders/batchedentityrendering/impl/FullyBufferedMultiBufferSource	popWrappingFunction	()V	9c2cda3e1be742c7e7dbc3105de58260054a601d56b65212d12df41f3f638270
guard	oculus_primitive_buffer_affinities	net/irisshaders/batchedentityrendering/impl/FullyBufferedMultiBufferSource	assertWrapStackEmpty	()V	0187f9db71ac55ff95bb350a50280c9541f550f796affcbdf3a219f964092bba
guard	oculus_primitive_buffer_affinities	net/irisshaders/batchedentityrendering/impl/FullyBufferedMultiBufferSource	lambda$readyUp$0	(Lnet/minecraft/client/renderer/RenderType;)Ljava/util/List;	a35d1b2543f0428d094205f6e002e32952c48e2fa63c2a626c71c418e877a033
guard	oculus_primitive_uniform_locations	net/irisshaders/iris/uniforms/custom/CustomUniforms	<init>	(Lnet/irisshaders/iris/uniforms/custom/CustomUniformFixedInputUniformsHolder;Ljava/util/Map;)V	eb3ae15600c600ecf4dbcb9e0c3271e2d30c00a23a74903c007401f760e9b8c7
guard	oculus_primitive_uniform_locations	net/irisshaders/iris/uniforms/custom/CustomUniforms	addVariable	(Lkroppeb/stareval/expression/Expression;Lnet/irisshaders/iris/uniforms/custom/cached/CachedUniform;)V	ead762588a87a290915183e7cecd8ab91899a03ab9ec1a2f2b2459c06fe8019d
guard	oculus_primitive_uniform_locations	net/irisshaders/iris/uniforms/custom/CustomUniforms	assignTo	(Lnet/irisshaders/iris/gl/uniform/LocationalUniformHolder;)V	c3da2f3723bc2fe3a8c2ac08cf2151851ca1f4ae87ac8df1baacb7520cf7a047
guard	oculus_primitive_uniform_locations	net/irisshaders/iris/uniforms/custom/CustomUniforms	mapholderToPass	(Lnet/irisshaders/iris/gl/uniform/LocationalUniformHolder;Ljava/lang/Object;)V	127385050783484c13f7f2f15004894e251abfc3a11afe1732d0aa1a98b71d47
guard	oculus_primitive_uniform_locations	net/irisshaders/iris/uniforms/custom/CustomUniforms	update	()V	2841ca7a50996de212e228ea1cbf7d6c02676ec6c83c93b8ca86a661eaf411a4
guard	oculus_primitive_uniform_locations	net/irisshaders/iris/uniforms/custom/CustomUniforms	push	(Ljava/lang/Object;)V	3de096a02592b7ef996baa0fe820ed82fb308236f87c864c5547d727e3412bfa
guard	oculus_primitive_uniform_locations	net/irisshaders/iris/uniforms/custom/CustomUniforms	optimise	()V	f66f0e71396162bac82e5facda4b7c361dcdd64f1f829291193ccc6a87e96afe
guard	oculus_primitive_uniform_locations	net/irisshaders/iris/uniforms/custom/CustomUniforms	hasVariable	(Ljava/lang/String;)Z	43c3c48495f678f6e0bf3c84babe7a25888e4f2be4165b64868b1bc4632dfc14
guard	oculus_primitive_uniform_locations	net/irisshaders/iris/uniforms/custom/CustomUniforms	getVariable	(Ljava/lang/String;)Lkroppeb/stareval/expression/Expression;	b966a5d794eb24ae7c317869cfa4033b3d35e4ce1cfb7e54179a6ef042aaa2f6
guard	oculus_primitive_uniform_locations	net/irisshaders/iris/uniforms/custom/CustomUniforms	lambda$optimise$2	(Lnet/irisshaders/iris/uniforms/custom/cached/CachedUniform;Ljava/lang/Integer;)Ljava/lang/Integer;	d5d5c4d59920217dbb39ee4621b55d02756ac5e74796480c3f8ae96d340e9771
guard	oculus_primitive_uniform_locations	net/irisshaders/iris/uniforms/custom/CustomUniforms	lambda$new$1	(Lit/unimi/dsi/fastutil/objects/Object2IntMap$Entry;)Ljava/lang/String;	7e855995b4320d6ab8d46034c71e122f96a4d9ee070d19a1e768f94cffd6a2a4
guard	oculus_primitive_uniform_locations	net/irisshaders/iris/uniforms/custom/CustomUniforms	lambda$new$0	(Ljava/util/Map;Ljava/lang/String;)Lkroppeb/stareval/function/Type;	f77ed2a2dfe19c28aa9a1e7942583e7f03e526672901f03724ecb31cbe935f02
guard	oculus_primitive_uniform_locations	net/irisshaders/iris/uniforms/custom/CustomUniforms	<clinit>	()V	2f606dcf39f64d6ccea6db849f64e66ed101befdb6817cd8bc5851bdd31e35f4
guard	oculus_program_traversal	net/irisshaders/iris/gl/program/ProgramSamplers	update	()V	6a272179619d49f25127140983198d6828e0a9e6f2b9e65ed092b4320f0e34f0
guard	oculus_program_traversal	net/irisshaders/iris/gl/program/ProgramSamplers	removeListeners	()V	eb65a3aaa06f81e908e3e95e770c1672eae772f87bc57ddb532d1bc11e9a9e09
guard	oculus_program_traversal	net/irisshaders/iris/gl/program/ProgramUniforms	updateStage	(Lcom/google/common/collect/ImmutableList;)V	ec91c19af268074e81f151caa424786a3299dfcd062fee2838743da2ac60cbcd
guard	oculus_program_traversal	net/irisshaders/iris/gl/program/ProgramUniforms	removeListeners	()V	d427203f660b0c3a3b5c22c8dc4089e6fc1d969ac776e41e5bff8376f47a4ce0
guard	oculus_reuse_empty_graphs	net/irisshaders/batchedentityrendering/impl/ordering/GraphTranslucencyRenderOrderManager	<init>	()V	9f513bba286f9fa1abdee6d7557b8f7a5b8c992b2d882258eae8e9013cc0fa0b
guard	oculus_reuse_empty_graphs	net/irisshaders/batchedentityrendering/impl/ordering/GraphTranslucencyRenderOrderManager	getTransparencyType	(Lnet/minecraft/client/renderer/RenderType;)Lnet/irisshaders/batchedentityrendering/impl/TransparencyType;	8ddb11dada77b0bdfcac68f4abde169cc8bcb5e860d1113d2687afa0b20d201a
guard	oculus_reuse_empty_graphs	net/irisshaders/batchedentityrendering/impl/ordering/GraphTranslucencyRenderOrderManager	begin	(Lnet/minecraft/client/renderer/RenderType;)V	38979d1bd4ceeb10c66a3c3a72789d85235877becebc7ee9f0b71e287760fcc7
guard	oculus_reuse_empty_graphs	net/irisshaders/batchedentityrendering/impl/ordering/GraphTranslucencyRenderOrderManager	startGroup	()V	92edd5ea41ccb4df166255b029f699ccacc9eb1548c2720f40aaf87cbbb99bdd
guard	oculus_reuse_empty_graphs	net/irisshaders/batchedentityrendering/impl/ordering/GraphTranslucencyRenderOrderManager	maybeStartGroup	()Z	e5edebd598d765a2ac441fea4c32b2c014696504a84c8edfe9c5170762f58e91
guard	oculus_reuse_empty_graphs	net/irisshaders/batchedentityrendering/impl/ordering/GraphTranslucencyRenderOrderManager	endGroup	()V	676e099085b2b1526bfb3af815a83cd5fc7474d7101cca511a338792db2c1e8c
guard	oculus_reuse_empty_graphs	net/irisshaders/batchedentityrendering/impl/ordering/GraphTranslucencyRenderOrderManager	reset	()V	42a4dc219d4c40e384e99f60d6484de2d0a65a5dc44bbd8ba079e084f10449a3
guard	oculus_reuse_empty_graphs	net/irisshaders/batchedentityrendering/impl/ordering/GraphTranslucencyRenderOrderManager	resetType	(Lnet/irisshaders/batchedentityrendering/impl/TransparencyType;)V	ff836d15f2308a049109124da800911316434beb8d2c119ef2488635c13eaf6d
guard	oculus_reuse_empty_graphs	net/irisshaders/batchedentityrendering/impl/ordering/GraphTranslucencyRenderOrderManager	getRenderOrder	()Ljava/util/List;	d55ecd2f384cdd9552948ca80e0c6998a68031377716b30dbad64caf1badfbae
guard	oculus_shadow_edge_vectors	net/irisshaders/iris/shadows/frustum/advanced/AdvancedShadowCullingFrustum	addEdgePlane	(Lorg/joml/Vector4f;Lorg/joml/Vector4f;)V	8ff1fcf5bdc58d1dae3498271382cb54dd7bd37f253a4960edbe9dee78297c25
guard	presencefootsteps_duplicate_tracking	eu/ha3/presencefootsteps/sound/SoundEngine	getTargets	(Lnet/minecraft/world/entity/Entity;)Ljava/util/stream/Stream;	a50729759cd2d7cdfe294715bfd095e3e014f74eaf4a99bc409bb2afc49505cc
guard	presencefootsteps_duplicate_tracking	eu/ha3/presencefootsteps/sound/SoundEngine	lambda$getTargets$1	(Lnet/minecraft/world/entity/Entity;Lnet/minecraft/world/entity/Entity;)Z	52013eba2fc54126a63e8a65a8d04810be54abc4285330ac02ad65387c277ff5
guard	presencefootsteps_duplicate_tracking	eu/ha3/presencefootsteps/sound/SoundEngine	lambda$getTargets$2	(Lnet/minecraft/world/entity/Entity;Lnet/minecraft/world/entity/Entity;)D	ad97efaa1eadb523198641a6e0ba04fc576db01cdaba330ba54bf34a24846a02
guard	presencefootsteps_duplicate_tracking	eu/ha3/presencefootsteps/sound/SoundEngine	lambda$getTargets$3	(Lnet/minecraft/world/entity/Entity;Ljava/util/Set;Lnet/minecraft/world/entity/Entity;)Z	011e8469af69dfbd5205e4cdf4e6a7f644721b9f61f686b92c00748870135986
guard	radium_experimental_tickets_spawning	net/caffeinemc/caffeineconfig/CaffeineConfig	applyChildOptionsStateChecks	()V	6b152847fdfaf65ca27894d77d13323e7ec738d96929d302d4b8d7b77a01ef4b
guard	radium_experimental_tickets_spawning	net/caffeinemc/caffeineconfig/CaffeineConfig	getEffectiveOptionForMixin	(Ljava/lang/String;)Lnet/caffeinemc/caffeineconfig/Option;	457ab0590f1cffdc5f019d00c7f165d2dfd14cb80ff00d536f19605b7af68013
guard	radium_experimental_tickets_spawning	net/caffeinemc/caffeineconfig/Option	addModOverride	(ZLjava/lang/String;)V	953b2d14797a0a8cb0efcee0ea3f8ceb857e6842ae05920f9744d6a479d6ef31
guard	radium_experimental_tickets_spawning	net/caffeinemc/caffeineconfig/AbstractCaffeineConfigMixinPlugin	shouldApplyMixin	(Ljava/lang/String;Ljava/lang/String;)Z	10977100e440fe99a5ca877557ace2c77e3fe2ef1783bcdb82fb893c41e2974d
guard	radium_experimental_tickets_spawning	me/jellysquid/mods/lithium/mixin/minimal_nonvanilla/world/expiring_chunk_tickets/ChunkTicketManagerMixin	*		217421f0921a845f198a7759e7642011bf2e6605d44d4e9cdf9967b613e8ceb0
guard	radium_experimental_tickets_spawning	me/jellysquid/mods/lithium/mixin/experimental/spawning/SectionedEntityCacheMixin	*		1f3dc3d8587772d9db18d680b8010cc9e26b93e1f31ecd20a2aab0ccba984c48
guard	radium_experimental_tickets_spawning	me/jellysquid/mods/lithium/mixin/experimental/spawning/ServerChunkManagerMixin	*		2f6c3839509eb47fc9f02f1d5d4027bec10fd59e8e7f17fa31784f1464c14912
guard	radium_experimental_tickets_spawning	net/minecraft/server/level/DistanceManager	purgeStaleTickets	()V	c615cf8295abba77fb7eadcedd56fe382d9877e82112a28c401d62b9a6e60376
guard	radium_experimental_tickets_spawning	net/minecraft/server/level/DistanceManager	addTicket	(JLnet/minecraft/server/level/Ticket;)V	7d734c1593522a257f5b77c1ee344c9e9e75c32b583f4acb9d349a12382df8a4
guard	radium_experimental_tickets_spawning	net/minecraft/server/level/DistanceManager	removeTicket	(JLnet/minecraft/server/level/Ticket;)V	0afec94f34849c4ed60dc71c691088ee8ce7461e5bb4700b41de6aec6d6dc5c6
guard	radium_experimental_tickets_spawning	net/minecraft/server/level/ServerChunkCache	tickChunks	()V	9afa6fc2a9d1d7a7d6566a95f1ffea42b2231fe3be4edb5e784b965dfb6e9db8
guard	ryoamiclights_block_entity_lock_skip	org/thinkingstudio/ryoamiclights/RyoamicLights	addLightSource	(Lorg/thinkingstudio/ryoamiclights/DynamicLightSource;)V	d17c3fd249e8e43a89532d82ca24854573df141e1ac77efdba9f39d1fbef4905
guard	ryoamiclights_block_entity_lock_skip	org/thinkingstudio/ryoamiclights/RyoamicLights	containsLightSource	(Lorg/thinkingstudio/ryoamiclights/DynamicLightSource;)Z	ef8370b5af831b4d36b705affb0dcf7875b5535c5062b13d986f16079b582fcf
guard	ryoamiclights_block_entity_lock_skip	org/thinkingstudio/ryoamiclights/RyoamicLights	*		e590e0ff841db223692b09357d64696e4ec7087d82ba537d13ef5203e8a07222
guard	ryoamiclights_chunk_iteration	org/thinkingstudio/ryoamiclights/mixin/lightsource/EntityMixin	ryoamiclights$scheduleTrackedChunksRebuild	(Lnet/minecraft/client/renderer/LevelRenderer;)V	37d9c6abc625408b67cbe20afb298d02d7b4929aa641938bd317e5878b8f725b
guard	ryoamiclights_chunk_iteration	org/thinkingstudio/ryoamiclights/mixin/lightsource/BlockEntityMixin	ryoamiclights$scheduleTrackedChunksRebuild	(Lnet/minecraft/client/renderer/LevelRenderer;)V	92858623fcebd5b87b6e5daf52b8af420321a31ecd603fdf190835b92b19bc81
guard	spawn_sealife_tick	com/ninni/spawn/server/block/entity/SeaLifeDecoBlockEntity	<init>	(Lnet/minecraft/world/level/block/entity/BlockEntityType;Lnet/minecraft/core/BlockPos;Lnet/minecraft/world/level/block/state/BlockState;)V	10813185bdb117bfbaad62f9f188357dadf86b5e4cf061eb842b4e892d5e7030
guard	spawn_sealife_tick	com/ninni/spawn/server/block/entity/SeaLifeDecoBlockEntity	tick	(Lcom/ninni/spawn/server/block/entity/SeaLifeDecoBlockEntity;)V	6d559b515022de2842cd1fc731221bab266b23c29bd53c5f59f1162849990a20
guard	spawn_sealife_tick	com/ninni/spawn/server/block/entity/SeaLifeDecoBlockEntity	rotateTowardsMovement	()Z	a9057d062fb197564c8e845386d2280bde1a1cc2fd7f4098adc42ac45ea65ea5
guard	spawn_sealife_tick	com/ninni/spawn/server/block/entity/SeaLifeDecoBlockEntity	getSpeed	()F	48758a134fd27f9a31974ffe21873f690fdd4fe149c7e6a447dd8bcee89d450d
guard	spawn_sealife_tick	com/ninni/spawn/server/block/entity/SeaLifeDecoBlockEntity	getRotationSpeed	()F	160cb523e41cb5ee20363401fe831b8d26e7e793cade67110374eac247c2962f
guard	spawn_sealife_tick	com/ninni/spawn/server/block/entity/SeaLifeDecoBlockEntity	getInterval	(Ljava/util/Random;)I	f2a46cc2387b7cfa1d986cc58b230fb7421216d50264bc089d5df5e1761d8974
guard	spawn_sealife_tick	com/ninni/spawn/server/block/entity/SeaLifeDecoBlockEntity	getYaw	()F	159a66465b0baf16001cf3525decfb62d5cafa247af10a05c6c75ae6b64acb48
guard	spawn_sealife_tick	com/ninni/spawn/server/block/entity/SeaLifeDecoBlockEntity	setTargetYaw	(F)V	3ff0b7eae03a03ee29cd7b6b7fcaddfaccc4388256a40cdc9fb95d785d0d68db
guard	spawn_sealife_tick	com/ninni/spawn/server/block/entity/SeaLifeDecoBlockEntity	setYaw	(F)V	9eb43cde982017981e60c61585107ad356e3632399d24468053a746f63de475f
guard	spawn_sealife_tick	com/ninni/spawn/server/block/entity/SeaLifeDecoBlockEntity	setTargetMovePos	(Lorg/joml/Vector2f;)V	12ef9562d5873fde8f069939cc576f0cadfa3ee4e3c028c9f28d334751050b27
guard	spawn_sealife_tick	com/ninni/spawn/server/block/entity/SeaLifeDecoBlockEntity	getMovePos	()Lorg/joml/Vector2f;	9017b9b51614c8151bf2b07e0c695a3fdc521576653f971d4ba776536ff8f141
guard	spawn_sealife_tick	com/ninni/spawn/server/block/entity/SeaLifeDecoBlockEntity	setMovePos	(Lorg/joml/Vector2f;)V	af9865c0b8da4083193844cade3705e1624e9fe098aadbd3133cfbe41c30d8cc
guard	spawn_sealife_tick	com/ninni/spawn/server/block/entity/SeaBunnyBlockEntity	getInterval	(Ljava/util/Random;)I	170fef0765c5a34aad34bd6ddc9fb08d5fad660dbf60fe7b3d31aa6f52c0e6dc
guard	spawn_sealife_tick	com/ninni/spawn/server/block/entity/SeaStarBlockEntity	*		a0063c88a4aa7f29ff0e39b4f8e206935862f118fdd0e0ee28f0e18dad64b387
guard	spawn_sealife_tick	com/ninni/spawn/server/block/entity/SeaUrchinBlockEntity	*		9089ffbdfd00d442b5b8431a8ca9e7093252c2f20c8f13613a23dfb9454f4aa5
guard	spawn_sealife_tick	net/minecraft/world/level/block/entity/BlockEntity	getBlockPos	()Lnet/minecraft/core/BlockPos;	ccdbc7a062a23d352cb4ea2e2d988af8007e6d35bcc88f8f2bfb7a66344adba3
guard	spawn_sealife_tick	net/minecraft/core/BlockPos	asLong	()J	d571ab99d3b2a08abde0bb453f78ff11a15adfa627e37e5bae7613386906f333
guard	structurify_height_cache	com/faboslav/structurify/common/world/level/chunk/ChunkGeneratorHeightCache	<init>	()V	d7b774df801c21c02a08c85f9fb7a2e8699a68f07fbdaabc87803a3aa1b9b35f
guard	structurify_height_cache	com/faboslav/structurify/common/world/level/chunk/ChunkGeneratorHeightCache	getFirstFreeHeight	(Lnet/minecraft/world/level/chunk/ChunkGenerator;IILnet/minecraft/world/level/levelgen/Heightmap$Types;Lnet/minecraft/world/level/LevelHeightAccessor;Lnet/minecraft/world/level/levelgen/RandomState;)Ljava/lang/Integer;	7d19373acd91bb19054c3c40815d8555b0185fd7302ccf9065e8ce45e3766006
guard	structurify_height_cache	com/faboslav/structurify/common/world/level/chunk/ChunkGeneratorHeightCache	putFirstFreeHeight	(Lnet/minecraft/world/level/chunk/ChunkGenerator;IILnet/minecraft/world/level/levelgen/Heightmap$Types;Lnet/minecraft/world/level/LevelHeightAccessor;Lnet/minecraft/world/level/levelgen/RandomState;I)V	b7c9776e39382ed94629bd54c15a4198dc45828467123c9536f20a1490157560
guard	structurify_height_cache	com/faboslav/structurify/common/world/level/chunk/ChunkGeneratorHeightCache	getFirstOccupiedHeight	(Lnet/minecraft/world/level/chunk/ChunkGenerator;IILnet/minecraft/world/level/levelgen/Heightmap$Types;Lnet/minecraft/world/level/LevelHeightAccessor;Lnet/minecraft/world/level/levelgen/RandomState;)Ljava/lang/Integer;	7d3c77385c2de725ad229bce962699885fa5489c43ff355472d963860a3b5566
guard	structurify_height_cache	com/faboslav/structurify/common/world/level/chunk/ChunkGeneratorHeightCache	putFirstOccupiedHeight	(Lnet/minecraft/world/level/chunk/ChunkGenerator;IILnet/minecraft/world/level/levelgen/Heightmap$Types;Lnet/minecraft/world/level/LevelHeightAccessor;Lnet/minecraft/world/level/levelgen/RandomState;I)V	9e86761e66d9fcb60e7dba8a80af790301d8c5d2a22fe00199fa2c53663880f7
guard	structurify_height_cache	com/faboslav/structurify/common/world/level/chunk/ChunkGeneratorHeightCache	get	(Lnet/minecraft/world/level/chunk/ChunkGenerator;IILnet/minecraft/world/level/levelgen/Heightmap$Types;Lnet/minecraft/world/level/LevelHeightAccessor;Lnet/minecraft/world/level/levelgen/RandomState;)Ljava/lang/Integer;	4c4829ca5b7899c753809b764a4e6e0d01646b07241b4442a512251e7964f761
guard	structurify_height_cache	com/faboslav/structurify/common/world/level/chunk/ChunkGeneratorHeightCache	put	(Lnet/minecraft/world/level/chunk/ChunkGenerator;IILnet/minecraft/world/level/levelgen/Heightmap$Types;Lnet/minecraft/world/level/LevelHeightAccessor;Lnet/minecraft/world/level/levelgen/RandomState;I)V	3e4d9f72de2c107540df132f2a40d65c82020892f79927d67d79d08c63f56fea
guard	structurify_height_cache	com/faboslav/structurify/common/world/level/chunk/ChunkGeneratorHeightCache	lambda$static$0	()Ljava/util/Map;	ae18a74c40f7e5f06b6c4abac1ed85ec8aaf83e9d3d95c4dff9291057e13a668
guard	structurify_height_cache	com/faboslav/structurify/common/world/level/chunk/ChunkGeneratorHeightCache	<clinit>	()V	9725fb328c81013242f62a6cf898f052ca766f90d6349d026d835f4e2b53084e
guard	structurify_height_cache	com/faboslav/structurify/common/world/level/chunk/ChunkGeneratorHeightCacheKey	<init>	(Lnet/minecraft/world/level/chunk/ChunkGenerator;IILnet/minecraft/world/level/levelgen/Heightmap$Types;Lnet/minecraft/world/level/LevelHeightAccessor;Lnet/minecraft/world/level/levelgen/RandomState;)V	29aea09f9edeadea4df26187f85052d29bee7654c29a91ae98913ae39406effb
guard	structurify_height_cache	com/faboslav/structurify/common/world/level/chunk/ChunkGeneratorHeightCacheKey	equals	(Ljava/lang/Object;)Z	f7298983078d6a21bf4da9ca46c38d25c5e59f67f9786dd11f546cc0cc05b48f
guard	structurify_height_cache	com/faboslav/structurify/common/world/level/chunk/ChunkGeneratorHeightCacheKey	hashCode	()I	988fcef32c3341184ea9c86f8f7d01104f157fbffac7b4bfb9c544a12d4c28eb
guard	structurify_height_cache	com/faboslav/structurify/common/world/level/chunk/ChunkGeneratorHeightCache$1	<init>	(IFZ)V	b010e85438d88aab1cfb39131da4175f197a607d99dbafc6e8f4b35b62f05108
guard	structurify_height_cache	com/faboslav/structurify/common/world/level/chunk/ChunkGeneratorHeightCache$1	removeEldestEntry	(Ljava/util/Map$Entry;)Z	167a40daf0d496dd660575b4b3aafb411883a5a69a1609a94e5eb8b23c3d5a34
guard	structurify_set_data_single_lookup	com/faboslav/structurify/common/util/RandomSpreadUtil	getStructureSetData	(Ljava/lang/String;)Lcom/faboslav/structurify/common/config/data/StructureSetData;	7759cdafa300fd6b5e3b2a526cb710698f126b438d34b874d89f3f624f313211
guard	terrain_final_density_reuse	net/minecraft/world/level/levelgen/DensityFunctions$Ap2	mapAll	(Lnet/minecraft/world/level/levelgen/DensityFunction$Visitor;)Lnet/minecraft/world/level/levelgen/DensityFunction;	1ac148125ecf87f6608f5a50a34fb2fc66d5e9c90e5a197d769cb3a846bb37cd
guard	terrain_final_density_reuse	net/minecraft/world/level/levelgen/DensityFunctions$BlendDensity	mapAll	(Lnet/minecraft/world/level/levelgen/DensityFunction$Visitor;)Lnet/minecraft/world/level/levelgen/DensityFunction;	ab121cf128b433ee8e08c7846605ad1a5fcab71ebc6dd8469d4b460c00244ce6
guard	terrain_final_density_reuse	net/minecraft/world/level/levelgen/DensityFunctions$MarkerOrMarked	mapAll	(Lnet/minecraft/world/level/levelgen/DensityFunction$Visitor;)Lnet/minecraft/world/level/levelgen/DensityFunction;	5ecb7b8b193e11c277f3a628b448099395065f1d50b88d71a044f5bf4b640267
guard	terrain_final_density_reuse	net/minecraft/world/level/levelgen/NoiseChunk	<init>	(ILnet/minecraft/world/level/levelgen/RandomState;IILnet/minecraft/world/level/levelgen/NoiseSettings;Lnet/minecraft/world/level/levelgen/DensityFunctions$BeardifierOrMarker;Lnet/minecraft/world/level/levelgen/NoiseGeneratorSettings;Lnet/minecraft/world/level/levelgen/Aquifer$FluidPicker;Lnet/minecraft/world/level/levelgen/blending/Blender;)V	7c893acb24204775a4ea648eda27bf73e2a8c4834cb13b16deb5cd20f30c490b
guard	terrain_final_density_reuse	net/minecraft/world/level/levelgen/DensityFunctions$RangeChoice	mapAll	(Lnet/minecraft/world/level/levelgen/DensityFunction$Visitor;)Lnet/minecraft/world/level/levelgen/DensityFunction;	785be5875b0c2156b80f70f469092e31aa33da0ac33c30345670a968a4ad79b1
guard	terrain_final_density_reuse	net/minecraft/world/level/levelgen/DensityFunctions$ShiftedNoise	mapAll	(Lnet/minecraft/world/level/levelgen/DensityFunction$Visitor;)Lnet/minecraft/world/level/levelgen/DensityFunction;	4c72ddbb34f99c651a90d75d016e5e64d284e7097decd179738c9382c571d9b4
guard	terrain_final_density_reuse	net/minecraft/world/level/levelgen/DensityFunctions$Spline	mapAll	(Lnet/minecraft/world/level/levelgen/DensityFunction$Visitor;)Lnet/minecraft/world/level/levelgen/DensityFunction;	b57bc9df4af3e65bf726690bc6df40f261338cdaeffd4a345f5f3e97df6f8819
guard	terrain_final_density_reuse	net/minecraft/world/level/levelgen/DensityFunctions$WeirdScaledSampler	mapAll	(Lnet/minecraft/world/level/levelgen/DensityFunction$Visitor;)Lnet/minecraft/world/level/levelgen/DensityFunction;	478dbdd7908e962c01975f34ce98e6929a42a0ef22833a226f60590c4ab33841
guard	terrain_surface_estimate_share	net/minecraft/world/level/levelgen/NoiseChunk	computePreliminarySurfaceLevel	(J)I	981542a6c180a64f966eceee77b0ead4f37c61d9ac87c76cc0802633331ac2a1
guard	vanilla_animate_tick_uniform_biome	net/minecraft/client/multiplayer/ClientLevel	doAnimateTick	(IIIILnet/minecraft/util/RandomSource;Lnet/minecraft/world/level/block/Block;Lnet/minecraft/core/BlockPos$MutableBlockPos;)V	0f6bb2684de6e9fbcdf79e8f250e9b5000d9ad3fd14abfb94fa99ed1d04c2ef3
guard	vanilla_animate_tick_uniform_biome	net/minecraft/world/level/biome/BiomeManager	getBiome	(Lnet/minecraft/core/BlockPos;)Lnet/minecraft/core/Holder;	54cbcf65feb1f2bb0e5f9a2954905c19bf48c0af5a3c6e6000ccb77c9f31971d
guard	vanilla_animate_tick_uniform_biome	net/minecraft/world/level/LevelReader	getNoiseBiome	(III)Lnet/minecraft/core/Holder;	b5016974f28e5c961bc4472b188be91d8c6c2a2f9c77933d70157c2f8efe1f2c
guard	vanilla_animate_tick_uniform_biome	net/minecraft/world/level/chunk/ChunkAccess	getNoiseBiome	(III)Lnet/minecraft/core/Holder;	eb76707e5fdceee3185fd18d7d403b885275d0590483f0fd930c7ec8b8f71de3
guard	vanilla_animate_tick_uniform_biome	net/minecraft/world/level/chunk/LevelChunkSection	getNoiseBiome	(III)Lnet/minecraft/core/Holder;	7c3bc1fe19f6a34b49cebb90fddd107f94c6dd82aaee86caa081b4ec6c55057f
guard	vanilla_block_entity_tick_state	net/minecraft/world/level/chunk/LevelChunk$BoundTickingBlockEntity	tick	()V	3e4721f413e11ddd506ad5a0d02f91afb3efe42e671c4b66fa0739a430d1052a
guard	vanilla_block_entity_tick_state	net/minecraft/world/level/chunk/LevelChunk	setBlockState	(Lnet/minecraft/core/BlockPos;Lnet/minecraft/world/level/block/state/BlockState;Z)Lnet/minecraft/world/level/block/state/BlockState;	ebb612309c5d20d79b234b23d5f3145c76798257bfaa2f147ca53df944137297
guard	vanilla_block_entity_tick_state	net/minecraft/world/level/chunk/LevelChunk	updateBlockEntityTicker	(Lnet/minecraft/world/level/block/entity/BlockEntity;)V	66a51eab847e5c6fa45c292da15331171356088fbe178dc72816416e154cd451
guard	vanilla_block_entity_tick_state	net/minecraft/world/level/block/entity/BlockEntity	<init>	(Lnet/minecraft/world/level/block/entity/BlockEntityType;Lnet/minecraft/core/BlockPos;Lnet/minecraft/world/level/block/state/BlockState;)V	770697fcc43a6723414c0f3e1b3ef3025aed4088cb1bb85756c62ec544640fa7
guard	vanilla_block_entity_tick_state	net/minecraft/world/level/block/entity/BlockEntity	setBlockState	(Lnet/minecraft/world/level/block/state/BlockState;)V	8e4ae314fd5d89103aa2ff3ea7eff9694f9c662fac6a3e3f88e0cbb9ec1bd360
guard	vanilla_block_entity_tick_state	net/minecraft/world/level/block/entity/BlockEntity	getBlockState	()Lnet/minecraft/world/level/block/state/BlockState;	177a4d40ad3c99c92a478986c20ee54d63784fed1749719983a0c3915e8d08aa
guard	vanilla_block_entity_tick_state	net/minecraft/world/level/block/entity/BlockEntityType	isValid	(Lnet/minecraft/world/level/block/state/BlockState;)Z	b58c3f3bffc5987d51206d151a86fda51c34564eb9c2068b4327479be2771562
guard	vanilla_block_ticking_range_memo	net/minecraft/server/level/TickingTracker	setLevel	(JI)V	985fa67db57eae1a645c9299e9cbe9f95fc316560216b63965d1843493ef9f5d
guard	vanilla_block_ticking_range_memo	net/minecraft/server/level/TickingTracker	getLevel	(J)I	68155541a7c79590208f44aaf45c3eec8df5cb606f8bc3632df175b1c865e485
guard	vanilla_block_ticking_range_memo	net/minecraft/server/level/TickingTracker	*		0105204c8fdd8ca9aa870f5e392d733017d8ae1fa5de37e25773557720aea9b1
guard	vanilla_block_ticking_range_memo	net/minecraft/server/level/DistanceManager	inBlockTickingRange	(J)Z	ea7b8cb19b976daf2d96cea85f8dc0e75269761e8e8f8aeb92fd8c97a871a50a
guard	vanilla_block_ticking_range_memo	net/minecraft/server/level/DistanceManager	inEntityTickingRange	(J)Z	26571ec9cbf7c39a69a4c89021518d9608e27cada40331fa45ec0ac20363ee06
guard	vanilla_camera_fluid_memo	net/minecraft/client/Camera	getFluidInCamera	()Lnet/minecraft/world/level/material/FogType;	4c662c99318a574d12d3bc38ee5527f5c3f5503d4a0c005e3fdcb407a87b96ba
guard	vanilla_camera_fluid_memo	net/minecraft/client/Camera	getNearPlane	()Lnet/minecraft/client/Camera$NearPlane;	6b890e6f767be527a6872b3d931ee4211cabc87178bb41a9e7fd78ef429ed836
guard	vanilla_camera_fluid_memo	net/minecraft/client/renderer/GameRenderer	render	(Lnet/minecraft/client/DeltaTracker;Z)V	60fac9c75b68a44e76acb5a22efc1b3b7a8dd2499f2b030534ea7bbfe4b07afa
guard	vanilla_chunk_status_name_memo	net/minecraft/world/level/chunk/status/ChunkStatus	toString	()Ljava/lang/String;	997275dcc5f48fc1faf62d08eda51905c978fc4e5106710247bb7d164f3c6dd0
guard	vanilla_climate_rtree_flat_bounds	net/minecraft/world/level/biome/Climate$RTree$Node	distance	([J)J	d507c182100b0aa6e138deacec24bd20c3a6dbcb5c23742bef5ed47512315061
guard	vanilla_climate_rtree_flat_bounds	net/minecraft/world/level/biome/Climate$RTree$Node	<init>	(Ljava/util/List;)V	f5036376c36fe34cc3f9884d2f09fce1152f392d180305c99d65f7009fc067e0
guard	vanilla_climate_rtree_flat_bounds	net/minecraft/world/level/biome/Climate$Parameter	distance	(J)J	2c6e80f586c16f478f6cc89ca9ceb28f688f161b61e99ac81b4813d1fa1cab85|cdd88c15ef9e7fe8e6b2679c04f61f331af05454aca0727389ace1d489813a55
guard	vanilla_climate_sample_repeat	net/minecraft/world/level/biome/Climate$Sampler	sample	(III)Lnet/minecraft/world/level/biome/Climate$TargetPoint;	69f37f936fb8871280298ac474bcec5199023f8faf67edd8e1d60081b6f3b34a
guard	vanilla_climate_search_repeat	net/minecraft/world/level/biome/Climate$RTree	search	(Lnet/minecraft/world/level/biome/Climate$TargetPoint;Lnet/minecraft/world/level/biome/Climate$DistanceMetric;)Ljava/lang/Object;	2be3eed9844c1770613db2cc85e9d0ace6fc087b882133d2321da873dd76f60d
guard	vanilla_climate_search_repeat	net/minecraft/world/level/biome/Climate$RTree$SubTree	search	([JLnet/minecraft/world/level/biome/Climate$RTree$Leaf;Lnet/minecraft/world/level/biome/Climate$DistanceMetric;)Lnet/minecraft/world/level/biome/Climate$RTree$Leaf;	4f811b9c474e7056a98215e3c44b1b075b1b693a679ca4a2044f7b6dcc570ca8
guard	vanilla_climate_search_repeat	net/minecraft/world/level/biome/Climate$RTree$Leaf	search	([JLnet/minecraft/world/level/biome/Climate$RTree$Leaf;Lnet/minecraft/world/level/biome/Climate$DistanceMetric;)Lnet/minecraft/world/level/biome/Climate$RTree$Leaf;	d6ee11652b8fc4b605d91bac434ba2b5574e707e7f1d329704c05f8c39a592e8
guard	vanilla_fog_color_sample_memo	net/minecraft/client/renderer/FogRenderer	setupColor	(Lnet/minecraft/client/Camera;FLnet/minecraft/client/multiplayer/ClientLevel;IF)V	598e42adc26b842f33f028341743f3825216ceef077361db5f5a025857889f82
guard	vanilla_fog_color_sample_memo	net/minecraft/client/renderer/GameRenderer	render	(Lnet/minecraft/client/DeltaTracker;Z)V	60fac9c75b68a44e76acb5a22efc1b3b7a8dd2499f2b030534ea7bbfe4b07afa
guard	vanilla_fog_color_sample_memo	net/minecraft/util/CubicSampler	gaussianSampleVec3	(Lnet/minecraft/world/phys/Vec3;Lnet/minecraft/util/CubicSampler$Vec3Fetcher;)Lnet/minecraft/world/phys/Vec3;	6848ec40296ae26fd1abb90dd13f7768b77b6cb5a7227f5b503aa4fcba823890|6dd64527196a43d2afae002ce9870fac99a066d9038b0fb64a2951453098bba1
guard	vanilla_model_bone_lookup	net/minecraft/client/model/HierarchicalModel	getAnyDescendantWithName	(Ljava/lang/String;)Ljava/util/Optional;	6e46e52d6aeafebf133c561e4f4246a1d48d428084777edf29a2f063ae70ee86
guard	vanilla_model_bone_lookup	net/minecraft/client/model/geom/ModelPart	getAllParts	()Ljava/util/stream/Stream;	f16cd99637b15f2e778634bb7541d512c170ee58cafee3aefa2686fd8cffc92e
guard	vanilla_model_bone_lookup	net/minecraft/client/model/geom/ModelPart	hasChild	(Ljava/lang/String;)Z	8f6f941f1316e6aa005cf3fd00bf4cf398edb9c4bbfa7810c95c2b1feefb8f56
guard	vanilla_model_bone_lookup	net/minecraft/client/model/geom/ModelPart	getChild	(Ljava/lang/String;)Lnet/minecraft/client/model/geom/ModelPart;	9ae82362bc1332f5a21e6418269788eac9b6d9dccac5ed20b6fa52693a01ea1c
guard	vanilla_noise_column_cache	net/minecraft/world/level/levelgen/NoiseBasedChunkGenerator	getBaseHeight	(IILnet/minecraft/world/level/levelgen/Heightmap$Types;Lnet/minecraft/world/level/LevelHeightAccessor;Lnet/minecraft/world/level/levelgen/RandomState;)I	29e7dc5a9bc9df638730d828545fdae0335f846307ed63456d5804ce116a63de
guard	vanilla_noise_column_cache	net/minecraft/world/level/levelgen/NoiseBasedChunkGenerator	iterateNoiseColumn	(Lnet/minecraft/world/level/LevelHeightAccessor;Lnet/minecraft/world/level/levelgen/RandomState;IILorg/apache/commons/lang3/mutable/MutableObject;Ljava/util/function/Predicate;)Ljava/util/OptionalInt;	a69a28279d47b93006b67b02bf69d6c1c89dffd32b7815f22ac63a6372a41814
guard	vanilla_noise_wrap_presize	net/minecraft/world/level/levelgen/NoiseChunk	<init>	(ILnet/minecraft/world/level/levelgen/RandomState;IILnet/minecraft/world/level/levelgen/NoiseSettings;Lnet/minecraft/world/level/levelgen/DensityFunctions$BeardifierOrMarker;Lnet/minecraft/world/level/levelgen/NoiseGeneratorSettings;Lnet/minecraft/world/level/levelgen/Aquifer$FluidPicker;Lnet/minecraft/world/level/levelgen/blending/Blender;)V	7c893acb24204775a4ea648eda27bf73e2a8c4834cb13b16deb5cd20f30c490b
guard	vanilla_noise_wrap_presize	net/minecraft/world/level/levelgen/NoiseChunk	wrap	(Lnet/minecraft/world/level/levelgen/DensityFunction;)Lnet/minecraft/world/level/levelgen/DensityFunction;	8ab2c370f19585d4b4cfcfb40adbae0a5c5bd955d10eafad54695ad6c876176f
guard	vanilla_poi_chunk_sections	net/minecraft/world/entity/ai/village/poi/PoiManager	getInChunk	(Ljava/util/function/Predicate;Lnet/minecraft/world/level/ChunkPos;Lnet/minecraft/world/entity/ai/village/poi/PoiManager$Occupancy;)Ljava/util/stream/Stream;	6e1fc15109b8c6269af001a95485bdefb3c29d13aad4974d2bdeb98f571f4c14
guard	vanilla_poi_chunk_sections	net/minecraft/world/level/chunk/storage/SectionStorage	getOrLoad	(J)Ljava/util/Optional;	7f2349d15956fa1604eaf048296cccddfce4603cfb13fc26e479d8c4c9266ad9
guard	vanilla_poi_chunk_sections	net/minecraft/world/entity/ai/village/poi/PoiSection	getRecords	(Ljava/util/function/Predicate;Lnet/minecraft/world/entity/ai/village/poi/PoiManager$Occupancy;)Ljava/util/stream/Stream;	00d34b90e16bad51ee0472bfcb84612122506eb85eedd9cfa97b4abaf9a3c145
cancel	com.misanthropy.collections_of_optimizations.mixin.architectury.MixinEventFactoryDispatch	architectury_event_dispatch
cancel	com.misanthropy.collections_of_optimizations.mixin.geckolib.MixinEasingTypePrimitive	geckolib_primitive_easing
cancel	com.misanthropy.collections_of_optimizations.mixin.vanilla.MixinMinecraftFramePacing	frame_pacing
cancel	me.jellysquid.mods.lithium.mixin.world.block_entity_ticking.support_cache.BlockEntityMixin	vanilla_block_entity_tick_state
cancel	me.jellysquid.mods.lithium.mixin.world.block_entity_ticking.support_cache.DirectBlockEntityTickInvokerMixin	vanilla_block_entity_tick_state
cancel	me.jellysquid.mods.lithium.mixin.world.block_entity_ticking.support_cache.WorldChunkMixin	vanilla_block_entity_tick_state
cancel	traben.entity_texture_features.mixin.mixins.MixinSpriteIdentifier	etf_sprite_texture_id_memo
yield	frame_pacing	collections_of_optimizations	Collections Of Optimizations	com.misanthropy.collections_of_optimizations.mixin.vanilla.MixinMinecraftFramePacing	collections_of_optimizations-common.toml	general.enabled	vanilla.paceFramesBeforeSwap	false	-
yield	architectury_event_dispatch	collections_of_optimizations	Collections Of Optimizations	com.misanthropy.collections_of_optimizations.mixin.architectury.MixinEventFactoryDispatch	collections_of_optimizations-common.toml	general.enabled	architectury.directEventDispatch	true	-
yield	geckolib_primitive_easing	collections_of_optimizations	Collections Of Optimizations	com.misanthropy.collections_of_optimizations.mixin.geckolib.MixinEasingTypePrimitive	collections_of_optimizations-common.toml	general.enabled	geckolib.primitiveEasing	true	gbf,geckolib_animation_optimizer
