[04:50:37.708] [main/INFO] [Launcher/MODLAUNCHER]: ModLauncher running: args [--launchTarget, forgeserver, --fml.neoForgeVersion, 21.1.252, --fml.fmlVersion, 4.0.44, --fml.mcVersion, 1.21.1, --fml.neoFormVersion, 20240808.144430, --nogui] 
[04:50:37.712] [main/INFO] [Launcher/MODLAUNCHER]: JVM identified as Eclipse Adoptium OpenJDK 64-Bit Server VM 21.0.12.1+1-LTS 
[04:50:37.713] [main/INFO] [Launcher/MODLAUNCHER]: ModLauncher 11.0.5+main.901c6ea8 starting: java version 21.0.12.1 by Eclipse Adoptium; OS Windows 10 arch amd64 version 10.0 
[04:50:37.827] [main/INFO] [loading.ImmediateWindowHandler/]: ImmediateWindowProvider not loading because launch target is forgeserver 
[04:50:37.886] [main/INFO] [mixin/]: SpongePowered MIXIN Subsystem Version=0.8.7 Source=union:/<port>/runtime/p33-ga-control-10301/libraries/net/fabricmc/sponge-mixin/0.15.2+mixin.0.8.7/sponge-mixin-0.15.2+mixin.0.8.7.jar%2373!/ Service=ModLauncher Env=SERVER 
[04:50:38.150] [main/INFO] [loading.moddiscovery.ModDiscoverer/SCAN]: Found mod file "server-1.21.1-20240808.144430-srg.jar" [locator: production server provider +net.neoforged:neoforge:21.1.252:server] 
[04:50:38.169] [main/INFO] [loading.moddiscovery.ModDiscoverer/SCAN]: Found mod file "neoforge-21.1.252-universal.jar" [locator: PathBasedLocator[name=neoforge, paths=[libraries\net\neoforged\neoforge\21.1.252\neoforge-21.1.252-universal.jar]], reader: mod manifest] 
[04:50:38.173] [main/INFO] [loading.moddiscovery.ModDiscoverer/SCAN]: Found mod file "bons-port-probe-1.jar" [locator: {mods folder locator at <port>\runtime\p33-ga-control-10301\mods}, reader: mod manifest] 
[04:50:38.188] [main/INFO] [loading.moddiscovery.ModDiscoverer/SCAN]: Found mod file "bons_and_furious-neoforge-1.0.30.1+mc1.21.1.jar" [locator: {mods folder locator at <port>\runtime\p33-ga-control-10301\mods}, reader: mod manifest] 
[04:50:38.194] [main/INFO] [loading.moddiscovery.ModDiscoverer/SCAN]: Found mod file "generator-accelerator-1.6.2.jar" [locator: {mods folder locator at <port>\runtime\p33-ga-control-10301\mods}, reader: mod manifest] 
[04:50:38.328] [main/INFO] [loading.moddiscovery.locators.JarInJarDependencyLocator/]: Found 7 dependencies adding them to mods collection 
[04:50:38.328] [main/INFO] [loading.moddiscovery.ModDiscoverer/SCAN]: Found gamelibrary file "mixinextras-neoforge-0.5.3.jar" [parent: neoforge-21.1.252-universal.jar, locator: jarinjar, reader: mod manifest] 
[04:50:38.328] [main/INFO] [loading.moddiscovery.ModDiscoverer/SCAN]: Found library file "caffeine-3.1.8.jar" [parent: generator-accelerator-1.6.2.jar, locator: jarinjar] 
[04:50:38.328] [main/INFO] [loading.moddiscovery.ModDiscoverer/SCAN]: Found library file "jctools-core-v4.0.3.jar" [parent: generator-accelerator-1.6.2.jar, locator: jarinjar] 
[04:50:38.328] [main/INFO] [loading.moddiscovery.ModDiscoverer/SCAN]: Found gamelibrary file "mixinsquared-neoforge-0.3.7-beta.1.jar" [parent: generator-accelerator-1.6.2.jar, locator: jarinjar, reader: mod manifest] 
[04:50:38.328] [main/INFO] [loading.moddiscovery.ModDiscoverer/SCAN]: Found library file "MixinSquared-0.3.7-beta.1.jar" [parent: mixinsquared-neoforge-0.3.7-beta.1.jar, locator: jarinjar] 
[04:50:38.328] [main/INFO] [loading.moddiscovery.ModDiscoverer/SCAN]: Found library file "JavaNativeCollections-1.1.0.jar" [parent: generator-accelerator-1.6.2.jar, locator: jarinjar] 
[04:50:38.328] [main/INFO] [loading.moddiscovery.ModDiscoverer/SCAN]: Found library file "net.neoforged.neoforge-coremods-21.1.252.jar" [parent: neoforge-21.1.252-universal.jar, locator: jarinjar, reader: mod manifest] 
[04:50:38.330] [main/INFO] [loading.moddiscovery.ModDiscoverer/]: 
     Mod List:
		Name Version (Mod Id)

		Bons and Furious 1.0.30.1+mc1.21.1 (bons_and_furious)
		Bons Port Qualification Probe 1 (bons_port_probe)
		Generator Accelerator 1.21.1-1.6.2 (generator_accelerator)
		Minecraft 1.21.1 (minecraft)
		NeoForge 21.1.252 (neoforge) 
[04:50:38.808] [main/INFO] [mixin/]: Compatibility level set to JAVA_21 
[04:50:38.865] [main/INFO] [LaunchServiceHandler/MODLAUNCHER]: Launching target 'forgeserver' with arguments [--nogui] 
[04:50:38.941] [main/INFO] [MGABenchmarkPlugin/]: MGABenchmarkPlugin | Is Developer Environment: false 
[04:50:38.941] [main/INFO] [MGABenchmarkPlugin/]: MGABenchmarkPlugin | Is Server Environment: true 
[04:50:38.961] [main/INFO] [Bons and Furious/]: Bons and Furious wrote the default configuration to <port>\runtime\p33-ga-control-10301\config\bons_and_furious.properties 
[04:50:38.962] [main/INFO] [Bons and Furious/]: Bons and Furious 1.0.30.1+mc1.21.1: 165 of 165 optimizations enabled from <port>\runtime\p33-ga-control-10301\config\bons_and_furious.properties 
[04:50:39.272] [main/INFO] [GeneratorAccelerator Mixin/]: Disable mixin: dev.sixik.generator_accelerator.common.biome.mixin.compat.biolith.Biolith$AllOfCriterion$fast_iter 
[04:50:39.273] [main/INFO] [GeneratorAccelerator Mixin/]: Disable mixin: dev.sixik.generator_accelerator.common.biome.mixin.compat.biolith.Biolith$AnyOfCriterion$fast_iter 
[04:50:39.274] [main/INFO] [GeneratorAccelerator Mixin/]: Disable mixin: dev.sixik.generator_accelerator.common.biome.mixin.compat.biolith.Biolith$MixinSearchTree$fast 
[04:50:39.274] [main/INFO] [GeneratorAccelerator Mixin/]: Disable mixin: dev.sixik.generator_accelerator.common.biome.mixin.compat.biolith.Biolith$SubBiomeRequestAccessor 
[04:50:39.274] [main/INFO] [GeneratorAccelerator Mixin/]: Disable mixin: dev.sixik.generator_accelerator.common.biome.mixin.compat.biolith.Biolith$SubBiomeRequestSet$fast_iter 
[04:50:39.275] [main/INFO] [GeneratorAccelerator Mixin/]: Disable mixin: dev.sixik.generator_accelerator.common.biome.mixin.compat.terrablender.Terrablender$Area$lock_free_cache 
[04:50:39.275] [main/INFO] [GeneratorAccelerator Mixin/]: Disable mixin: dev.sixik.generator_accelerator.common.biome.mixin.compat.terrablender.Terrablender$AreaContext$thread_local_random 
[04:50:39.276] [main/INFO] [GeneratorAccelerator Mixin/]: Disable mixin: dev.sixik.generator_accelerator.common.biome.mixin.compat.terrablender.Terrablender$MixinBiomeSource$cache_possible_biomes 
[04:50:39.276] [main/INFO] [GeneratorAccelerator Mixin/]: Disable mixin: dev.sixik.generator_accelerator.common.biome.mixin.compat.terrablender.Terrablender$MixinLevelChunkSection$raw_biome_lookup 
[04:50:39.276] [main/INFO] [GeneratorAccelerator Mixin/]: Disable mixin: dev.sixik.generator_accelerator.common.biome.mixin.compat.terrablender.Terrablender$MixinMultiNoiseBiomeSource$raw_biome_resolver 
[04:50:39.277] [main/INFO] [GeneratorAccelerator Mixin/]: Disable mixin: dev.sixik.generator_accelerator.common.biome.mixin.compat.terrablender.Terrablender$MixinNoiseBasedChunkGenerator$reuse_uniqueness 
[04:50:39.277] [main/INFO] [GeneratorAccelerator Mixin/]: Disable mixin: dev.sixik.generator_accelerator.common.biome.mixin.compat.terrablender.Terrablender$MixinParameterList$redirect_search 
[04:50:39.280] [main/INFO] [GeneratorAccelerator Mixin/]: Disable mixin: dev.sixik.generator_accelerator.common.blender.mixin.compats.c2me.c2me$BlenderMixin 
[04:50:39.311] [main/INFO] [GeneratorAccelerator Mixin/]: Disable mixin: dev.sixik.generator_accelerator.common.surface.mixin.compats.biolith.Mixin$Biolith$SurfaceSystem 
[04:50:39.311] [main/INFO] [GeneratorAccelerator Mixin/]: Disable mixin: dev.sixik.generator_accelerator.common.surface.mixin.compats.biomeswevegone.BiomesWeveGone$SurfaceBuilder$fix_compat 
[04:50:39.312] [main/INFO] [GeneratorAccelerator Mixin/]: Disable mixin: dev.sixik.generator_accelerator.common.surface.mixin.compats.natures_spirit.NaturesSpirit$SurfaceBuilderMixin$fix_compat 
[04:50:39.325] [main/INFO] [GeneratorAccelerator Mixin/]: Disable mixin: dev.sixik.generator_accelerator.common.structures.mixin.compats.blueprints.Blueprint$StructurePieceMixin 
[04:50:39.325] [main/INFO] [GeneratorAccelerator Mixin/]: Disable mixin: dev.sixik.generator_accelerator.common.structures.mixin.compats.zeta.Zeta$StructurePiece$Fix 
[04:50:39.352] [main/INFO] [GeneratorAccelerator Mixin/]: Disable mixin: dev.sixik.generator_accelerator.common.features.mixin.compats.accessories.AccessoriesBasedStackHandlerMixin 
[04:50:39.353] [main/INFO] [GeneratorAccelerator Mixin/]: Disable mixin: dev.sixik.generator_accelerator.common.features.mixin.compats.alexscaves.AlexsCaves$ChunkGeneratorMixin$applyBiomeDecoration 
[04:50:39.353] [main/INFO] [GeneratorAccelerator Mixin/]: Disable mixin: dev.sixik.generator_accelerator.common.features.mixin.compats.artifacts.Artifacts$CampsiteHeightRangePlacementMixin 
[04:50:39.354] [main/INFO] [GeneratorAccelerator Mixin/]: Disable mixin: dev.sixik.generator_accelerator.common.features.mixin.compats.biomeswevegone.BiomesWeveGone$BasaltBarreraExtension$fast 
[04:50:39.354] [main/INFO] [GeneratorAccelerator Mixin/]: Disable mixin: dev.sixik.generator_accelerator.common.features.mixin.compats.biomeswevegone.BiomesWeveGone$BlendUtil$fast_edge 
[04:50:39.354] [main/INFO] [GeneratorAccelerator Mixin/]: Disable mixin: dev.sixik.generator_accelerator.common.features.mixin.compats.biomeswevegone.BiomesWeveGone$ChunkStatusTasksMixin$cache_biomes 
[04:50:39.355] [main/INFO] [GeneratorAccelerator Mixin/]: Disable mixin: dev.sixik.generator_accelerator.common.features.mixin.compats.biomeswevegone.BiomesWeveGone$CragGardenExtension$fast 
[04:50:39.362] [main/INFO] [GeneratorAccelerator Mixin/]: Disable mixin: dev.sixik.generator_accelerator.common.features.mixin.compats.biomesoplenty.BiomesOPlenty$WebbingFeatureMixin 
[04:50:39.362] [main/INFO] [GeneratorAccelerator Mixin/]: Disable mixin: dev.sixik.generator_accelerator.common.features.mixin.compats.confluence.Confluence$FeaturePlacementCompatMixin 
[04:50:39.363] [main/INFO] [GeneratorAccelerator Mixin/]: Disable mixin: dev.sixik.generator_accelerator.common.features.mixin.compats.confluence.Confluence$SecretFlagPlacementMixin 
[04:50:39.363] [main/INFO] [GeneratorAccelerator Mixin/]: Disable mixin: dev.sixik.generator_accelerator.common.features.mixin.compats.dynamictrees.DynamicTrees$BasicBranchBlockMixin 
[04:50:39.364] [main/INFO] [GeneratorAccelerator Mixin/]: Disable mixin: dev.sixik.generator_accelerator.common.features.mixin.compats.dynamictrees.DynamicTrees$CaveRootedTreePlacementMixin 
[04:50:39.364] [main/INFO] [GeneratorAccelerator Mixin/]: Disable mixin: dev.sixik.generator_accelerator.common.features.mixin.compats.dynamictrees.DynamicTrees$CaveRootedTreeFeatureMixin 
[04:50:39.365] [main/INFO] [GeneratorAccelerator Mixin/]: Disable mixin: dev.sixik.generator_accelerator.common.features.mixin.compats.dynamictrees.DynamicTrees$CellKits$BasicSolverMixin 
[04:50:39.365] [main/INFO] [GeneratorAccelerator Mixin/]: Disable mixin: dev.sixik.generator_accelerator.common.features.mixin.compats.dynamictrees.DynamicTrees$ChunkTreeHelperMixin 
[04:50:39.366] [main/INFO] [GeneratorAccelerator Mixin/]: Disable mixin: dev.sixik.generator_accelerator.common.features.mixin.compats.dynamictrees.DynamicTrees$DynamicLeavesBlockMixin 
[04:50:39.366] [main/INFO] [GeneratorAccelerator Mixin/]: Disable mixin: dev.sixik.generator_accelerator.common.features.mixin.compats.dynamictrees.DynamicTrees$DynamicTreeFeatureMixin 
[04:50:39.367] [main/INFO] [GeneratorAccelerator Mixin/]: Disable mixin: dev.sixik.generator_accelerator.common.features.mixin.compats.dynamictrees.DynamicTrees$InflatorNodeMixin 
[04:50:39.367] [main/INFO] [GeneratorAccelerator Mixin/]: Disable mixin: dev.sixik.generator_accelerator.common.features.mixin.compats.dynamictrees.DynamicTrees$JoCodeMixin 
[04:50:39.368] [main/INFO] [GeneratorAccelerator Mixin/]: Disable mixin: dev.sixik.generator_accelerator.common.features.mixin.compats.dynamictrees.DynamicTrees$OverworldGroundFinderMixin 
[04:50:39.368] [main/INFO] [GeneratorAccelerator Mixin/]: Disable mixin: dev.sixik.generator_accelerator.common.features.mixin.compats.dynamictrees.DynamicTrees$SubterraneanGroundFinderMixin 
[04:50:39.369] [main/INFO] [GeneratorAccelerator Mixin/]: Disable mixin: dev.sixik.generator_accelerator.common.features.mixin.compats.galosphere.Galosphere$CrystalSpikeFeatureMixin 
[04:50:39.370] [main/INFO] [GeneratorAccelerator Mixin/]: Disable mixin: dev.sixik.generator_accelerator.common.features.mixin.compats.natures_spirit.NaturesSpirit$AlluaudiaFeatureMixin 
[04:50:39.370] [main/INFO] [GeneratorAccelerator Mixin/]: Disable mixin: dev.sixik.generator_accelerator.common.features.mixin.compats.natures_spirit.NaturesSpirit$CoconutTreeDecoratorMixin 
[04:50:39.371] [main/INFO] [GeneratorAccelerator Mixin/]: Disable mixin: dev.sixik.generator_accelerator.common.features.mixin.compats.natures_spirit.NaturesSpirit$GroundedBushFoliagePlacerMixin 
[04:50:39.372] [main/INFO] [GeneratorAccelerator Mixin/]: Disable mixin: dev.sixik.generator_accelerator.common.features.mixin.compats.natures_spirit.NaturesSpirit$JoshuaTreeFeatureMixin 
[04:50:39.372] [main/INFO] [GeneratorAccelerator Mixin/]: Disable mixin: dev.sixik.generator_accelerator.common.features.mixin.compats.natures_spirit.NaturesSpirit$LargePumpkinFeatureMixin 
[04:50:39.373] [main/INFO] [GeneratorAccelerator Mixin/]: Disable mixin: dev.sixik.generator_accelerator.common.features.mixin.compats.natures_spirit.NaturesSpirit$MapleGroundTreeDecoratorMixin 
[04:50:39.373] [main/INFO] [GeneratorAccelerator Mixin/]: Disable mixin: dev.sixik.generator_accelerator.common.features.mixin.compats.natures_spirit.NaturesSpirit$OliveBranchTreeDecoratorMixin 
[04:50:39.374] [main/INFO] [GeneratorAccelerator Mixin/]: Disable mixin: dev.sixik.generator_accelerator.common.features.mixin.compats.natures_spirit.NaturesSpirit$PolyporeFeatureMixin 
[04:50:39.374] [main/INFO] [GeneratorAccelerator Mixin/]: Disable mixin: dev.sixik.generator_accelerator.common.features.mixin.compats.natures_spirit.NaturesSpirit$PolyporeTreeDecoratorMixin 
[04:50:39.375] [main/INFO] [GeneratorAccelerator Mixin/]: Disable mixin: dev.sixik.generator_accelerator.common.features.mixin.compats.natures_spirit.NaturesSpirit$RedwoodBranchTreeDecoratorMixin 
[04:50:39.375] [main/INFO] [GeneratorAccelerator Mixin/]: Disable mixin: dev.sixik.generator_accelerator.common.features.mixin.compats.natures_spirit.NaturesSpirit$SnowTreeDecoratorMixin 
[04:50:39.376] [main/INFO] [GeneratorAccelerator Mixin/]: Disable mixin: dev.sixik.generator_accelerator.common.features.mixin.compats.natures_spirit.NaturesSpirit$TurnipRootFeatureMixin 
[04:50:39.376] [main/INFO] [GeneratorAccelerator Mixin/]: Disable mixin: dev.sixik.generator_accelerator.common.features.mixin.compats.natures_spirit.NaturesSpirit$WisteriaVinesTreeDecoratorMixin 
[04:50:39.376] [main/INFO] [GeneratorAccelerator Mixin/]: Disable mixin: dev.sixik.generator_accelerator.common.features.mixin.compats.natures_spirit.NaturesSpirit$WisteriaFoliagePlacerMixin 
[04:50:39.377] [main/INFO] [GeneratorAccelerator Mixin/]: Disable mixin: dev.sixik.generator_accelerator.common.features.mixin.compats.owo.Mixin$OWO$OreFeature 
[04:50:39.377] [main/INFO] [GeneratorAccelerator Mixin/]: Disable mixin: dev.sixik.generator_accelerator.common.features.mixin.compats.repurposedstructures.Repurposedstructures$MinDistanceFromWorldOriginPlacementMixin 
[04:50:39.378] [main/INFO] [GeneratorAccelerator Mixin/]: Disable mixin: dev.sixik.generator_accelerator.common.features.mixin.compats.repurposedstructures.Repurposedstructures$MinusEightPlacementMixin 
[04:50:39.378] [main/INFO] [GeneratorAccelerator Mixin/]: Disable mixin: dev.sixik.generator_accelerator.common.features.mixin.compats.repurposedstructures.Repurposedstructures$NoVinesInStructuresMixin 
[04:50:39.378] [main/INFO] [GeneratorAccelerator Mixin/]: Disable mixin: dev.sixik.generator_accelerator.common.features.mixin.compats.repurposedstructures.Repurposedstructures$SnapToLowerNonAirPlacementMixin 
[04:50:39.379] [main/INFO] [GeneratorAccelerator Mixin/]: Disable mixin: dev.sixik.generator_accelerator.common.features.mixin.compats.terrainslabs.Mixin$TerrainSlabs$OreFeature 
[04:50:39.380] [main/INFO] [GeneratorAccelerator Mixin/]: Disable mixin: dev.sixik.generator_accelerator.common.features.mixin.compats.waystones.Waystones$WaystonePlacementMixin 
[04:50:39.406] [main/WARN] [mixin/]: Error loading class: com/mrbysco/oreberriesreplanted/worldgen/placement/ChanceRangePlacement (java.lang.ClassNotFoundException: com.mrbysco.oreberriesreplanted.worldgen.placement.ChanceRangePlacement) 
[04:50:39.406] [main/WARN] [mixin/]: @Mixin target com.mrbysco.oreberriesreplanted.worldgen.placement.ChanceRangePlacement was not found generator_accelerator_features.mixins.json:compats.oreberries.Oreberries$ChanceRangePlacementMixin from mod generator_accelerator 
[04:50:39.407] [main/WARN] [mixin/]: Error loading class: mysticmods/roots/worldgen/features/placements/AllAroundLogPlacement (java.lang.ClassNotFoundException: mysticmods.roots.worldgen.features.placements.AllAroundLogPlacement) 
[04:50:39.407] [main/WARN] [mixin/]: @Mixin target mysticmods.roots.worldgen.features.placements.AllAroundLogPlacement was not found generator_accelerator_features.mixins.json:compats.roots.Roots$AllAroundLogPlacementMixin from mod generator_accelerator 
[04:50:39.408] [main/WARN] [mixin/]: Error loading class: mysticmods/roots/worldgen/features/placements/HeightmapYRange (java.lang.ClassNotFoundException: mysticmods.roots.worldgen.features.placements.HeightmapYRange) 
[04:50:39.408] [main/WARN] [mixin/]: @Mixin target mysticmods.roots.worldgen.features.placements.HeightmapYRange was not found generator_accelerator_features.mixins.json:compats.roots.Roots$HeightmapYRangeMixin from mod generator_accelerator 
[04:50:39.409] [main/WARN] [mixin/]: Error loading class: com/yungnickyoung/minecraft/yungsbridges/world/placement/BridgePlacement (java.lang.ClassNotFoundException: com.yungnickyoung.minecraft.yungsbridges.world.placement.BridgePlacement) 
[04:50:39.409] [main/WARN] [mixin/]: @Mixin target com.yungnickyoung.minecraft.yungsbridges.world.placement.BridgePlacement was not found generator_accelerator_features.mixins.json:compats.yungs.bridges.YungsBridge$BridgePlacementMixin from mod generator_accelerator 
[04:50:39.410] [main/WARN] [mixin/]: Error loading class: com/yungnickyoung/minecraft/yungsbridges/world/placement/RngInitializerPlacement (java.lang.ClassNotFoundException: com.yungnickyoung.minecraft.yungsbridges.world.placement.RngInitializerPlacement) 
[04:50:39.410] [main/WARN] [mixin/]: @Mixin target com.yungnickyoung.minecraft.yungsbridges.world.placement.RngInitializerPlacement was not found generator_accelerator_features.mixins.json:compats.yungs.bridges.YungsBridge$RngInitializerPlacementMixin from mod generator_accelerator 
[04:50:39.411] [main/WARN] [mixin/]: Error loading class: com/yungnickyoung/minecraft/yungsextras/world/placement/RngInitializerPlacement (java.lang.ClassNotFoundException: com.yungnickyoung.minecraft.yungsextras.world.placement.RngInitializerPlacement) 
[04:50:39.411] [main/WARN] [mixin/]: @Mixin target com.yungnickyoung.minecraft.yungsextras.world.placement.RngInitializerPlacement was not found generator_accelerator_features.mixins.json:compats.yungs.extras.YungsExtras$RngInitializerPlacementMixin from mod generator_accelerator 
[04:50:39.429] [main/WARN] [mixin/]: Error loading class: net/potionstudios/biomeswevegone/world/level/levelgen/feature/treedecorators/GlowBerryDecorator (java.lang.ClassNotFoundException: net.potionstudios.biomeswevegone.world.level.levelgen.feature.treedecorators.GlowBerryDecorator) 
[04:50:39.429] [main/WARN] [mixin/]: @Mixin target net.potionstudios.biomeswevegone.world.level.levelgen.feature.treedecorators.GlowBerryDecorator was not found generator_accelerator_features.mixins.json:place.tree_decorator.MixinGlowBerryDecorator from mod generator_accelerator 
[04:50:39.431] [main/INFO] [GeneratorAccelerator Mixin/]: Disable mixin: dev.sixik.generator_accelerator.common.chunks.mixin.compats.modernfix.ModernFixChunkMapReleaseProtoChunksMixin 
[04:50:39.431] [main/INFO] [GeneratorAccelerator Mixin/]: Disable mixin: dev.sixik.generator_accelerator.common.chunks.mixin.compats.modernfix.ModernFix$ChunkStatusTasksMixin 
[04:50:39.432] [main/INFO] [GeneratorAccelerator Mixin/]: Disable mixin: dev.sixik.generator_accelerator.common.chunks.mixin.compats.modernfix.ModernFix$GenerationChunkHolderAccessor 
[04:50:39.432] [main/INFO] [GeneratorAccelerator Mixin/]: Disable mixin: dev.sixik.generator_accelerator.common.chunks.mixin.compats.modernfix.ModernFix$ChunkHolderReleaseProtoChunksMixin 
WARN StatusConsoleListener Advanced terminal features are not available in this environment
[04:50:40] [main/INFO] [MixinExtras|Service/]: Initializing MixinExtras via com.llamalad7.mixinextras.service.MixinExtrasServiceImpl(version=0.5.3).
[04:50:45] [modloading-worker-0/INFO] [Bons and Furious/]: Bons and Furious 1.0.30.1+mc1.21.1 constructed; 0 switch(es) disabled in <port>\runtime\p33-ga-control-10301\config\bons_and_furious.properties
[04:50:45] [modloading-worker-0/INFO] [ne.ne.ne.co.NeoForgeMod/NEOFORGE-MOD]: NeoForge mod loading, version 21.1.252, for MC 1.21.1
[04:50:45] [modloading-worker-0/INFO] [de.si.ge.co.de.co.DensityFunctionCompiler/]: DensityFunctionCompiler initialising - runtime DF JIT pipeline enabling.
[04:50:45] [modloading-worker-0/INFO] [de.si.ge.co.de.co.DensityFunctionCompiler/]: DFC vector: disabled (jdk.incubator.vector not on module path; use --add-modules jdk.incubator.vector to enable)
[04:50:45] [modloading-worker-0/INFO] [de.si.ge.co.de.co.DensityFunctionCompiler/]: DFC native noise: libraryLoaded=false, avx2=false
[04:50:45] [modloading-worker-0/WARN] [de.si.ge.co.de.co.DensityFunctionCompiler/]: DFC native noise: not loaded (unknown reason). Put natives/dfc/prebuilts/<platform>/... or set env DFC_NATIVE_LIBRARY to the absolute path of dfc_native.dll / .so / .dylib.
[04:50:45] [main/INFO] [mojang/YggdrasilAuthenticationService]: Environment: Environment[sessionHost=https://sessionserver.mojang.com, servicesHost=https://api.minecraftservices.com, name=PROD]
[04:50:45] [main/WARN] [minecraft/VanillaPackResourcesBuilder]: Assets URL 'union:/<port>/runtime/p33-ga-control-10301/libraries/net/minecraft/server/1.21.1-20240808.144430/server-1.21.1-20240808.144430-srg.jar%23120!/assets/.mcassetsroot' uses unexpected schema
[04:50:45] [main/WARN] [minecraft/VanillaPackResourcesBuilder]: Assets URL 'union:/<port>/runtime/p33-ga-control-10301/libraries/net/minecraft/server/1.21.1-20240808.144430/server-1.21.1-20240808.144430-srg.jar%23120!/data/.mcassetsroot' uses unexpected schema
[04:50:46] [main/INFO] [Generator Accelerator Debug/]: Create FixedPlacement size: 1
[04:50:46] [main/INFO] [Bons and Furious/]: Bons and Furious: vanilla_climate_tree_span_bounds computes climate subtree ranges without intermediate objects
[04:50:46] [main/INFO] [Bons and Furious/]: Bons and Furious: vanilla_climate_tree_sort_keys sorts climate search tree nodes by precomputed keys
[04:50:46] [main/INFO] [minecraft/Main]: No existing world data, creating new world
[04:50:46] [main/INFO] [minecraft/RecipeManager]: Loaded 1290 recipes
[04:50:47] [main/INFO] [minecraft/AdvancementTree]: Loaded 1399 advancements
[04:50:47] [Server thread/INFO] [minecraft/DedicatedServer]: Starting minecraft server version 1.21.1
[04:50:47] [Server thread/INFO] [minecraft/DedicatedServer]: Loading properties
[04:50:47] [Server thread/INFO] [minecraft/DedicatedServer]: Default game type: SURVIVAL
[04:50:47] [Server thread/INFO] [minecraft/MinecraftServer]: Generating keypair
[04:50:47] [Server thread/INFO] [minecraft/DedicatedServer]: Starting Minecraft server on *:25579
[04:50:47] [Server thread/INFO] [minecraft/ServerConnectionListener]: Using default channel type
[04:50:47] [Server thread/WARN] [minecraft/DedicatedServer]: **** SERVER IS RUNNING IN OFFLINE/INSECURE MODE!
[04:50:47] [Server thread/WARN] [minecraft/DedicatedServer]: The server will make no attempt to authenticate usernames. Beware.
[04:50:47] [Server thread/WARN] [minecraft/DedicatedServer]: While this makes the game possible to play without internet access, it also opens up the ability for hackers to connect with any username they choose.
[04:50:47] [Server thread/WARN] [minecraft/DedicatedServer]: To change this, set "online-mode" to "true" in the server.properties file.
[04:50:47] [Server thread/INFO] [minecraft/DedicatedServer]: Preparing level "world"
[04:50:47] [Server thread/INFO] [Bons and Furious/]: Bons and Furious: vanilla_entity_class_count_layer counts 4 entity classes per level for crittersandcompanions_red_panda_gate and fdbosses_spawner_presence_gate
[04:50:48] [Server thread/INFO] [de.si.ge.co.de.co.DensityFunctionCompiler/]: DFC compiled NoiseRouter + Climate.Sampler for RandomState(seed=2a362e31) in 116ms
[04:50:48] [Worker-Main-3/INFO] [Bons and Furious/]: Bons and Furious: vanilla_tag_membership_ids applies (tag tests compare tag numbers; each holder's numbers follow its current tag set)
[04:50:48] [GA-WORKSPACE-5/INFO] [bo.fu.pa.te.ColumnHeightShare/]: Bons and Furious: vanilla_noise_column_cache keeps the original code for world generators with unsupported density function type dev.sixik.generator_accelerator.common.density.compiler.compiler.codegen.CompiledDF_283c143198ec57ad5716/0x0000021082022800
[04:50:49] [GA-WORKSPACE-1/INFO] [bo.fu.pa.wo.AquiferCandidates/]: Bons and Furious: vanilla_aquifer_candidate_cache stands down: NoiseBasedAquifer carries code from dev.sixik.generator_accelerator.common.aquifer.mixin.MixinNoiseBasedAquifer$optimize_noise, which this switch has not verified; every aquifer runs the original computeSubstance
[04:50:49] [GA-WORKSPACE-5/INFO] [Bons and Furious/]: Bons and Furious: vanilla_block_state_air_flag remembers isAir in each block state
[04:50:49] [Worker-Main-19/FATAL] [mixin/]: Mixin apply for mod bons_and_furious failed bons_and_furious.worldgen_beardifier_bounds.mixins.json:BeardifierBoundsMixin from mod bons_and_furious -> net.minecraft.world.level.levelgen.Beardifier: org.spongepowered.asm.mixin.injection.throwables.InvalidInjectionException @At("FIELD") on net/minecraft/world/level/levelgen/Beardifier::bons$rigids with priority 1000 cannot inject into net/minecraft/world/level/levelgen/Beardifier::compute(Lnet/minecraft/world/level/levelgen/DensityFunction$FunctionContext;)D merged by dev.sixik.generator_accelerator.common.beardifier.mixin.MixinBeardifier with priority 1000 [INJECT_PREPARE Applicator Phase -> bons_and_furious.worldgen_beardifier_bounds.mixins.json:BeardifierBoundsMixin from mod bons_and_furious -> Prepare Injections -> modifyExpressionValue$zgo000$bons_and_furious$bons$rigids(Lit/unimi/dsi/fastutil/objects/ObjectListIterator;III)Lit/unimi/dsi/fastutil/objects/ObjectListIterator; -> Prepare ->  -> { target: compute(Lnet/minecraft/world/level/levelgen/DensityFunction$FunctionContext;)D }]
org.spongepowered.asm.mixin.injection.throwables.InvalidInjectionException: @At("FIELD") on net/minecraft/world/level/levelgen/Beardifier::bons$rigids with priority 1000 cannot inject into net/minecraft/world/level/levelgen/Beardifier::compute(Lnet/minecraft/world/level/levelgen/DensityFunction$FunctionContext;)D merged by dev.sixik.generator_accelerator.common.beardifier.mixin.MixinBeardifier with priority 1000 [INJECT_PREPARE Applicator Phase -> bons_and_furious.worldgen_beardifier_bounds.mixins.json:BeardifierBoundsMixin from mod bons_and_furious -> Prepare Injections -> modifyExpressionValue$zgo000$bons_and_furious$bons$rigids(Lit/unimi/dsi/fastutil/objects/ObjectListIterator;III)Lit/unimi/dsi/fastutil/objects/ObjectListIterator; -> Prepare ->  -> { target: compute(Lnet/minecraft/world/level/levelgen/DensityFunction$FunctionContext;)D }]
	at MC-BOOTSTRAP/org.spongepowered.mixin/org.spongepowered.asm.mixin.injection.code.Injector.findTargetNodes(Injector.java:312) ~[sponge-mixin-0.15.2+mixin.0.8.7.jar%2373!/:0.15.2+mixin.0.8.7] {}
	at MC-BOOTSTRAP/org.spongepowered.mixin/org.spongepowered.asm.mixin.injection.code.Injector.find(Injector.java:248) ~[sponge-mixin-0.15.2+mixin.0.8.7.jar%2373!/:0.15.2+mixin.0.8.7] {}
	at MC-BOOTSTRAP/org.spongepowered.mixin/org.spongepowered.asm.mixin.injection.struct.InjectionInfo.prepare(InjectionInfo.java:475) ~[sponge-mixin-0.15.2+mixin.0.8.7.jar%2373!/:0.15.2+mixin.0.8.7] {}
	at TRANSFORMER/mixinextras.neoforge@0.5.3/com.llamalad7.mixinextras.injector.ModifyExpressionValueInjectionInfo.prepare(ModifyExpressionValueInjectionInfo.java:25) ~[mixinextras-neoforge-0.5.3.jar%23135!/:?] {re:classloading}
	at TRANSFORMER/mixinextras.neoforge@0.5.3/com.llamalad7.mixinextras.wrapper.InjectorWrapperImpl.prepare(InjectorWrapperImpl.java:56) ~[mixinextras-neoforge-0.5.3.jar%23135!/:?] {re:classloading}
	at TRANSFORMER/mixinextras.neoforge@0.5.3/com.llamalad7.mixinextras.sugar.impl.SugarWrapperImpl.prepare(SugarWrapperImpl.java:70) ~[mixinextras-neoforge-0.5.3.jar%23135!/:?] {re:classloading}
	at TRANSFORMER/mixinextras.neoforge@0.5.3/com.llamalad7.mixinextras.wrapper.WrapperInjectionInfo.prepare(WrapperInjectionInfo.java:64) ~[mixinextras-neoforge-0.5.3.jar%23135!/:?] {re:classloading}
	at MC-BOOTSTRAP/org.spongepowered.mixin/org.spongepowered.asm.mixin.transformer.MixinTargetContext.prepareInjections(MixinTargetContext.java:1407) ~[sponge-mixin-0.15.2+mixin.0.8.7.jar%2373!/:0.15.2+mixin.0.8.7] {}
	at MC-BOOTSTRAP/org.spongepowered.mixin/org.spongepowered.asm.mixin.transformer.MixinApplicatorStandard.prepareInjections(MixinApplicatorStandard.java:731) ~[sponge-mixin-0.15.2+mixin.0.8.7.jar%2373!/:0.15.2+mixin.0.8.7] {}
	at MC-BOOTSTRAP/org.spongepowered.mixin/org.spongepowered.asm.mixin.transformer.MixinApplicatorStandard.applyMixin(MixinApplicatorStandard.java:315) ~[sponge-mixin-0.15.2+mixin.0.8.7.jar%2373!/:0.15.2+mixin.0.8.7] {}
	at MC-BOOTSTRAP/org.spongepowered.mixin/org.spongepowered.asm.mixin.transformer.MixinApplicatorStandard.apply(MixinApplicatorStandard.java:246) ~[sponge-mixin-0.15.2+mixin.0.8.7.jar%2373!/:0.15.2+mixin.0.8.7] {}
	at MC-BOOTSTRAP/org.spongepowered.mixin/org.spongepowered.asm.mixin.transformer.TargetClassContext.apply(TargetClassContext.java:437) ~[sponge-mixin-0.15.2+mixin.0.8.7.jar%2373!/:0.15.2+mixin.0.8.7] {}
	at MC-BOOTSTRAP/org.spongepowered.mixin/org.spongepowered.asm.mixin.transformer.TargetClassContext.applyMixins(TargetClassContext.java:418) ~[sponge-mixin-0.15.2+mixin.0.8.7.jar%2373!/:0.15.2+mixin.0.8.7] {}
	at MC-BOOTSTRAP/org.spongepowered.mixin/org.spongepowered.asm.mixin.transformer.MixinProcessor.applyMixins(MixinProcessor.java:363) ~[sponge-mixin-0.15.2+mixin.0.8.7.jar%2373!/:0.15.2+mixin.0.8.7] {}
	at MC-BOOTSTRAP/org.spongepowered.mixin/org.spongepowered.asm.mixin.transformer.MixinTransformer.transformClass(MixinTransformer.java:250) ~[sponge-mixin-0.15.2+mixin.0.8.7.jar%2373!/:0.15.2+mixin.0.8.7] {}
	at MC-BOOTSTRAP/org.spongepowered.mixin/org.spongepowered.asm.service.modlauncher.MixinTransformationHandler.processClass(MixinTransformationHandler.java:131) ~[sponge-mixin-0.15.2+mixin.0.8.7.jar%2373!/:0.15.2+mixin.0.8.7] {}
	at MC-BOOTSTRAP/org.spongepowered.mixin/org.spongepowered.asm.launch.MixinLaunchPluginLegacy.processClass(MixinLaunchPluginLegacy.java:131) ~[sponge-mixin-0.15.2+mixin.0.8.7.jar%2373!/:0.15.2+mixin.0.8.7] {}
	at MC-BOOTSTRAP/cpw.mods.modlauncher@11.0.5/cpw.mods.modlauncher.serviceapi.ILaunchPluginService.processClassWithFlags(ILaunchPluginService.java:156) ~[modlauncher-11.0.5.jar%2364!/:11.0.5+main.901c6ea8] {}
	at MC-BOOTSTRAP/cpw.mods.modlauncher@11.0.5/cpw.mods.modlauncher.LaunchPluginHandler.offerClassNodeToPlugins(LaunchPluginHandler.java:94) ~[modlauncher-11.0.5.jar%2364!/:?] {}
	at MC-BOOTSTRAP/cpw.mods.modlauncher@11.0.5/cpw.mods.modlauncher.ClassTransformer.transform(ClassTransformer.java:120) ~[modlauncher-11.0.5.jar%2364!/:?] {}
	at MC-BOOTSTRAP/cpw.mods.modlauncher@11.0.5/cpw.mods.modlauncher.TransformingClassLoader.maybeTransformClassBytes(TransformingClassLoader.java:57) ~[modlauncher-11.0.5.jar%2364!/:?] {}
	at cpw.mods.securejarhandler/cpw.mods.cl.ModuleClassLoader.readerToClass(ModuleClassLoader.java:190) ~[securejarhandler-3.0.8.jar:?] {}
	at cpw.mods.securejarhandler/cpw.mods.cl.ModuleClassLoader.lambda$findClass$20(ModuleClassLoader.java:298) ~[securejarhandler-3.0.8.jar:?] {}
	at cpw.mods.securejarhandler/cpw.mods.cl.ModuleClassLoader.loadFromModule(ModuleClassLoader.java:311) ~[securejarhandler-3.0.8.jar:?] {}
	at cpw.mods.securejarhandler/cpw.mods.cl.ModuleClassLoader.findClass(ModuleClassLoader.java:298) ~[securejarhandler-3.0.8.jar:?] {}
	at cpw.mods.securejarhandler/cpw.mods.cl.ModuleClassLoader.loadClass(ModuleClassLoader.java:214) ~[securejarhandler-3.0.8.jar:?] {}
	at java.base/java.lang.ClassLoader.loadClass(ClassLoader.java:526) ~[?:?] {}
	at TRANSFORMER/minecraft@1.21.1/net.minecraft.world.level.levelgen.NoiseBasedChunkGenerator.createNoiseChunk(NoiseBasedChunkGenerator.java:106) ~[server-1.21.1-20240808.144430-srg.jar%23120!/:?] {re:mixin,pl:accesstransformer:B,re:mixin,pl:accesstransformer:B,re:mixin,pl:accesstransformer:B,re:classloading,pl:accesstransformer:B,pl:mixin:APP:generator_accelerator.mixins.json:MixinNoiseBasedChunkGenerator$fast_do_fill from mod generator_accelerator,pl:mixin:APP:generator_accelerator.mixins.json:MixinNoiseBasedChunkGenerator$optimize_apply_carvers from mod generator_accelerator,pl:mixin:APP:generator_accelerator.mixins.json:MixinNoiseBasedChunkGenerator$optimize_iterate_noise_column from mod generator_accelerator,pl:mixin:APP:generator_accelerator_density_compiler.mixins.json:NoiseBasedChunkGeneratorMixin from mod generator_accelerator,pl:mixin:APP:bons_and_furious.beardifier.mixins.json:CreateNoiseChunkMixin from mod bons_and_furious,pl:mixin:APP:bons_and_furious.terrain.mixins.json:ColumnHeightShareMixin from mod bons_and_furious,pl:mixin:A}
	at TRANSFORMER/minecraft@1.21.1/net.minecraft.world.level.levelgen.NoiseBasedChunkGenerator.lambda$doCreateBiomes$6(NoiseBasedChunkGenerator.java:98) ~[server-1.21.1-20240808.144430-srg.jar%23120!/:?] {re:mixin,pl:accesstransformer:B,re:mixin,pl:accesstransformer:B,re:mixin,pl:accesstransformer:B,re:classloading,pl:accesstransformer:B,pl:mixin:APP:generator_accelerator.mixins.json:MixinNoiseBasedChunkGenerator$fast_do_fill from mod generator_accelerator,pl:mixin:APP:generator_accelerator.mixins.json:MixinNoiseBasedChunkGenerator$optimize_apply_carvers from mod generator_accelerator,pl:mixin:APP:generator_accelerator.mixins.json:MixinNoiseBasedChunkGenerator$optimize_iterate_noise_column from mod generator_accelerator,pl:mixin:APP:generator_accelerator_density_compiler.mixins.json:NoiseBasedChunkGeneratorMixin from mod generator_accelerator,pl:mixin:APP:bons_and_furious.beardifier.mixins.json:CreateNoiseChunkMixin from mod bons_and_furious,pl:mixin:APP:bons_and_furious.terrain.mixins.json:ColumnHeightShareMixin from mod bons_and_furious,pl:mixin:A}
	at TRANSFORMER/minecraft@1.21.1/net.minecraft.world.level.chunk.ChunkAccess.getOrCreateNoiseChunk(ChunkAccess.java:417) ~[server-1.21.1-20240808.144430-srg.jar%23120!/:?] {re:mixin,re:classloading,pl:mixin:APP:generator_accelerator.mixins.json:accessor.MixinChunkAccessAccessor from mod generator_accelerator,pl:mixin:APP:generator_accelerator_structures.mixins.json:MixinChunkAccess$SynchronizeStructureData from mod generator_accelerator,pl:mixin:APP:generator_accelerator_features.mixins.json:MixinChunkAccess from mod generator_accelerator,pl:mixin:APP:generator_accelerator_features.mixins.json:MixinChunkAccess$fast_block_light_sources from mod generator_accelerator,pl:mixin:A}
	at TRANSFORMER/minecraft@1.21.1/net.minecraft.world.level.levelgen.NoiseBasedChunkGenerator.doCreateBiomes(NoiseBasedChunkGenerator.java:98) ~[server-1.21.1-20240808.144430-srg.jar%23120!/:?] {re:mixin,pl:accesstransformer:B,re:mixin,pl:accesstransformer:B,re:mixin,pl:accesstransformer:B,re:classloading,pl:accesstransformer:B,pl:mixin:APP:generator_accelerator.mixins.json:MixinNoiseBasedChunkGenerator$fast_do_fill from mod generator_accelerator,pl:mixin:APP:generator_accelerator.mixins.json:MixinNoiseBasedChunkGenerator$optimize_apply_carvers from mod generator_accelerator,pl:mixin:APP:generator_accelerator.mixins.json:MixinNoiseBasedChunkGenerator$optimize_iterate_noise_column from mod generator_accelerator,pl:mixin:APP:generator_accelerator_density_compiler.mixins.json:NoiseBasedChunkGeneratorMixin from mod generator_accelerator,pl:mixin:APP:bons_and_furious.beardifier.mixins.json:CreateNoiseChunkMixin from mod bons_and_furious,pl:mixin:APP:bons_and_furious.terrain.mixins.json:ColumnHeightShareMixin from mod bons_and_furious,pl:mixin:A}
	at TRANSFORMER/minecraft@1.21.1/net.minecraft.world.level.levelgen.NoiseBasedChunkGenerator.lambda$createBiomes$5(NoiseBasedChunkGenerator.java:92) ~[server-1.21.1-20240808.144430-srg.jar%23120!/:?] {re:mixin,pl:accesstransformer:B,re:mixin,pl:accesstransformer:B,re:mixin,pl:accesstransformer:B,re:classloading,pl:accesstransformer:B,pl:mixin:APP:generator_accelerator.mixins.json:MixinNoiseBasedChunkGenerator$fast_do_fill from mod generator_accelerator,pl:mixin:APP:generator_accelerator.mixins.json:MixinNoiseBasedChunkGenerator$optimize_apply_carvers from mod generator_accelerator,pl:mixin:APP:generator_accelerator.mixins.json:MixinNoiseBasedChunkGenerator$optimize_iterate_noise_column from mod generator_accelerator,pl:mixin:APP:generator_accelerator_density_compiler.mixins.json:NoiseBasedChunkGeneratorMixin from mod generator_accelerator,pl:mixin:APP:bons_and_furious.beardifier.mixins.json:CreateNoiseChunkMixin from mod bons_and_furious,pl:mixin:APP:bons_and_furious.terrain.mixins.json:ColumnHeightShareMixin from mod bons_and_furious,pl:mixin:A}
	at java.base/java.util.concurrent.CompletableFuture$AsyncSupply.run(CompletableFuture.java:1768) [?:?] {}
	at java.base/java.util.concurrent.CompletableFuture$AsyncSupply.exec(CompletableFuture.java:1760) [?:?] {}
	at java.base/java.util.concurrent.ForkJoinTask.doExec(ForkJoinTask.java:387) [?:?] {}
	at java.base/java.util.concurrent.ForkJoinPool$WorkQueue.topLevelExec(ForkJoinPool.java:1312) [?:?] {}
	at java.base/java.util.concurrent.ForkJoinPool.scan(ForkJoinPool.java:1843) [?:?] {}
	at java.base/java.util.concurrent.ForkJoinPool.runWorker(ForkJoinPool.java:1808) [?:?] {}
	at java.base/java.util.concurrent.ForkJoinWorkerThread.run(ForkJoinWorkerThread.java:188) [?:?] {}
[04:50:49] [Worker-Main-14/FATAL] [mixin/]: Mixin apply for mod bons_and_furious failed bons_and_furious.worldgen_beardifier_bounds.mixins.json:BeardifierBoundsMixin from mod bons_and_furious -> net.minecraft.world.level.levelgen.Beardifier: org.spongepowered.asm.mixin.injection.throwables.InvalidInjectionException @At("FIELD") on net/minecraft/world/level/levelgen/Beardifier::bons$rigids with priority 1000 cannot inject into net/minecraft/world/level/levelgen/Beardifier::compute(Lnet/minecraft/world/level/levelgen/DensityFunction$FunctionContext;)D merged by dev.sixik.generator_accelerator.common.beardifier.mixin.MixinBeardifier with priority 1000 [INJECT_PREPARE Applicator Phase -> bons_and_furious.worldgen_beardifier_bounds.mixins.json:BeardifierBoundsMixin from mod bons_and_furious -> Prepare Injections -> modifyExpressionValue$zgo000$bons_and_furious$bons$rigids(Lit/unimi/dsi/fastutil/objects/ObjectListIterator;III)Lit/unimi/dsi/fastutil/objects/ObjectListIterator; -> Prepare ->  -> { target: compute(Lnet/minecraft/world/level/levelgen/DensityFunction$FunctionContext;)D }]
org.spongepowered.asm.mixin.injection.throwables.InvalidInjectionException: @At("FIELD") on net/minecraft/world/level/levelgen/Beardifier::bons$rigids with priority 1000 cannot inject into net/minecraft/world/level/levelgen/Beardifier::compute(Lnet/minecraft/world/level/levelgen/DensityFunction$FunctionContext;)D merged by dev.sixik.generator_accelerator.common.beardifier.mixin.MixinBeardifier with priority 1000 [INJECT_PREPARE Applicator Phase -> bons_and_furious.worldgen_beardifier_bounds.mixins.json:BeardifierBoundsMixin from mod bons_and_furious -> Prepare Injections -> modifyExpressionValue$zgo000$bons_and_furious$bons$rigids(Lit/unimi/dsi/fastutil/objects/ObjectListIterator;III)Lit/unimi/dsi/fastutil/objects/ObjectListIterator; -> Prepare ->  -> { target: compute(Lnet/minecraft/world/level/levelgen/DensityFunction$FunctionContext;)D }]
	at MC-BOOTSTRAP/org.spongepowered.mixin/org.spongepowered.asm.mixin.injection.code.Injector.findTargetNodes(Injector.java:312) ~[sponge-mixin-0.15.2+mixin.0.8.7.jar%2373!/:0.15.2+mixin.0.8.7] {}
	at MC-BOOTSTRAP/org.spongepowered.mixin/org.spongepowered.asm.mixin.injection.code.Injector.find(Injector.java:248) ~[sponge-mixin-0.15.2+mixin.0.8.7.jar%2373!/:0.15.2+mixin.0.8.7] {}
	at MC-BOOTSTRAP/org.spongepowered.mixin/org.spongepowered.asm.mixin.injection.struct.InjectionInfo.prepare(InjectionInfo.java:475) ~[sponge-mixin-0.15.2+mixin.0.8.7.jar%2373!/:0.15.2+mixin.0.8.7] {}
	at TRANSFORMER/mixinextras.neoforge@0.5.3/com.llamalad7.mixinextras.injector.ModifyExpressionValueInjectionInfo.prepare(ModifyExpressionValueInjectionInfo.java:25) ~[mixinextras-neoforge-0.5.3.jar%23135!/:?] {re:classloading}
	at TRANSFORMER/mixinextras.neoforge@0.5.3/com.llamalad7.mixinextras.wrapper.InjectorWrapperImpl.prepare(InjectorWrapperImpl.java:56) ~[mixinextras-neoforge-0.5.3.jar%23135!/:?] {re:classloading}
	at TRANSFORMER/mixinextras.neoforge@0.5.3/com.llamalad7.mixinextras.sugar.impl.SugarWrapperImpl.prepare(SugarWrapperImpl.java:70) ~[mixinextras-neoforge-0.5.3.jar%23135!/:?] {re:classloading}
	at TRANSFORMER/mixinextras.neoforge@0.5.3/com.llamalad7.mixinextras.wrapper.WrapperInjectionInfo.prepare(WrapperInjectionInfo.java:64) ~[mixinextras-neoforge-0.5.3.jar%23135!/:?] {re:classloading}
	at MC-BOOTSTRAP/org.spongepowered.mixin/org.spongepowered.asm.mixin.transformer.MixinTargetContext.prepareInjections(MixinTargetContext.java:1407) ~[sponge-mixin-0.15.2+mixin.0.8.7.jar%2373!/:0.15.2+mixin.0.8.7] {}
	at MC-BOOTSTRAP/org.spongepowered.mixin/org.spongepowered.asm.mixin.transformer.MixinApplicatorStandard.prepareInjections(MixinApplicatorStandard.java:731) ~[sponge-mixin-0.15.2+mixin.0.8.7.jar%2373!/:0.15.2+mixin.0.8.7] {}
	at MC-BOOTSTRAP/org.spongepowered.mixin/org.spongepowered.asm.mixin.transformer.MixinApplicatorStandard.applyMixin(MixinApplicatorStandard.java:315) ~[sponge-mixin-0.15.2+mixin.0.8.7.jar%2373!/:0.15.2+mixin.0.8.7] {}
	at MC-BOOTSTRAP/org.spongepowered.mixin/org.spongepowered.asm.mixin.transformer.MixinApplicatorStandard.apply(MixinApplicatorStandard.java:246) ~[sponge-mixin-0.15.2+mixin.0.8.7.jar%2373!/:0.15.2+mixin.0.8.7] {}
	at MC-BOOTSTRAP/org.spongepowered.mixin/org.spongepowered.asm.mixin.transformer.TargetClassContext.apply(TargetClassContext.java:437) ~[sponge-mixin-0.15.2+mixin.0.8.7.jar%2373!/:0.15.2+mixin.0.8.7] {}
	at MC-BOOTSTRAP/org.spongepowered.mixin/org.spongepowered.asm.mixin.transformer.TargetClassContext.applyMixins(TargetClassContext.java:418) ~[sponge-mixin-0.15.2+mixin.0.8.7.jar%2373!/:0.15.2+mixin.0.8.7] {}
	at MC-BOOTSTRAP/org.spongepowered.mixin/org.spongepowered.asm.mixin.transformer.MixinProcessor.applyMixins(MixinProcessor.java:363) ~[sponge-mixin-0.15.2+mixin.0.8.7.jar%2373!/:0.15.2+mixin.0.8.7] {}
	at MC-BOOTSTRAP/org.spongepowered.mixin/org.spongepowered.asm.mixin.transformer.MixinTransformer.transformClass(MixinTransformer.java:250) ~[sponge-mixin-0.15.2+mixin.0.8.7.jar%2373!/:0.15.2+mixin.0.8.7] {}
	at MC-BOOTSTRAP/org.spongepowered.mixin/org.spongepowered.asm.service.modlauncher.MixinTransformationHandler.processClass(MixinTransformationHandler.java:131) ~[sponge-mixin-0.15.2+mixin.0.8.7.jar%2373!/:0.15.2+mixin.0.8.7] {}
	at MC-BOOTSTRAP/org.spongepowered.mixin/org.spongepowered.asm.launch.MixinLaunchPluginLegacy.processClass(MixinLaunchPluginLegacy.java:131) ~[sponge-mixin-0.15.2+mixin.0.8.7.jar%2373!/:0.15.2+mixin.0.8.7] {}
	at MC-BOOTSTRAP/cpw.mods.modlauncher@11.0.5/cpw.mods.modlauncher.serviceapi.ILaunchPluginService.processClassWithFlags(ILaunchPluginService.java:156) ~[modlauncher-11.0.5.jar%2364!/:11.0.5+main.901c6ea8] {}
	at MC-BOOTSTRAP/cpw.mods.modlauncher@11.0.5/cpw.mods.modlauncher.LaunchPluginHandler.offerClassNodeToPlugins(LaunchPluginHandler.java:94) ~[modlauncher-11.0.5.jar%2364!/:?] {}
	at MC-BOOTSTRAP/cpw.mods.modlauncher@11.0.5/cpw.mods.modlauncher.ClassTransformer.transform(ClassTransformer.java:120) ~[modlauncher-11.0.5.jar%2364!/:?] {}
	at MC-BOOTSTRAP/cpw.mods.modlauncher@11.0.5/cpw.mods.modlauncher.TransformingClassLoader.maybeTransformClassBytes(TransformingClassLoader.java:57) ~[modlauncher-11.0.5.jar%2364!/:?] {}
	at cpw.mods.securejarhandler/cpw.mods.cl.ModuleClassLoader.readerToClass(ModuleClassLoader.java:190) ~[securejarhandler-3.0.8.jar:?] {}
	at cpw.mods.securejarhandler/cpw.mods.cl.ModuleClassLoader.lambda$findClass$20(ModuleClassLoader.java:298) ~[securejarhandler-3.0.8.jar:?] {}
	at cpw.mods.securejarhandler/cpw.mods.cl.ModuleClassLoader.loadFromModule(ModuleClassLoader.java:311) ~[securejarhandler-3.0.8.jar:?] {}
	at cpw.mods.securejarhandler/cpw.mods.cl.ModuleClassLoader.findClass(ModuleClassLoader.java:298) ~[securejarhandler-3.0.8.jar:?] {}
	at cpw.mods.securejarhandler/cpw.mods.cl.ModuleClassLoader.loadClass(ModuleClassLoader.java:214) ~[securejarhandler-3.0.8.jar:?] {}
	at java.base/java.lang.ClassLoader.loadClass(ClassLoader.java:526) ~[?:?] {}
	at TRANSFORMER/minecraft@1.21.1/net.minecraft.world.level.levelgen.NoiseBasedChunkGenerator.createNoiseChunk(NoiseBasedChunkGenerator.java:106) ~[server-1.21.1-20240808.144430-srg.jar%23120!/:?] {re:mixin,pl:accesstransformer:B,re:mixin,pl:accesstransformer:B,re:mixin,pl:accesstransformer:B,re:classloading,pl:accesstransformer:B,pl:mixin:APP:generator_accelerator.mixins.json:MixinNoiseBasedChunkGenerator$fast_do_fill from mod generator_accelerator,pl:mixin:APP:generator_accelerator.mixins.json:MixinNoiseBasedChunkGenerator$optimize_apply_carvers from mod generator_accelerator,pl:mixin:APP:generator_accelerator.mixins.json:MixinNoiseBasedChunkGenerator$optimize_iterate_noise_column from mod generator_accelerator,pl:mixin:APP:generator_accelerator_density_compiler.mixins.json:NoiseBasedChunkGeneratorMixin from mod generator_accelerator,pl:mixin:APP:bons_and_furious.beardifier.mixins.json:CreateNoiseChunkMixin from mod bons_and_furious,pl:mixin:APP:bons_and_furious.terrain.mixins.json:ColumnHeightShareMixin from mod bons_and_furious,pl:mixin:A}
	at TRANSFORMER/minecraft@1.21.1/net.minecraft.world.level.levelgen.NoiseBasedChunkGenerator.lambda$doCreateBiomes$6(NoiseBasedChunkGenerator.java:98) ~[server-1.21.1-20240808.144430-srg.jar%23120!/:?] {re:mixin,pl:accesstransformer:B,re:mixin,pl:accesstransformer:B,re:mixin,pl:accesstransformer:B,re:classloading,pl:accesstransformer:B,pl:mixin:APP:generator_accelerator.mixins.json:MixinNoiseBasedChunkGenerator$fast_do_fill from mod generator_accelerator,pl:mixin:APP:generator_accelerator.mixins.json:MixinNoiseBasedChunkGenerator$optimize_apply_carvers from mod generator_accelerator,pl:mixin:APP:generator_accelerator.mixins.json:MixinNoiseBasedChunkGenerator$optimize_iterate_noise_column from mod generator_accelerator,pl:mixin:APP:generator_accelerator_density_compiler.mixins.json:NoiseBasedChunkGeneratorMixin from mod generator_accelerator,pl:mixin:APP:bons_and_furious.beardifier.mixins.json:CreateNoiseChunkMixin from mod bons_and_furious,pl:mixin:APP:bons_and_furious.terrain.mixins.json:ColumnHeightShareMixin from mod bons_and_furious,pl:mixin:A}
	at TRANSFORMER/minecraft@1.21.1/net.minecraft.world.level.chunk.ChunkAccess.getOrCreateNoiseChunk(ChunkAccess.java:417) ~[server-1.21.1-20240808.144430-srg.jar%23120!/:?] {re:mixin,re:classloading,pl:mixin:APP:generator_accelerator.mixins.json:accessor.MixinChunkAccessAccessor from mod generator_accelerator,pl:mixin:APP:generator_accelerator_structures.mixins.json:MixinChunkAccess$SynchronizeStructureData from mod generator_accelerator,pl:mixin:APP:generator_accelerator_features.mixins.json:MixinChunkAccess from mod generator_accelerator,pl:mixin:APP:generator_accelerator_features.mixins.json:MixinChunkAccess$fast_block_light_sources from mod generator_accelerator,pl:mixin:A}
	at TRANSFORMER/minecraft@1.21.1/net.minecraft.world.level.levelgen.NoiseBasedChunkGenerator.doCreateBiomes(NoiseBasedChunkGenerator.java:98) ~[server-1.21.1-20240808.144430-srg.jar%23120!/:?] {re:mixin,pl:accesstransformer:B,re:mixin,pl:accesstransformer:B,re:mixin,pl:accesstransformer:B,re:classloading,pl:accesstransformer:B,pl:mixin:APP:generator_accelerator.mixins.json:MixinNoiseBasedChunkGenerator$fast_do_fill from mod generator_accelerator,pl:mixin:APP:generator_accelerator.mixins.json:MixinNoiseBasedChunkGenerator$optimize_apply_carvers from mod generator_accelerator,pl:mixin:APP:generator_accelerator.mixins.json:MixinNoiseBasedChunkGenerator$optimize_iterate_noise_column from mod generator_accelerator,pl:mixin:APP:generator_accelerator_density_compiler.mixins.json:NoiseBasedChunkGeneratorMixin from mod generator_accelerator,pl:mixin:APP:bons_and_furious.beardifier.mixins.json:CreateNoiseChunkMixin from mod bons_and_furious,pl:mixin:APP:bons_and_furious.terrain.mixins.json:ColumnHeightShareMixin from mod bons_and_furious,pl:mixin:A}
	at TRANSFORMER/minecraft@1.21.1/net.minecraft.world.level.levelgen.NoiseBasedChunkGenerator.lambda$createBiomes$5(NoiseBasedChunkGenerator.java:92) ~[server-1.21.1-20240808.144430-srg.jar%23120!/:?] {re:mixin,pl:accesstransformer:B,re:mixin,pl:accesstransformer:B,re:mixin,pl:accesstransformer:B,re:classloading,pl:accesstransformer:B,pl:mixin:APP:generator_accelerator.mixins.json:MixinNoiseBasedChunkGenerator$fast_do_fill from mod generator_accelerator,pl:mixin:APP:generator_accelerator.mixins.json:MixinNoiseBasedChunkGenerator$optimize_apply_carvers from mod generator_accelerator,pl:mixin:APP:generator_accelerator.mixins.json:MixinNoiseBasedChunkGenerator$optimize_iterate_noise_column from mod generator_accelerator,pl:mixin:APP:generator_accelerator_density_compiler.mixins.json:NoiseBasedChunkGeneratorMixin from mod generator_accelerator,pl:mixin:APP:bons_and_furious.beardifier.mixins.json:CreateNoiseChunkMixin from mod bons_and_furious,pl:mixin:APP:bons_and_furious.terrain.mixins.json:ColumnHeightShareMixin from mod bons_and_furious,pl:mixin:A}
	at java.base/java.util.concurrent.CompletableFuture$AsyncSupply.run(CompletableFuture.java:1768) [?:?] {}
	at java.base/java.util.concurrent.CompletableFuture$AsyncSupply.exec(CompletableFuture.java:1760) [?:?] {}
	at java.base/java.util.concurrent.ForkJoinTask.doExec(ForkJoinTask.java:387) [?:?] {}
	at java.base/java.util.concurrent.ForkJoinPool$WorkQueue.topLevelExec(ForkJoinPool.java:1312) [?:?] {}
	at java.base/java.util.concurrent.ForkJoinPool.scan(ForkJoinPool.java:1843) [?:?] {}
	at java.base/java.util.concurrent.ForkJoinPool.runWorker(ForkJoinPool.java:1808) [?:?] {}
	at java.base/java.util.concurrent.ForkJoinWorkerThread.run(ForkJoinWorkerThread.java:188) [?:?] {}
[04:50:49] [Worker-Main-15/FATAL] [mixin/]: Mixin apply for mod bons_and_furious failed bons_and_furious.worldgen_beardifier_bounds.mixins.json:BeardifierBoundsMixin from mod bons_and_furious -> net.minecraft.world.level.levelgen.Beardifier: org.spongepowered.asm.mixin.injection.throwables.InvalidInjectionException @At("FIELD") on net/minecraft/world/level/levelgen/Beardifier::bons$rigids with priority 1000 cannot inject into net/minecraft/world/level/levelgen/Beardifier::compute(Lnet/minecraft/world/level/levelgen/DensityFunction$FunctionContext;)D merged by dev.sixik.generator_accelerator.common.beardifier.mixin.MixinBeardifier with priority 1000 [INJECT_PREPARE Applicator Phase -> bons_and_furious.worldgen_beardifier_bounds.mixins.json:BeardifierBoundsMixin from mod bons_and_furious -> Prepare Injections -> modifyExpressionValue$zgo000$bons_and_furious$bons$rigids(Lit/unimi/dsi/fastutil/objects/ObjectListIterator;III)Lit/unimi/dsi/fastutil/objects/ObjectListIterator; -> Prepare ->  -> { target: compute(Lnet/minecraft/world/level/levelgen/DensityFunction$FunctionContext;)D }]
org.spongepowered.asm.mixin.injection.throwables.InvalidInjectionException: @At("FIELD") on net/minecraft/world/level/levelgen/Beardifier::bons$rigids with priority 1000 cannot inject into net/minecraft/world/level/levelgen/Beardifier::compute(Lnet/minecraft/world/level/levelgen/DensityFunction$FunctionContext;)D merged by dev.sixik.generator_accelerator.common.beardifier.mixin.MixinBeardifier with priority 1000 [INJECT_PREPARE Applicator Phase -> bons_and_furious.worldgen_beardifier_bounds.mixins.json:BeardifierBoundsMixin from mod bons_and_furious -> Prepare Injections -> modifyExpressionValue$zgo000$bons_and_furious$bons$rigids(Lit/unimi/dsi/fastutil/objects/ObjectListIterator;III)Lit/unimi/dsi/fastutil/objects/ObjectListIterator; -> Prepare ->  -> { target: compute(Lnet/minecraft/world/level/levelgen/DensityFunction$FunctionContext;)D }]
	at MC-BOOTSTRAP/org.spongepowered.mixin/org.spongepowered.asm.mixin.injection.code.Injector.findTargetNodes(Injector.java:312) ~[sponge-mixin-0.15.2+mixin.0.8.7.jar%2373!/:0.15.2+mixin.0.8.7] {}
	at MC-BOOTSTRAP/org.spongepowered.mixin/org.spongepowered.asm.mixin.injection.code.Injector.find(Injector.java:248) ~[sponge-mixin-0.15.2+mixin.0.8.7.jar%2373!/:0.15.2+mixin.0.8.7] {}
	at MC-BOOTSTRAP/org.spongepowered.mixin/org.spongepowered.asm.mixin.injection.struct.InjectionInfo.prepare(InjectionInfo.java:475) ~[sponge-mixin-0.15.2+mixin.0.8.7.jar%2373!/:0.15.2+mixin.0.8.7] {}
	at TRANSFORMER/mixinextras.neoforge@0.5.3/com.llamalad7.mixinextras.injector.ModifyExpressionValueInjectionInfo.prepare(ModifyExpressionValueInjectionInfo.java:25) ~[mixinextras-neoforge-0.5.3.jar%23135!/:?] {re:classloading}
	at TRANSFORMER/mixinextras.neoforge@0.5.3/com.llamalad7.mixinextras.wrapper.InjectorWrapperImpl.prepare(InjectorWrapperImpl.java:56) ~[mixinextras-neoforge-0.5.3.jar%23135!/:?] {re:classloading}
	at TRANSFORMER/mixinextras.neoforge@0.5.3/com.llamalad7.mixinextras.sugar.impl.SugarWrapperImpl.prepare(SugarWrapperImpl.java:70) ~[mixinextras-neoforge-0.5.3.jar%23135!/:?] {re:classloading}
	at TRANSFORMER/mixinextras.neoforge@0.5.3/com.llamalad7.mixinextras.wrapper.WrapperInjectionInfo.prepare(WrapperInjectionInfo.java:64) ~[mixinextras-neoforge-0.5.3.jar%23135!/:?] {re:classloading}
	at MC-BOOTSTRAP/org.spongepowered.mixin/org.spongepowered.asm.mixin.transformer.MixinTargetContext.prepareInjections(MixinTargetContext.java:1407) ~[sponge-mixin-0.15.2+mixin.0.8.7.jar%2373!/:0.15.2+mixin.0.8.7] {}
	at MC-BOOTSTRAP/org.spongepowered.mixin/org.spongepowered.asm.mixin.transformer.MixinApplicatorStandard.prepareInjections(MixinApplicatorStandard.java:731) ~[sponge-mixin-0.15.2+mixin.0.8.7.jar%2373!/:0.15.2+mixin.0.8.7] {}
	at MC-BOOTSTRAP/org.spongepowered.mixin/org.spongepowered.asm.mixin.transformer.MixinApplicatorStandard.applyMixin(MixinApplicatorStandard.java:315) ~[sponge-mixin-0.15.2+mixin.0.8.7.jar%2373!/:0.15.2+mixin.0.8.7] {}
	at MC-BOOTSTRAP/org.spongepowered.mixin/org.spongepowered.asm.mixin.transformer.MixinApplicatorStandard.apply(MixinApplicatorStandard.java:246) ~[sponge-mixin-0.15.2+mixin.0.8.7.jar%2373!/:0.15.2+mixin.0.8.7] {}
	at MC-BOOTSTRAP/org.spongepowered.mixin/org.spongepowered.asm.mixin.transformer.TargetClassContext.apply(TargetClassContext.java:437) ~[sponge-mixin-0.15.2+mixin.0.8.7.jar%2373!/:0.15.2+mixin.0.8.7] {}
	at MC-BOOTSTRAP/org.spongepowered.mixin/org.spongepowered.asm.mixin.transformer.TargetClassContext.applyMixins(TargetClassContext.java:418) ~[sponge-mixin-0.15.2+mixin.0.8.7.jar%2373!/:0.15.2+mixin.0.8.7] {}
	at MC-BOOTSTRAP/org.spongepowered.mixin/org.spongepowered.asm.mixin.transformer.MixinProcessor.applyMixins(MixinProcessor.java:363) ~[sponge-mixin-0.15.2+mixin.0.8.7.jar%2373!/:0.15.2+mixin.0.8.7] {}
	at MC-BOOTSTRAP/org.spongepowered.mixin/org.spongepowered.asm.mixin.transformer.MixinTransformer.transformClass(MixinTransformer.java:250) ~[sponge-mixin-0.15.2+mixin.0.8.7.jar%2373!/:0.15.2+mixin.0.8.7] {}
	at MC-BOOTSTRAP/org.spongepowered.mixin/org.spongepowered.asm.service.modlauncher.MixinTransformationHandler.processClass(MixinTransformationHandler.java:131) ~[sponge-mixin-0.15.2+mixin.0.8.7.jar%2373!/:0.15.2+mixin.0.8.7] {}
	at MC-BOOTSTRAP/org.spongepowered.mixin/org.spongepowered.asm.launch.MixinLaunchPluginLegacy.processClass(MixinLaunchPluginLegacy.java:131) ~[sponge-mixin-0.15.2+mixin.0.8.7.jar%2373!/:0.15.2+mixin.0.8.7] {}
	at MC-BOOTSTRAP/cpw.mods.modlauncher@11.0.5/cpw.mods.modlauncher.serviceapi.ILaunchPluginService.processClassWithFlags(ILaunchPluginService.java:156) ~[modlauncher-11.0.5.jar%2364!/:11.0.5+main.901c6ea8] {}
	at MC-BOOTSTRAP/cpw.mods.modlauncher@11.0.5/cpw.mods.modlauncher.LaunchPluginHandler.offerClassNodeToPlugins(LaunchPluginHandler.java:94) ~[modlauncher-11.0.5.jar%2364!/:?] {}
	at MC-BOOTSTRAP/cpw.mods.modlauncher@11.0.5/cpw.mods.modlauncher.ClassTransformer.transform(ClassTransformer.java:120) ~[modlauncher-11.0.5.jar%2364!/:?] {}
	at MC-BOOTSTRAP/cpw.mods.modlauncher@11.0.5/cpw.mods.modlauncher.TransformingClassLoader.maybeTransformClassBytes(TransformingClassLoader.java:57) ~[modlauncher-11.0.5.jar%2364!/:?] {}
	at cpw.mods.securejarhandler/cpw.mods.cl.ModuleClassLoader.readerToClass(ModuleClassLoader.java:190) ~[securejarhandler-3.0.8.jar:?] {}
	at cpw.mods.securejarhandler/cpw.mods.cl.ModuleClassLoader.lambda$findClass$20(ModuleClassLoader.java:298) ~[securejarhandler-3.0.8.jar:?] {}
	at cpw.mods.securejarhandler/cpw.mods.cl.ModuleClassLoader.loadFromModule(ModuleClassLoader.java:311) ~[securejarhandler-3.0.8.jar:?] {}
	at cpw.mods.securejarhandler/cpw.mods.cl.ModuleClassLoader.findClass(ModuleClassLoader.java:298) ~[securejarhandler-3.0.8.jar:?] {}
	at cpw.mods.securejarhandler/cpw.mods.cl.ModuleClassLoader.loadClass(ModuleClassLoader.java:214) ~[securejarhandler-3.0.8.jar:?] {}
	at java.base/java.lang.ClassLoader.loadClass(ClassLoader.java:526) ~[?:?] {}
	at TRANSFORMER/minecraft@1.21.1/net.minecraft.world.level.levelgen.NoiseBasedChunkGenerator.createNoiseChunk(NoiseBasedChunkGenerator.java:106) ~[server-1.21.1-20240808.144430-srg.jar%23120!/:?] {re:mixin,pl:accesstransformer:B,re:mixin,pl:accesstransformer:B,re:mixin,pl:accesstransformer:B,re:classloading,pl:accesstransformer:B,pl:mixin:APP:generator_accelerator.mixins.json:MixinNoiseBasedChunkGenerator$fast_do_fill from mod generator_accelerator,pl:mixin:APP:generator_accelerator.mixins.json:MixinNoiseBasedChunkGenerator$optimize_apply_carvers from mod generator_accelerator,pl:mixin:APP:generator_accelerator.mixins.json:MixinNoiseBasedChunkGenerator$optimize_iterate_noise_column from mod generator_accelerator,pl:mixin:APP:generator_accelerator_density_compiler.mixins.json:NoiseBasedChunkGeneratorMixin from mod generator_accelerator,pl:mixin:APP:bons_and_furious.beardifier.mixins.json:CreateNoiseChunkMixin from mod bons_and_furious,pl:mixin:APP:bons_and_furious.terrain.mixins.json:ColumnHeightShareMixin from mod bons_and_furious,pl:mixin:A}
	at TRANSFORMER/minecraft@1.21.1/net.minecraft.world.level.levelgen.NoiseBasedChunkGenerator.lambda$doCreateBiomes$6(NoiseBasedChunkGenerator.java:98) ~[server-1.21.1-20240808.144430-srg.jar%23120!/:?] {re:mixin,pl:accesstransformer:B,re:mixin,pl:accesstransformer:B,re:mixin,pl:accesstransformer:B,re:classloading,pl:accesstransformer:B,pl:mixin:APP:generator_accelerator.mixins.json:MixinNoiseBasedChunkGenerator$fast_do_fill from mod generator_accelerator,pl:mixin:APP:generator_accelerator.mixins.json:MixinNoiseBasedChunkGenerator$optimize_apply_carvers from mod generator_accelerator,pl:mixin:APP:generator_accelerator.mixins.json:MixinNoiseBasedChunkGenerator$optimize_iterate_noise_column from mod generator_accelerator,pl:mixin:APP:generator_accelerator_density_compiler.mixins.json:NoiseBasedChunkGeneratorMixin from mod generator_accelerator,pl:mixin:APP:bons_and_furious.beardifier.mixins.json:CreateNoiseChunkMixin from mod bons_and_furious,pl:mixin:APP:bons_and_furious.terrain.mixins.json:ColumnHeightShareMixin from mod bons_and_furious,pl:mixin:A}
	at TRANSFORMER/minecraft@1.21.1/net.minecraft.world.level.chunk.ChunkAccess.getOrCreateNoiseChunk(ChunkAccess.java:417) ~[server-1.21.1-20240808.144430-srg.jar%23120!/:?] {re:mixin,re:classloading,pl:mixin:APP:generator_accelerator.mixins.json:accessor.MixinChunkAccessAccessor from mod generator_accelerator,pl:mixin:APP:generator_accelerator_structures.mixins.json:MixinChunkAccess$SynchronizeStructureData from mod generator_accelerator,pl:mixin:APP:generator_accelerator_features.mixins.json:MixinChunkAccess from mod generator_accelerator,pl:mixin:APP:generator_accelerator_features.mixins.json:MixinChunkAccess$fast_block_light_sources from mod generator_accelerator,pl:mixin:A}
	at TRANSFORMER/minecraft@1.21.1/net.minecraft.world.level.levelgen.NoiseBasedChunkGenerator.doCreateBiomes(NoiseBasedChunkGenerator.java:98) ~[server-1.21.1-20240808.144430-srg.jar%23120!/:?] {re:mixin,pl:accesstransformer:B,re:mixin,pl:accesstransformer:B,re:mixin,pl:accesstransformer:B,re:classloading,pl:accesstransformer:B,pl:mixin:APP:generator_accelerator.mixins.json:MixinNoiseBasedChunkGenerator$fast_do_fill from mod generator_accelerator,pl:mixin:APP:generator_accelerator.mixins.json:MixinNoiseBasedChunkGenerator$optimize_apply_carvers from mod generator_accelerator,pl:mixin:APP:generator_accelerator.mixins.json:MixinNoiseBasedChunkGenerator$optimize_iterate_noise_column from mod generator_accelerator,pl:mixin:APP:generator_accelerator_density_compiler.mixins.json:NoiseBasedChunkGeneratorMixin from mod generator_accelerator,pl:mixin:APP:bons_and_furious.beardifier.mixins.json:CreateNoiseChunkMixin from mod bons_and_furious,pl:mixin:APP:bons_and_furious.terrain.mixins.json:ColumnHeightShareMixin from mod bons_and_furious,pl:mixin:A}
	at TRANSFORMER/minecraft@1.21.1/net.minecraft.world.level.levelgen.NoiseBasedChunkGenerator.lambda$createBiomes$5(NoiseBasedChunkGenerator.java:92) ~[server-1.21.1-20240808.144430-srg.jar%23120!/:?] {re:mixin,pl:accesstransformer:B,re:mixin,pl:accesstransformer:B,re:mixin,pl:accesstransformer:B,re:classloading,pl:accesstransformer:B,pl:mixin:APP:generator_accelerator.mixins.json:MixinNoiseBasedChunkGenerator$fast_do_fill from mod generator_accelerator,pl:mixin:APP:generator_accelerator.mixins.json:MixinNoiseBasedChunkGenerator$optimize_apply_carvers from mod generator_accelerator,pl:mixin:APP:generator_accelerator.mixins.json:MixinNoiseBasedChunkGenerator$optimize_iterate_noise_column from mod generator_accelerator,pl:mixin:APP:generator_accelerator_density_compiler.mixins.json:NoiseBasedChunkGeneratorMixin from mod generator_accelerator,pl:mixin:APP:bons_and_furious.beardifier.mixins.json:CreateNoiseChunkMixin from mod bons_and_furious,pl:mixin:APP:bons_and_furious.terrain.mixins.json:ColumnHeightShareMixin from mod bons_and_furious,pl:mixin:A}
	at java.base/java.util.concurrent.CompletableFuture$AsyncSupply.run(CompletableFuture.java:1768) [?:?] {}
	at java.base/java.util.concurrent.CompletableFuture$AsyncSupply.exec(CompletableFuture.java:1760) [?:?] {}
	at java.base/java.util.concurrent.ForkJoinTask.doExec(ForkJoinTask.java:387) [?:?] {}
	at java.base/java.util.concurrent.ForkJoinPool$WorkQueue.topLevelExec(ForkJoinPool.java:1312) [?:?] {}
	at java.base/java.util.concurrent.ForkJoinPool.scan(ForkJoinPool.java:1843) [?:?] {}
	at java.base/java.util.concurrent.ForkJoinPool.runWorker(ForkJoinPool.java:1808) [?:?] {}
	at java.base/java.util.concurrent.ForkJoinWorkerThread.run(ForkJoinWorkerThread.java:188) [?:?] {}
[04:50:49] [Worker-Main-23/FATAL] [mixin/]: Mixin apply for mod bons_and_furious failed bons_and_furious.worldgen_beardifier_bounds.mixins.json:BeardifierBoundsMixin from mod bons_and_furious -> net.minecraft.world.level.levelgen.Beardifier: org.spongepowered.asm.mixin.injection.throwables.InvalidInjectionException @At("FIELD") on net/minecraft/world/level/levelgen/Beardifier::bons$rigids with priority 1000 cannot inject into net/minecraft/world/level/levelgen/Beardifier::compute(Lnet/minecraft/world/level/levelgen/DensityFunction$FunctionContext;)D merged by dev.sixik.generator_accelerator.common.beardifier.mixin.MixinBeardifier with priority 1000 [INJECT_PREPARE Applicator Phase -> bons_and_furious.worldgen_beardifier_bounds.mixins.json:BeardifierBoundsMixin from mod bons_and_furious -> Prepare Injections -> modifyExpressionValue$zgo000$bons_and_furious$bons$rigids(Lit/unimi/dsi/fastutil/objects/ObjectListIterator;III)Lit/unimi/dsi/fastutil/objects/ObjectListIterator; -> Prepare ->  -> { target: compute(Lnet/minecraft/world/level/levelgen/DensityFunction$FunctionContext;)D }]
org.spongepowered.asm.mixin.injection.throwables.InvalidInjectionException: @At("FIELD") on net/minecraft/world/level/levelgen/Beardifier::bons$rigids with priority 1000 cannot inject into net/minecraft/world/level/levelgen/Beardifier::compute(Lnet/minecraft/world/level/levelgen/DensityFunction$FunctionContext;)D merged by dev.sixik.generator_accelerator.common.beardifier.mixin.MixinBeardifier with priority 1000 [INJECT_PREPARE Applicator Phase -> bons_and_furious.worldgen_beardifier_bounds.mixins.json:BeardifierBoundsMixin from mod bons_and_furious -> Prepare Injections -> modifyExpressionValue$zgo000$bons_and_furious$bons$rigids(Lit/unimi/dsi/fastutil/objects/ObjectListIterator;III)Lit/unimi/dsi/fastutil/objects/ObjectListIterator; -> Prepare ->  -> { target: compute(Lnet/minecraft/world/level/levelgen/DensityFunction$FunctionContext;)D }]
	at MC-BOOTSTRAP/org.spongepowered.mixin/org.spongepowered.asm.mixin.injection.code.Injector.findTargetNodes(Injector.java:312) ~[sponge-mixin-0.15.2+mixin.0.8.7.jar%2373!/:0.15.2+mixin.0.8.7] {}
	at MC-BOOTSTRAP/org.spongepowered.mixin/org.spongepowered.asm.mixin.injection.code.Injector.find(Injector.java:248) ~[sponge-mixin-0.15.2+mixin.0.8.7.jar%2373!/:0.15.2+mixin.0.8.7] {}
	at MC-BOOTSTRAP/org.spongepowered.mixin/org.spongepowered.asm.mixin.injection.struct.InjectionInfo.prepare(InjectionInfo.java:475) ~[sponge-mixin-0.15.2+mixin.0.8.7.jar%2373!/:0.15.2+mixin.0.8.7] {}
	at TRANSFORMER/mixinextras.neoforge@0.5.3/com.llamalad7.mixinextras.injector.ModifyExpressionValueInjectionInfo.prepare(ModifyExpressionValueInjectionInfo.java:25) ~[mixinextras-neoforge-0.5.3.jar%23135!/:?] {re:classloading}
	at TRANSFORMER/mixinextras.neoforge@0.5.3/com.llamalad7.mixinextras.wrapper.InjectorWrapperImpl.prepare(InjectorWrapperImpl.java:56) ~[mixinextras-neoforge-0.5.3.jar%23135!/:?] {re:classloading}
	at TRANSFORMER/mixinextras.neoforge@0.5.3/com.llamalad7.mixinextras.sugar.impl.SugarWrapperImpl.prepare(SugarWrapperImpl.java:70) ~[mixinextras-neoforge-0.5.3.jar%23135!/:?] {re:classloading}
	at TRANSFORMER/mixinextras.neoforge@0.5.3/com.llamalad7.mixinextras.wrapper.WrapperInjectionInfo.prepare(WrapperInjectionInfo.java:64) ~[mixinextras-neoforge-0.5.3.jar%23135!/:?] {re:classloading}
	at MC-BOOTSTRAP/org.spongepowered.mixin/org.spongepowered.asm.mixin.transformer.MixinTargetContext.prepareInjections(MixinTargetContext.java:1407) ~[sponge-mixin-0.15.2+mixin.0.8.7.jar%2373!/:0.15.2+mixin.0.8.7] {}
	at MC-BOOTSTRAP/org.spongepowered.mixin/org.spongepowered.asm.mixin.transformer.MixinApplicatorStandard.prepareInjections(MixinApplicatorStandard.java:731) ~[sponge-mixin-0.15.2+mixin.0.8.7.jar%2373!/:0.15.2+mixin.0.8.7] {}
	at MC-BOOTSTRAP/org.spongepowered.mixin/org.spongepowered.asm.mixin.transformer.MixinApplicatorStandard.applyMixin(MixinApplicatorStandard.java:315) ~[sponge-mixin-0.15.2+mixin.0.8.7.jar%2373!/:0.15.2+mixin.0.8.7] {}
	at MC-BOOTSTRAP/org.spongepowered.mixin/org.spongepowered.asm.mixin.transformer.MixinApplicatorStandard.apply(MixinApplicatorStandard.java:246) ~[sponge-mixin-0.15.2+mixin.0.8.7.jar%2373!/:0.15.2+mixin.0.8.7] {}
	at MC-BOOTSTRAP/org.spongepowered.mixin/org.spongepowered.asm.mixin.transformer.TargetClassContext.apply(TargetClassContext.java:437) ~[sponge-mixin-0.15.2+mixin.0.8.7.jar%2373!/:0.15.2+mixin.0.8.7] {}
	at MC-BOOTSTRAP/org.spongepowered.mixin/org.spongepowered.asm.mixin.transformer.TargetClassContext.applyMixins(TargetClassContext.java:418) ~[sponge-mixin-0.15.2+mixin.0.8.7.jar%2373!/:0.15.2+mixin.0.8.7] {}
	at MC-BOOTSTRAP/org.spongepowered.mixin/org.spongepowered.asm.mixin.transformer.MixinProcessor.applyMixins(MixinProcessor.java:363) ~[sponge-mixin-0.15.2+mixin.0.8.7.jar%2373!/:0.15.2+mixin.0.8.7] {}
	at MC-BOOTSTRAP/org.spongepowered.mixin/org.spongepowered.asm.mixin.transformer.MixinTransformer.transformClass(MixinTransformer.java:250) ~[sponge-mixin-0.15.2+mixin.0.8.7.jar%2373!/:0.15.2+mixin.0.8.7] {}
	at MC-BOOTSTRAP/org.spongepowered.mixin/org.spongepowered.asm.service.modlauncher.MixinTransformationHandler.processClass(MixinTransformationHandler.java:131) ~[sponge-mixin-0.15.2+mixin.0.8.7.jar%2373!/:0.15.2+mixin.0.8.7] {}
	at MC-BOOTSTRAP/org.spongepowered.mixin/org.spongepowered.asm.launch.MixinLaunchPluginLegacy.processClass(MixinLaunchPluginLegacy.java:131) ~[sponge-mixin-0.15.2+mixin.0.8.7.jar%2373!/:0.15.2+mixin.0.8.7] {}
	at MC-BOOTSTRAP/cpw.mods.modlauncher@11.0.5/cpw.mods.modlauncher.serviceapi.ILaunchPluginService.processClassWithFlags(ILaunchPluginService.java:156) ~[modlauncher-11.0.5.jar%2364!/:11.0.5+main.901c6ea8] {}
	at MC-BOOTSTRAP/cpw.mods.modlauncher@11.0.5/cpw.mods.modlauncher.LaunchPluginHandler.offerClassNodeToPlugins(LaunchPluginHandler.java:94) ~[modlauncher-11.0.5.jar%2364!/:?] {}
	at MC-BOOTSTRAP/cpw.mods.modlauncher@11.0.5/cpw.mods.modlauncher.ClassTransformer.transform(ClassTransformer.java:120) ~[modlauncher-11.0.5.jar%2364!/:?] {}
	at MC-BOOTSTRAP/cpw.mods.modlauncher@11.0.5/cpw.mods.modlauncher.TransformingClassLoader.maybeTransformClassBytes(TransformingClassLoader.java:57) ~[modlauncher-11.0.5.jar%2364!/:?] {}
	at cpw.mods.securejarhandler/cpw.mods.cl.ModuleClassLoader.readerToClass(ModuleClassLoader.java:190) ~[securejarhandler-3.0.8.jar:?] {}
	at cpw.mods.securejarhandler/cpw.mods.cl.ModuleClassLoader.lambda$findClass$20(ModuleClassLoader.java:298) ~[securejarhandler-3.0.8.jar:?] {}
	at cpw.mods.securejarhandler/cpw.mods.cl.ModuleClassLoader.loadFromModule(ModuleClassLoader.java:311) ~[securejarhandler-3.0.8.jar:?] {}
	at cpw.mods.securejarhandler/cpw.mods.cl.ModuleClassLoader.findClass(ModuleClassLoader.java:298) ~[securejarhandler-3.0.8.jar:?] {}
	at cpw.mods.securejarhandler/cpw.mods.cl.ModuleClassLoader.loadClass(ModuleClassLoader.java:214) ~[securejarhandler-3.0.8.jar:?] {}
	at java.base/java.lang.ClassLoader.loadClass(ClassLoader.java:526) ~[?:?] {}
	at TRANSFORMER/minecraft@1.21.1/net.minecraft.world.level.levelgen.NoiseBasedChunkGenerator.createNoiseChunk(NoiseBasedChunkGenerator.java:106) ~[server-1.21.1-20240808.144430-srg.jar%23120!/:?] {re:mixin,pl:accesstransformer:B,re:mixin,pl:accesstransformer:B,re:mixin,pl:accesstransformer:B,re:classloading,pl:accesstransformer:B,pl:mixin:APP:generator_accelerator.mixins.json:MixinNoiseBasedChunkGenerator$fast_do_fill from mod generator_accelerator,pl:mixin:APP:generator_accelerator.mixins.json:MixinNoiseBasedChunkGenerator$optimize_apply_carvers from mod generator_accelerator,pl:mixin:APP:generator_accelerator.mixins.json:MixinNoiseBasedChunkGenerator$optimize_iterate_noise_column from mod generator_accelerator,pl:mixin:APP:generator_accelerator_density_compiler.mixins.json:NoiseBasedChunkGeneratorMixin from mod generator_accelerator,pl:mixin:APP:bons_and_furious.beardifier.mixins.json:CreateNoiseChunkMixin from mod bons_and_furious,pl:mixin:APP:bons_and_furious.terrain.mixins.json:ColumnHeightShareMixin from mod bons_and_furious,pl:mixin:A}
	at TRANSFORMER/minecraft@1.21.1/net.minecraft.world.level.levelgen.NoiseBasedChunkGenerator.lambda$doCreateBiomes$6(NoiseBasedChunkGenerator.java:98) ~[server-1.21.1-20240808.144430-srg.jar%23120!/:?] {re:mixin,pl:accesstransformer:B,re:mixin,pl:accesstransformer:B,re:mixin,pl:accesstransformer:B,re:classloading,pl:accesstransformer:B,pl:mixin:APP:generator_accelerator.mixins.json:MixinNoiseBasedChunkGenerator$fast_do_fill from mod generator_accelerator,pl:mixin:APP:generator_accelerator.mixins.json:MixinNoiseBasedChunkGenerator$optimize_apply_carvers from mod generator_accelerator,pl:mixin:APP:generator_accelerator.mixins.json:MixinNoiseBasedChunkGenerator$optimize_iterate_noise_column from mod generator_accelerator,pl:mixin:APP:generator_accelerator_density_compiler.mixins.json:NoiseBasedChunkGeneratorMixin from mod generator_accelerator,pl:mixin:APP:bons_and_furious.beardifier.mixins.json:CreateNoiseChunkMixin from mod bons_and_furious,pl:mixin:APP:bons_and_furious.terrain.mixins.json:ColumnHeightShareMixin from mod bons_and_furious,pl:mixin:A}
	at TRANSFORMER/minecraft@1.21.1/net.minecraft.world.level.chunk.ChunkAccess.getOrCreateNoiseChunk(ChunkAccess.java:417) ~[server-1.21.1-20240808.144430-srg.jar%23120!/:?] {re:mixin,re:classloading,pl:mixin:APP:generator_accelerator.mixins.json:accessor.MixinChunkAccessAccessor from mod generator_accelerator,pl:mixin:APP:generator_accelerator_structures.mixins.json:MixinChunkAccess$SynchronizeStructureData from mod generator_accelerator,pl:mixin:APP:generator_accelerator_features.mixins.json:MixinChunkAccess from mod generator_accelerator,pl:mixin:APP:generator_accelerator_features.mixins.json:MixinChunkAccess$fast_block_light_sources from mod generator_accelerator,pl:mixin:A}
	at TRANSFORMER/minecraft@1.21.1/net.minecraft.world.level.levelgen.NoiseBasedChunkGenerator.doCreateBiomes(NoiseBasedChunkGenerator.java:98) ~[server-1.21.1-20240808.144430-srg.jar%23120!/:?] {re:mixin,pl:accesstransformer:B,re:mixin,pl:accesstransformer:B,re:mixin,pl:accesstransformer:B,re:classloading,pl:accesstransformer:B,pl:mixin:APP:generator_accelerator.mixins.json:MixinNoiseBasedChunkGenerator$fast_do_fill from mod generator_accelerator,pl:mixin:APP:generator_accelerator.mixins.json:MixinNoiseBasedChunkGenerator$optimize_apply_carvers from mod generator_accelerator,pl:mixin:APP:generator_accelerator.mixins.json:MixinNoiseBasedChunkGenerator$optimize_iterate_noise_column from mod generator_accelerator,pl:mixin:APP:generator_accelerator_density_compiler.mixins.json:NoiseBasedChunkGeneratorMixin from mod generator_accelerator,pl:mixin:APP:bons_and_furious.beardifier.mixins.json:CreateNoiseChunkMixin from mod bons_and_furious,pl:mixin:APP:bons_and_furious.terrain.mixins.json:ColumnHeightShareMixin from mod bons_and_furious,pl:mixin:A}
	at TRANSFORMER/minecraft@1.21.1/net.minecraft.world.level.levelgen.NoiseBasedChunkGenerator.lambda$createBiomes$5(NoiseBasedChunkGenerator.java:92) ~[server-1.21.1-20240808.144430-srg.jar%23120!/:?] {re:mixin,pl:accesstransformer:B,re:mixin,pl:accesstransformer:B,re:mixin,pl:accesstransformer:B,re:classloading,pl:accesstransformer:B,pl:mixin:APP:generator_accelerator.mixins.json:MixinNoiseBasedChunkGenerator$fast_do_fill from mod generator_accelerator,pl:mixin:APP:generator_accelerator.mixins.json:MixinNoiseBasedChunkGenerator$optimize_apply_carvers from mod generator_accelerator,pl:mixin:APP:generator_accelerator.mixins.json:MixinNoiseBasedChunkGenerator$optimize_iterate_noise_column from mod generator_accelerator,pl:mixin:APP:generator_accelerator_density_compiler.mixins.json:NoiseBasedChunkGeneratorMixin from mod generator_accelerator,pl:mixin:APP:bons_and_furious.beardifier.mixins.json:CreateNoiseChunkMixin from mod bons_and_furious,pl:mixin:APP:bons_and_furious.terrain.mixins.json:ColumnHeightShareMixin from mod bons_and_furious,pl:mixin:A}
	at java.base/java.util.concurrent.CompletableFuture$AsyncSupply.run(CompletableFuture.java:1768) [?:?] {}
	at java.base/java.util.concurrent.CompletableFuture$AsyncSupply.exec(CompletableFuture.java:1760) [?:?] {}
	at java.base/java.util.concurrent.ForkJoinTask.doExec(ForkJoinTask.java:387) [?:?] {}
	at java.base/java.util.concurrent.ForkJoinPool$WorkQueue.topLevelExec(ForkJoinPool.java:1312) [?:?] {}
	at java.base/java.util.concurrent.ForkJoinPool.scan(ForkJoinPool.java:1843) [?:?] {}
	at java.base/java.util.concurrent.ForkJoinPool.runWorker(ForkJoinPool.java:1808) [?:?] {}
	at java.base/java.util.concurrent.ForkJoinWorkerThread.run(ForkJoinWorkerThread.java:188) [?:?] {}
[04:50:49] [Worker-Main-19/WARN] [Generator Accelerator/]: GA custom chunk graph failed for [-24, -11] -> minecraft:initialize_light
java.lang.IllegalStateException: Chunk step completed with null chunk for minecraft:biomes at [-24, -11]
	at TRANSFORMER/generator_accelerator@1.21.1-1.6.2/dev.sixik.generator_accelerator.common.worldgen.parallel.GACustomChunkGraphScheduler$TaskRun.completeNodeStep(GACustomChunkGraphScheduler.java:594) ~[generator-accelerator-1.6.2.jar%23124!/:?] {re:classloading}
	at TRANSFORMER/generator_accelerator@1.21.1-1.6.2/dev.sixik.generator_accelerator.common.worldgen.parallel.GACustomChunkGraphScheduler$TaskRun.lambda$submit$0(GACustomChunkGraphScheduler.java:575) ~[generator-accelerator-1.6.2.jar%23124!/:?] {re:classloading}
	at TRANSFORMER/generator_accelerator@1.21.1-1.6.2/dev.sixik.generator_accelerator.common.worldgen.parallel.GACustomChunkGraphScheduler.notifyStepCallback(GACustomChunkGraphScheduler.java:931) ~[generator-accelerator-1.6.2.jar%23124!/:?] {re:mixin,re:classloading}
	at TRANSFORMER/generator_accelerator@1.21.1-1.6.2/dev.sixik.generator_accelerator.common.worldgen.parallel.GACustomChunkGraphScheduler$ListenerBatch.notifyListeners(GACustomChunkGraphScheduler.java:947) ~[generator-accelerator-1.6.2.jar%23124!/:?] {re:classloading}
	at TRANSFORMER/generator_accelerator@1.21.1-1.6.2/dev.sixik.generator_accelerator.common.worldgen.parallel.GACustomChunkGraphScheduler$TaskRun.completeInFlightStep(GACustomChunkGraphScheduler.java:663) ~[generator-accelerator-1.6.2.jar%23124!/:?] {re:classloading}
	at TRANSFORMER/generator_accelerator@1.21.1-1.6.2/dev.sixik.generator_accelerator.common.worldgen.parallel.GACustomChunkGraphScheduler$TaskRun.lambda$scheduleOrJoinStep$1(GACustomChunkGraphScheduler.java:644) ~[generator-accelerator-1.6.2.jar%23124!/:?] {re:classloading}
	at TRANSFORMER/generator_accelerator@1.21.1-1.6.2/dev.sixik.generator_accelerator.common.worldgen.parallel.GACustomChunkGraphScheduler.notifyStepCallback(GACustomChunkGraphScheduler.java:931) ~[generator-accelerator-1.6.2.jar%23124!/:?] {re:mixin,re:classloading}
	at TRANSFORMER/generator_accelerator@1.21.1-1.6.2/dev.sixik.generator_accelerator.common.worldgen.parallel.GACustomChunkGraphScheduler$TaskRun.lambda$startStepExecution$4(GACustomChunkGraphScheduler.java:683) ~[generator-accelerator-1.6.2.jar%23124!/:?] {re:classloading}
	at java.base/java.util.concurrent.CompletableFuture.uniWhenComplete(CompletableFuture.java:863) [?:?] {re:mixin}
	at java.base/java.util.concurrent.CompletableFuture$UniWhenComplete.tryFire(CompletableFuture.java:841) [?:?] {}
	at java.base/java.util.concurrent.CompletableFuture.postComplete(CompletableFuture.java:510) [?:?] {re:mixin}
	at java.base/java.util.concurrent.CompletableFuture$AsyncSupply.run(CompletableFuture.java:1773) [?:?] {}
	at java.base/java.util.concurrent.CompletableFuture$AsyncSupply.exec(CompletableFuture.java:1760) [?:?] {}
	at java.base/java.util.concurrent.ForkJoinTask.doExec(ForkJoinTask.java:387) [?:?] {}
	at java.base/java.util.concurrent.ForkJoinPool$WorkQueue.topLevelExec(ForkJoinPool.java:1312) [?:?] {}
	at java.base/java.util.concurrent.ForkJoinPool.scan(ForkJoinPool.java:1843) [?:?] {}
	at java.base/java.util.concurrent.ForkJoinPool.runWorker(ForkJoinPool.java:1808) [?:?] {}
	at java.base/java.util.concurrent.ForkJoinWorkerThread.run(ForkJoinWorkerThread.java:188) [?:?] {}
[04:50:49] [Worker-Main-14/WARN] [Generator Accelerator/]: GA custom chunk graph failed for [-24, -10] -> minecraft:initialize_light
java.lang.IllegalStateException: Chunk step completed with null chunk for minecraft:biomes at [-25, -8]
	at TRANSFORMER/generator_accelerator@1.21.1-1.6.2/dev.sixik.generator_accelerator.common.worldgen.parallel.GACustomChunkGraphScheduler$TaskRun.completeNodeStep(GACustomChunkGraphScheduler.java:594) ~[generator-accelerator-1.6.2.jar%23124!/:?] {re:classloading}
	at TRANSFORMER/generator_accelerator@1.21.1-1.6.2/dev.sixik.generator_accelerator.common.worldgen.parallel.GACustomChunkGraphScheduler$TaskRun.lambda$submit$0(GACustomChunkGraphScheduler.java:575) ~[generator-accelerator-1.6.2.jar%23124!/:?] {re:classloading}
	at TRANSFORMER/generator_accelerator@1.21.1-1.6.2/dev.sixik.generator_accelerator.common.worldgen.parallel.GACustomChunkGraphScheduler.notifyStepCallback(GACustomChunkGraphScheduler.java:931) ~[generator-accelerator-1.6.2.jar%23124!/:?] {re:mixin,re:classloading}
	at TRANSFORMER/generator_accelerator@1.21.1-1.6.2/dev.sixik.generator_accelerator.common.worldgen.parallel.GACustomChunkGraphScheduler$ListenerBatch.notifyListeners(GACustomChunkGraphScheduler.java:947) ~[generator-accelerator-1.6.2.jar%23124!/:?] {re:classloading}
	at TRANSFORMER/generator_accelerator@1.21.1-1.6.2/dev.sixik.generator_accelerator.common.worldgen.parallel.GACustomChunkGraphScheduler$TaskRun.completeInFlightStep(GACustomChunkGraphScheduler.java:663) ~[generator-accelerator-1.6.2.jar%23124!/:?] {re:classloading}
	at TRANSFORMER/generator_accelerator@1.21.1-1.6.2/dev.sixik.generator_accelerator.common.worldgen.parallel.GACustomChunkGraphScheduler$TaskRun.lambda$scheduleOrJoinStep$1(GACustomChunkGraphScheduler.java:644) ~[generator-accelerator-1.6.2.jar%23124!/:?] {re:classloading}
	at TRANSFORMER/generator_accelerator@1.21.1-1.6.2/dev.sixik.generator_accelerator.common.worldgen.parallel.GACustomChunkGraphScheduler.notifyStepCallback(GACustomChunkGraphScheduler.java:931) ~[generator-accelerator-1.6.2.jar%23124!/:?] {re:mixin,re:classloading}
	at TRANSFORMER/generator_accelerator@1.21.1-1.6.2/dev.sixik.generator_accelerator.common.worldgen.parallel.GACustomChunkGraphScheduler$TaskRun.lambda$startStepExecution$4(GACustomChunkGraphScheduler.java:683) ~[generator-accelerator-1.6.2.jar%23124!/:?] {re:classloading}
	at java.base/java.util.concurrent.CompletableFuture.uniWhenComplete(CompletableFuture.java:863) [?:?] {re:mixin}
	at java.base/java.util.concurrent.CompletableFuture$UniWhenComplete.tryFire(CompletableFuture.java:841) [?:?] {}
	at java.base/java.util.concurrent.CompletableFuture.postComplete(CompletableFuture.java:510) [?:?] {re:mixin}
	at java.base/java.util.concurrent.CompletableFuture$AsyncSupply.run(CompletableFuture.java:1773) [?:?] {}
	at java.base/java.util.concurrent.CompletableFuture$AsyncSupply.exec(CompletableFuture.java:1760) [?:?] {}
	at java.base/java.util.concurrent.ForkJoinTask.doExec(ForkJoinTask.java:387) [?:?] {}
	at java.base/java.util.concurrent.ForkJoinPool$WorkQueue.topLevelExec(ForkJoinPool.java:1312) [?:?] {}
	at java.base/java.util.concurrent.ForkJoinPool.scan(ForkJoinPool.java:1843) [?:?] {}
	at java.base/java.util.concurrent.ForkJoinPool.runWorker(ForkJoinPool.java:1808) [?:?] {}
	at java.base/java.util.concurrent.ForkJoinWorkerThread.run(ForkJoinWorkerThread.java:188) [?:?] {}
[04:50:49] [Worker-Main-19/WARN] [Generator Accelerator/]: GA custom chunk graph failed for [-23, -11] -> minecraft:initialize_light
java.lang.IllegalStateException: Chunk step completed with null chunk for minecraft:biomes at [-24, -11]
	at TRANSFORMER/generator_accelerator@1.21.1-1.6.2/dev.sixik.generator_accelerator.common.worldgen.parallel.GACustomChunkGraphScheduler$TaskRun.completeNodeStep(GACustomChunkGraphScheduler.java:594) ~[generator-accelerator-1.6.2.jar%23124!/:?] {re:classloading}
	at TRANSFORMER/generator_accelerator@1.21.1-1.6.2/dev.sixik.generator_accelerator.common.worldgen.parallel.GACustomChunkGraphScheduler$TaskRun.lambda$submit$0(GACustomChunkGraphScheduler.java:575) ~[generator-accelerator-1.6.2.jar%23124!/:?] {re:classloading}
	at TRANSFORMER/generator_accelerator@1.21.1-1.6.2/dev.sixik.generator_accelerator.common.worldgen.parallel.GACustomChunkGraphScheduler.notifyStepCallback(GACustomChunkGraphScheduler.java:931) ~[generator-accelerator-1.6.2.jar%23124!/:?] {re:mixin,re:classloading}
	at TRANSFORMER/generator_accelerator@1.21.1-1.6.2/dev.sixik.generator_accelerator.common.worldgen.parallel.GACustomChunkGraphScheduler$ListenerBatch.notifyListeners(GACustomChunkGraphScheduler.java:955) ~[generator-accelerator-1.6.2.jar%23124!/:?] {re:classloading}
	at TRANSFORMER/generator_accelerator@1.21.1-1.6.2/dev.sixik.generator_accelerator.common.worldgen.parallel.GACustomChunkGraphScheduler$TaskRun.completeInFlightStep(GACustomChunkGraphScheduler.java:663) ~[generator-accelerator-1.6.2.jar%23124!/:?] {re:classloading}
	at TRANSFORMER/generator_accelerator@1.21.1-1.6.2/dev.sixik.generator_accelerator.common.worldgen.parallel.GACustomChunkGraphScheduler$TaskRun.lambda$scheduleOrJoinStep$1(GACustomChunkGraphScheduler.java:644) ~[generator-accelerator-1.6.2.jar%23124!/:?] {re:classloading}
	at TRANSFORMER/generator_accelerator@1.21.1-1.6.2/dev.sixik.generator_accelerator.common.worldgen.parallel.GACustomChunkGraphScheduler.notifyStepCallback(GACustomChunkGraphScheduler.java:931) ~[generator-accelerator-1.6.2.jar%23124!/:?] {re:mixin,re:classloading}
	at TRANSFORMER/generator_accelerator@1.21.1-1.6.2/dev.sixik.generator_accelerator.common.worldgen.parallel.GACustomChunkGraphScheduler$TaskRun.lambda$startStepExecution$4(GACustomChunkGraphScheduler.java:683) ~[generator-accelerator-1.6.2.jar%23124!/:?] {re:classloading}
	at java.base/java.util.concurrent.CompletableFuture.uniWhenComplete(CompletableFuture.java:863) [?:?] {re:mixin}
	at java.base/java.util.concurrent.CompletableFuture$UniWhenComplete.tryFire(CompletableFuture.java:841) [?:?] {}
	at java.base/java.util.concurrent.CompletableFuture.postComplete(CompletableFuture.java:510) [?:?] {re:mixin}
	at java.base/java.util.concurrent.CompletableFuture$AsyncSupply.run(CompletableFuture.java:1773) [?:?] {}
	at java.base/java.util.concurrent.CompletableFuture$AsyncSupply.exec(CompletableFuture.java:1760) [?:?] {}
	at java.base/java.util.concurrent.ForkJoinTask.doExec(ForkJoinTask.java:387) [?:?] {}
	at java.base/java.util.concurrent.ForkJoinPool$WorkQueue.topLevelExec(ForkJoinPool.java:1312) [?:?] {}
	at java.base/java.util.concurrent.ForkJoinPool.scan(ForkJoinPool.java:1843) [?:?] {}
	at java.base/java.util.concurrent.ForkJoinPool.runWorker(ForkJoinPool.java:1808) [?:?] {}
	at java.base/java.util.concurrent.ForkJoinWorkerThread.run(ForkJoinWorkerThread.java:188) [?:?] {}
[04:50:49] [Worker-Main-19/WARN] [Generator Accelerator/]: GA custom chunk graph failed for [-22, -11] -> minecraft:initialize_light
java.lang.IllegalStateException: Chunk step completed with null chunk for minecraft:biomes at [-24, -11]
	at TRANSFORMER/generator_accelerator@1.21.1-1.6.2/dev.sixik.generator_accelerator.common.worldgen.parallel.GACustomChunkGraphScheduler$TaskRun.completeNodeStep(GACustomChunkGraphScheduler.java:594) ~[generator-accelerator-1.6.2.jar%23124!/:?] {re:classloading}
	at TRANSFORMER/generator_accelerator@1.21.1-1.6.2/dev.sixik.generator_accelerator.common.worldgen.parallel.GACustomChunkGraphScheduler$TaskRun.lambda$submit$0(GACustomChunkGraphScheduler.java:575) ~[generator-accelerator-1.6.2.jar%23124!/:?] {re:classloading}
	at TRANSFORMER/generator_accelerator@1.21.1-1.6.2/dev.sixik.generator_accelerator.common.worldgen.parallel.GACustomChunkGraphScheduler.notifyStepCallback(GACustomChunkGraphScheduler.java:931) ~[generator-accelerator-1.6.2.jar%23124!/:?] {re:mixin,re:classloading}
	at TRANSFORMER/generator_accelerator@1.21.1-1.6.2/dev.sixik.generator_accelerator.common.worldgen.parallel.GACustomChunkGraphScheduler$ListenerBatch.notifyListeners(GACustomChunkGraphScheduler.java:955) ~[generator-accelerator-1.6.2.jar%23124!/:?] {re:classloading}
	at TRANSFORMER/generator_accelerator@1.21.1-1.6.2/dev.sixik.generator_accelerator.common.worldgen.parallel.GACustomChunkGraphScheduler$TaskRun.completeInFlightStep(GACustomChunkGraphScheduler.java:663) ~[generator-accelerator-1.6.2.jar%23124!/:?] {re:classloading}
	at TRANSFORMER/generator_accelerator@1.21.1-1.6.2/dev.sixik.generator_accelerator.common.worldgen.parallel.GACustomChunkGraphScheduler$TaskRun.lambda$scheduleOrJoinStep$1(GACustomChunkGraphScheduler.java:644) ~[generator-accelerator-1.6.2.jar%23124!/:?] {re:classloading}
	at TRANSFORMER/generator_accelerator@1.21.1-1.6.2/dev.sixik.generator_accelerator.common.worldgen.parallel.GACustomChunkGraphScheduler.notifyStepCallback(GACustomChunkGraphScheduler.java:931) ~[generator-accelerator-1.6.2.jar%23124!/:?] {re:mixin,re:classloading}
	at TRANSFORMER/generator_accelerator@1.21.1-1.6.2/dev.sixik.generator_accelerator.common.worldgen.parallel.GACustomChunkGraphScheduler$TaskRun.lambda$startStepExecution$4(GACustomChunkGraphScheduler.java:683) ~[generator-accelerator-1.6.2.jar%23124!/:?] {re:classloading}
	at java.base/java.util.concurrent.CompletableFuture.uniWhenComplete(CompletableFuture.java:863) [?:?] {re:mixin}
	at java.base/java.util.concurrent.CompletableFuture$UniWhenComplete.tryFire(CompletableFuture.java:841) [?:?] {}
	at java.base/java.util.concurrent.CompletableFuture.postComplete(CompletableFuture.java:510) [?:?] {re:mixin}
	at java.base/java.util.concurrent.CompletableFuture$AsyncSupply.run(CompletableFuture.java:1773) [?:?] {}
	at java.base/java.util.concurrent.CompletableFuture$AsyncSupply.exec(CompletableFuture.java:1760) [?:?] {}
	at java.base/java.util.concurrent.ForkJoinTask.doExec(ForkJoinTask.java:387) [?:?] {}
	at java.base/java.util.concurrent.ForkJoinPool$WorkQueue.topLevelExec(ForkJoinPool.java:1312) [?:?] {}
	at java.base/java.util.concurrent.ForkJoinPool.scan(ForkJoinPool.java:1843) [?:?] {}
	at java.base/java.util.concurrent.ForkJoinPool.runWorker(ForkJoinPool.java:1808) [?:?] {}
	at java.base/java.util.concurrent.ForkJoinWorkerThread.run(ForkJoinWorkerThread.java:188) [?:?] {}
[04:50:49] [Worker-Main-19/WARN] [Generator Accelerator/]: GA custom chunk graph failed for [-22, -10] -> minecraft:initialize_light
java.lang.IllegalStateException: Chunk step completed with null chunk for minecraft:biomes at [-24, -11]
	at TRANSFORMER/generator_accelerator@1.21.1-1.6.2/dev.sixik.generator_accelerator.common.worldgen.parallel.GACustomChunkGraphScheduler$TaskRun.completeNodeStep(GACustomChunkGraphScheduler.java:594) ~[generator-accelerator-1.6.2.jar%23124!/:?] {re:classloading}
	at TRANSFORMER/generator_accelerator@1.21.1-1.6.2/dev.sixik.generator_accelerator.common.worldgen.parallel.GACustomChunkGraphScheduler$TaskRun.lambda$submit$0(GACustomChunkGraphScheduler.java:575) ~[generator-accelerator-1.6.2.jar%23124!/:?] {re:classloading}
	at TRANSFORMER/generator_accelerator@1.21.1-1.6.2/dev.sixik.generator_accelerator.common.worldgen.parallel.GACustomChunkGraphScheduler.notifyStepCallback(GACustomChunkGraphScheduler.java:931) ~[generator-accelerator-1.6.2.jar%23124!/:?] {re:mixin,re:classloading}
	at TRANSFORMER/generator_accelerator@1.21.1-1.6.2/dev.sixik.generator_accelerator.common.worldgen.parallel.GACustomChunkGraphScheduler$ListenerBatch.notifyListeners(GACustomChunkGraphScheduler.java:955) ~[generator-accelerator-1.6.2.jar%23124!/:?] {re:classloading}
	at TRANSFORMER/generator_accelerator@1.21.1-1.6.2/dev.sixik.generator_accelerator.common.worldgen.parallel.GACustomChunkGraphScheduler$TaskRun.completeInFlightStep(GACustomChunkGraphScheduler.java:663) ~[generator-accelerator-1.6.2.jar%23124!/:?] {re:classloading}
	at TRANSFORMER/generator_accelerator@1.21.1-1.6.2/dev.sixik.generator_accelerator.common.worldgen.parallel.GACustomChunkGraphScheduler$TaskRun.lambda$scheduleOrJoinStep$1(GACustomChunkGraphScheduler.java:644) ~[generator-accelerator-1.6.2.jar%23124!/:?] {re:classloading}
	at TRANSFORMER/generator_accelerator@1.21.1-1.6.2/dev.sixik.generator_accelerator.common.worldgen.parallel.GACustomChunkGraphScheduler.notifyStepCallback(GACustomChunkGraphScheduler.java:931) ~[generator-accelerator-1.6.2.jar%23124!/:?] {re:mixin,re:classloading}
	at TRANSFORMER/generator_accelerator@1.21.1-1.6.2/dev.sixik.generator_accelerator.common.worldgen.parallel.GACustomChunkGraphScheduler$TaskRun.lambda$startStepExecution$4(GACustomChunkGraphScheduler.java:683) ~[generator-accelerator-1.6.2.jar%23124!/:?] {re:classloading}
	at java.base/java.util.concurrent.CompletableFuture.uniWhenComplete(CompletableFuture.java:863) [?:?] {re:mixin}
	at java.base/java.util.concurrent.CompletableFuture$UniWhenComplete.tryFire(CompletableFuture.java:841) [?:?] {}
	at java.base/java.util.concurrent.CompletableFuture.postComplete(CompletableFuture.java:510) [?:?] {re:mixin}
	at java.base/java.util.concurrent.CompletableFuture$AsyncSupply.run(CompletableFuture.java:1773) [?:?] {}
	at java.base/java.util.concurrent.CompletableFuture$AsyncSupply.exec(CompletableFuture.java:1760) [?:?] {}
	at java.base/java.util.concurrent.ForkJoinTask.doExec(ForkJoinTask.java:387) [?:?] {}
	at java.base/java.util.concurrent.ForkJoinPool$WorkQueue.topLevelExec(ForkJoinPool.java:1312) [?:?] {}
	at java.base/java.util.concurrent.ForkJoinPool.scan(ForkJoinPool.java:1843) [?:?] {}
	at java.base/java.util.concurrent.ForkJoinPool.runWorker(ForkJoinPool.java:1808) [?:?] {}
	at java.base/java.util.concurrent.ForkJoinWorkerThread.run(ForkJoinWorkerThread.java:188) [?:?] {}
[04:50:49] [Worker-Main-19/WARN] [Generator Accelerator/]: GA custom chunk graph failed for [-24, -9] -> minecraft:initialize_light
java.lang.IllegalStateException: Chunk step completed with null chunk for minecraft:biomes at [-24, -11]
	at TRANSFORMER/generator_accelerator@1.21.1-1.6.2/dev.sixik.generator_accelerator.common.worldgen.parallel.GACustomChunkGraphScheduler$TaskRun.completeNodeStep(GACustomChunkGraphScheduler.java:594) ~[generator-accelerator-1.6.2.jar%23124!/:?] {re:classloading}
	at TRANSFORMER/generator_accelerator@1.21.1-1.6.2/dev.sixik.generator_accelerator.common.worldgen.parallel.GACustomChunkGraphScheduler$TaskRun.lambda$submit$0(GACustomChunkGraphScheduler.java:575) ~[generator-accelerator-1.6.2.jar%23124!/:?] {re:classloading}
	at TRANSFORMER/generator_accelerator@1.21.1-1.6.2/dev.sixik.generator_accelerator.common.worldgen.parallel.GACustomChunkGraphScheduler.notifyStepCallback(GACustomChunkGraphScheduler.java:931) ~[generator-accelerator-1.6.2.jar%23124!/:?] {re:mixin,re:classloading}
	at TRANSFORMER/generator_accelerator@1.21.1-1.6.2/dev.sixik.generator_accelerator.common.worldgen.parallel.GACustomChunkGraphScheduler$ListenerBatch.notifyListeners(GACustomChunkGraphScheduler.java:955) ~[generator-accelerator-1.6.2.jar%23124!/:?] {re:classloading}
	at TRANSFORMER/generator_accelerator@1.21.1-1.6.2/dev.sixik.generator_accelerator.common.worldgen.parallel.GACustomChunkGraphScheduler$TaskRun.completeInFlightStep(GACustomChunkGraphScheduler.java:663) ~[generator-accelerator-1.6.2.jar%23124!/:?] {re:classloading}
	at TRANSFORMER/generator_accelerator@1.21.1-1.6.2/dev.sixik.generator_accelerator.common.worldgen.parallel.GACustomChunkGraphScheduler$TaskRun.lambda$scheduleOrJoinStep$1(GACustomChunkGraphScheduler.java:644) ~[generator-accelerator-1.6.2.jar%23124!/:?] {re:classloading}
	at TRANSFORMER/generator_accelerator@1.21.1-1.6.2/dev.sixik.generator_accelerator.common.worldgen.parallel.GACustomChunkGraphScheduler.notifyStepCallback(GACustomChunkGraphScheduler.java:931) ~[generator-accelerator-1.6.2.jar%23124!/:?] {re:mixin,re:classloading}
	at TRANSFORMER/generator_accelerator@1.21.1-1.6.2/dev.sixik.generator_accelerator.common.worldgen.parallel.GACustomChunkGraphScheduler$TaskRun.lambda$startStepExecution$4(GACustomChunkGraphScheduler.java:683) ~[generator-accelerator-1.6.2.jar%23124!/:?] {re:classloading}
	at java.base/java.util.concurrent.CompletableFuture.uniWhenComplete(CompletableFuture.java:863) [?:?] {re:mixin}
	at java.base/java.util.concurrent.CompletableFuture$UniWhenComplete.tryFire(CompletableFuture.java:841) [?:?] {}
	at java.base/java.util.concurrent.CompletableFuture.postComplete(CompletableFuture.java:510) [?:?] {re:mixin}
	at java.base/java.util.concurrent.CompletableFuture$AsyncSupply.run(CompletableFuture.java:1773) [?:?] {}
	at java.base/java.util.concurrent.CompletableFuture$AsyncSupply.exec(CompletableFuture.java:1760) [?:?] {}
	at java.base/java.util.concurrent.ForkJoinTask.doExec(ForkJoinTask.java:387) [?:?] {}
	at java.base/java.util.concurrent.ForkJoinPool$WorkQueue.topLevelExec(ForkJoinPool.java:1312) [?:?] {}
	at java.base/java.util.concurrent.ForkJoinPool.scan(ForkJoinPool.java:1843) [?:?] {}
	at java.base/java.util.concurrent.ForkJoinPool.runWorker(ForkJoinPool.java:1808) [?:?] {}
	at java.base/java.util.concurrent.ForkJoinWorkerThread.run(ForkJoinWorkerThread.java:188) [?:?] {}
[04:50:49] [Worker-Main-5/FATAL] [mixin/]: Mixin apply for mod bons_and_furious failed bons_and_furious.worldgen_beardifier_bounds.mixins.json:BeardifierBoundsMixin from mod bons_and_furious -> net.minecraft.world.level.levelgen.Beardifier: org.spongepowered.asm.mixin.injection.throwables.InvalidInjectionException @At("FIELD") on net/minecraft/world/level/levelgen/Beardifier::bons$rigids with priority 1000 cannot inject into net/minecraft/world/level/levelgen/Beardifier::compute(Lnet/minecraft/world/level/levelgen/DensityFunction$FunctionContext;)D merged by dev.sixik.generator_accelerator.common.beardifier.mixin.MixinBeardifier with priority 1000 [INJECT_PREPARE Applicator Phase -> bons_and_furious.worldgen_beardifier_bounds.mixins.json:BeardifierBoundsMixin from mod bons_and_furious -> Prepare Injections -> modifyExpressionValue$zgo000$bons_and_furious$bons$rigids(Lit/unimi/dsi/fastutil/objects/ObjectListIterator;III)Lit/unimi/dsi/fastutil/objects/ObjectListIterator; -> Prepare ->  -> { target: compute(Lnet/minecraft/world/level/levelgen/DensityFunction$FunctionContext;)D }]
org.spongepowered.asm.mixin.injection.throwables.InvalidInjectionException: @At("FIELD") on net/minecraft/world/level/levelgen/Beardifier::bons$rigids with priority 1000 cannot inject into net/minecraft/world/level/levelgen/Beardifier::compute(Lnet/minecraft/world/level/levelgen/DensityFunction$FunctionContext;)D merged by dev.sixik.generator_accelerator.common.beardifier.mixin.MixinBeardifier with priority 1000 [INJECT_PREPARE Applicator Phase -> bons_and_furious.worldgen_beardifier_bounds.mixins.json:BeardifierBoundsMixin from mod bons_and_furious -> Prepare Injections -> modifyExpressionValue$zgo000$bons_and_furious$bons$rigids(Lit/unimi/dsi/fastutil/objects/ObjectListIterator;III)Lit/unimi/dsi/fastutil/objects/ObjectListIterator; -> Prepare ->  -> { target: compute(Lnet/minecraft/world/level/levelgen/DensityFunction$FunctionContext;)D }]
	at MC-BOOTSTRAP/org.spongepowered.mixin/org.spongepowered.asm.mixin.injection.code.Injector.findTargetNodes(Injector.java:312) ~[sponge-mixin-0.15.2+mixin.0.8.7.jar%2373!/:0.15.2+mixin.0.8.7] {}
	at MC-BOOTSTRAP/org.spongepowered.mixin/org.spongepowered.asm.mixin.injection.code.Injector.find(Injector.java:248) ~[sponge-mixin-0.15.2+mixin.0.8.7.jar%2373!/:0.15.2+mixin.0.8.7] {}
	at MC-BOOTSTRAP/org.spongepowered.mixin/org.spongepowered.asm.mixin.injection.struct.InjectionInfo.prepare(InjectionInfo.java:475) ~[sponge-mixin-0.15.2+mixin.0.8.7.jar%2373!/:0.15.2+mixin.0.8.7] {}
	at TRANSFORMER/mixinextras.neoforge@0.5.3/com.llamalad7.mixinextras.injector.ModifyExpressionValueInjectionInfo.prepare(ModifyExpressionValueInjectionInfo.java:25) ~[mixinextras-neoforge-0.5.3.jar%23135!/:?] {re:classloading}
	at TRANSFORMER/mixinextras.neoforge@0.5.3/com.llamalad7.mixinextras.wrapper.InjectorWrapperImpl.prepare(InjectorWrapperImpl.java:56) ~[mixinextras-neoforge-0.5.3.jar%23135!/:?] {re:classloading}
	at TRANSFORMER/mixinextras.neoforge@0.5.3/com.llamalad7.mixinextras.sugar.impl.SugarWrapperImpl.prepare(SugarWrapperImpl.java:70) ~[mixinextras-neoforge-0.5.3.jar%23135!/:?] {re:classloading}
	at TRANSFORMER/mixinextras.neoforge@0.5.3/com.llamalad7.mixinextras.wrapper.WrapperInjectionInfo.prepare(WrapperInjectionInfo.java:64) ~[mixinextras-neoforge-0.5.3.jar%23135!/:?] {re:classloading}
	at MC-BOOTSTRAP/org.spongepowered.mixin/org.spongepowered.asm.mixin.transformer.MixinTargetContext.prepareInjections(MixinTargetContext.java:1407) ~[sponge-mixin-0.15.2+mixin.0.8.7.jar%2373!/:0.15.2+mixin.0.8.7] {}
	at MC-BOOTSTRAP/org.spongepowered.mixin/org.spongepowered.asm.mixin.transformer.MixinApplicatorStandard.prepareInjections(MixinApplicatorStandard.java:731) ~[sponge-mixin-0.15.2+mixin.0.8.7.jar%2373!/:0.15.2+mixin.0.8.7] {}
	at MC-BOOTSTRAP/org.spongepowered.mixin/org.spongepowered.asm.mixin.transformer.MixinApplicatorStandard.applyMixin(MixinApplicatorStandard.java:315) ~[sponge-mixin-0.15.2+mixin.0.8.7.jar%2373!/:0.15.2+mixin.0.8.7] {}
	at MC-BOOTSTRAP/org.spongepowered.mixin/org.spongepowered.asm.mixin.transformer.MixinApplicatorStandard.apply(MixinApplicatorStandard.java:246) ~[sponge-mixin-0.15.2+mixin.0.8.7.jar%2373!/:0.15.2+mixin.0.8.7] {}
	at MC-BOOTSTRAP/org.spongepowered.mixin/org.spongepowered.asm.mixin.transformer.TargetClassContext.apply(TargetClassContext.java:437) ~[sponge-mixin-0.15.2+mixin.0.8.7.jar%2373!/:0.15.2+mixin.0.8.7] {}
	at MC-BOOTSTRAP/org.spongepowered.mixin/org.spongepowered.asm.mixin.transformer.TargetClassContext.applyMixins(TargetClassContext.java:418) ~[sponge-mixin-0.15.2+mixin.0.8.7.jar%2373!/:0.15.2+mixin.0.8.7] {}
	at MC-BOOTSTRAP/org.spongepowered.mixin/org.spongepowered.asm.mixin.transformer.MixinProcessor.applyMixins(MixinProcessor.java:363) ~[sponge-mixin-0.15.2+mixin.0.8.7.jar%2373!/:0.15.2+mixin.0.8.7] {}
	at MC-BOOTSTRAP/org.spongepowered.mixin/org.spongepowered.asm.mixin.transformer.MixinTransformer.transformClass(MixinTransformer.java:250) ~[sponge-mixin-0.15.2+mixin.0.8.7.jar%2373!/:0.15.2+mixin.0.8.7] {}
	at MC-BOOTSTRAP/org.spongepowered.mixin/org.spongepowered.asm.service.modlauncher.MixinTransformationHandler.processClass(MixinTransformationHandler.java:131) ~[sponge-mixin-0.15.2+mixin.0.8.7.jar%2373!/:0.15.2+mixin.0.8.7] {}
	at MC-BOOTSTRAP/org.spongepowered.mixin/org.spongepowered.asm.launch.MixinLaunchPluginLegacy.processClass(MixinLaunchPluginLegacy.java:131) ~[sponge-mixin-0.15.2+mixin.0.8.7.jar%2373!/:0.15.2+mixin.0.8.7] {}
	at MC-BOOTSTRAP/cpw.mods.modlauncher@11.0.5/cpw.mods.modlauncher.serviceapi.ILaunchPluginService.processClassWithFlags(ILaunchPluginService.java:156) ~[modlauncher-11.0.5.jar%2364!/:11.0.5+main.901c6ea8] {}
	at MC-BOOTSTRAP/cpw.mods.modlauncher@11.0.5/cpw.mods.modlauncher.LaunchPluginHandler.offerClassNodeToPlugins(LaunchPluginHandler.java:94) ~[modlauncher-11.0.5.jar%2364!/:?] {}
	at MC-BOOTSTRAP/cpw.mods.modlauncher@11.0.5/cpw.mods.modlauncher.ClassTransformer.transform(ClassTransformer.java:120) ~[modlauncher-11.0.5.jar%2364!/:?] {}
	at MC-BOOTSTRAP/cpw.mods.modlauncher@11.0.5/cpw.mods.modlauncher.TransformingClassLoader.maybeTransformClassBytes(TransformingClassLoader.java:57) ~[modlauncher-11.0.5.jar%2364!/:?] {}
	at cpw.mods.securejarhandler/cpw.mods.cl.ModuleClassLoader.readerToClass(ModuleClassLoader.java:190) ~[securejarhandler-3.0.8.jar:?] {}
	at cpw.mods.securejarhandler/cpw.mods.cl.ModuleClassLoader.lambda$findClass$20(ModuleClassLoader.java:298) ~[securejarhandler-3.0.8.jar:?] {}
	at cpw.mods.securejarhandler/cpw.mods.cl.ModuleClassLoader.loadFromModule(ModuleClassLoader.java:311) ~[securejarhandler-3.0.8.jar:?] {}
	at cpw.mods.securejarhandler/cpw.mods.cl.ModuleClassLoader.findClass(ModuleClassLoader.java:298) ~[securejarhandler-3.0.8.jar:?] {}
	at cpw.mods.securejarhandler/cpw.mods.cl.ModuleClassLoader.loadClass(ModuleClassLoader.java:214) ~[securejarhandler-3.0.8.jar:?] {}
	at java.base/java.lang.ClassLoader.loadClass(ClassLoader.java:526) ~[?:?] {}
	at TRANSFORMER/minecraft@1.21.1/net.minecraft.world.level.levelgen.NoiseBasedChunkGenerator.createNoiseChunk(NoiseBasedChunkGenerator.java:106) ~[server-1.21.1-20240808.144430-srg.jar%23120!/:?] {re:mixin,pl:accesstransformer:B,re:mixin,pl:accesstransformer:B,re:mixin,pl:accesstransformer:B,re:classloading,pl:accesstransformer:B,pl:mixin:APP:generator_accelerator.mixins.json:MixinNoiseBasedChunkGenerator$fast_do_fill from mod generator_accelerator,pl:mixin:APP:generator_accelerator.mixins.json:MixinNoiseBasedChunkGenerator$optimize_apply_carvers from mod generator_accelerator,pl:mixin:APP:generator_accelerator.mixins.json:MixinNoiseBasedChunkGenerator$optimize_iterate_noise_column from mod generator_accelerator,pl:mixin:APP:generator_accelerator_density_compiler.mixins.json:NoiseBasedChunkGeneratorMixin from mod generator_accelerator,pl:mixin:APP:bons_and_furious.beardifier.mixins.json:CreateNoiseChunkMixin from mod bons_and_furious,pl:mixin:APP:bons_and_furious.terrain.mixins.json:ColumnHeightShareMixin from mod bons_and_furious,pl:mixin:A}
	at TRANSFORMER/minecraft@1.21.1/net.minecraft.world.level.levelgen.NoiseBasedChunkGenerator.lambda$doCreateBiomes$6(NoiseBasedChunkGenerator.java:98) ~[server-1.21.1-20240808.144430-srg.jar%23120!/:?] {re:mixin,pl:accesstransformer:B,re:mixin,pl:accesstransformer:B,re:mixin,pl:accesstransformer:B,re:classloading,pl:accesstransformer:B,pl:mixin:APP:generator_accelerator.mixins.json:MixinNoiseBasedChunkGenerator$fast_do_fill from mod generator_accelerator,pl:mixin:APP:generator_accelerator.mixins.json:MixinNoiseBasedChunkGenerator$optimize_apply_carvers from mod generator_accelerator,pl:mixin:APP:generator_accelerator.mixins.json:MixinNoiseBasedChunkGenerator$optimize_iterate_noise_column from mod generator_accelerator,pl:mixin:APP:generator_accelerator_density_compiler.mixins.json:NoiseBasedChunkGeneratorMixin from mod generator_accelerator,pl:mixin:APP:bons_and_furious.beardifier.mixins.json:CreateNoiseChunkMixin from mod bons_and_furious,pl:mixin:APP:bons_and_furious.terrain.mixins.json:ColumnHeightShareMixin from mod bons_and_furious,pl:mixin:A}
	at TRANSFORMER/minecraft@1.21.1/net.minecraft.world.level.chunk.ChunkAccess.getOrCreateNoiseChunk(ChunkAccess.java:417) ~[server-1.21.1-20240808.144430-srg.jar%23120!/:?] {re:mixin,re:classloading,pl:mixin:APP:generator_accelerator.mixins.json:accessor.MixinChunkAccessAccessor from mod generator_accelerator,pl:mixin:APP:generator_accelerator_structures.mixins.json:MixinChunkAccess$SynchronizeStructureData from mod generator_accelerator,pl:mixin:APP:generator_accelerator_features.mixins.json:MixinChunkAccess from mod generator_accelerator,pl:mixin:APP:generator_accelerator_features.mixins.json:MixinChunkAccess$fast_block_light_sources from mod generator_accelerator,pl:mixin:A}
	at TRANSFORMER/minecraft@1.21.1/net.minecraft.world.level.levelgen.NoiseBasedChunkGenerator.doCreateBiomes(NoiseBasedChunkGenerator.java:98) ~[server-1.21.1-20240808.144430-srg.jar%23120!/:?] {re:mixin,pl:accesstransformer:B,re:mixin,pl:accesstransformer:B,re:mixin,pl:accesstransformer:B,re:classloading,pl:accesstransformer:B,pl:mixin:APP:generator_accelerator.mixins.json:MixinNoiseBasedChunkGenerator$fast_do_fill from mod generator_accelerator,pl:mixin:APP:generator_accelerator.mixins.json:MixinNoiseBasedChunkGenerator$optimize_apply_carvers from mod generator_accelerator,pl:mixin:APP:generator_accelerator.mixins.json:MixinNoiseBasedChunkGenerator$optimize_iterate_noise_column from mod generator_accelerator,pl:mixin:APP:generator_accelerator_density_compiler.mixins.json:NoiseBasedChunkGeneratorMixin from mod generator_accelerator,pl:mixin:APP:bons_and_furious.beardifier.mixins.json:CreateNoiseChunkMixin from mod bons_and_furious,pl:mixin:APP:bons_and_furious.terrain.mixins.json:ColumnHeightShareMixin from mod bons_and_furious,pl:mixin:A}
	at TRANSFORMER/minecraft@1.21.1/net.minecraft.world.level.levelgen.NoiseBasedChunkGenerator.lambda$createBiomes$5(NoiseBasedChunkGenerator.java:92) ~[server-1.21.1-20240808.144430-srg.jar%23120!/:?] {re:mixin,pl:accesstransformer:B,re:mixin,pl:accesstransformer:B,re:mixin,pl:accesstransformer:B,re:classloading,pl:accesstransformer:B,pl:mixin:APP:generator_accelerator.mixins.json:MixinNoiseBasedChunkGenerator$fast_do_fill from mod generator_accelerator,pl:mixin:APP:generator_accelerator.mixins.json:MixinNoiseBasedChunkGenerator$optimize_apply_carvers from mod generator_accelerator,pl:mixin:APP:generator_accelerator.mixins.json:MixinNoiseBasedChunkGenerator$optimize_iterate_noise_column from mod generator_accelerator,pl:mixin:APP:generator_accelerator_density_compiler.mixins.json:NoiseBasedChunkGeneratorMixin from mod generator_accelerator,pl:mixin:APP:bons_and_furious.beardifier.mixins.json:CreateNoiseChunkMixin from mod bons_and_furious,pl:mixin:APP:bons_and_furious.terrain.mixins.json:ColumnHeightShareMixin from mod bons_and_furious,pl:mixin:A}
	at java.base/java.util.concurrent.CompletableFuture$AsyncSupply.run(CompletableFuture.java:1768) [?:?] {}
	at java.base/java.util.concurrent.CompletableFuture$AsyncSupply.exec(CompletableFuture.java:1760) [?:?] {}
	at java.base/java.util.concurrent.ForkJoinTask.doExec(ForkJoinTask.java:387) [?:?] {}
	at java.base/java.util.concurrent.ForkJoinPool$WorkQueue.topLevelExec(ForkJoinPool.java:1312) [?:?] {}
	at java.base/java.util.concurrent.ForkJoinPool.scan(ForkJoinPool.java:1843) [?:?] {}
	at java.base/java.util.concurrent.ForkJoinPool.runWorker(ForkJoinPool.java:1808) [?:?] {}
	at java.base/java.util.concurrent.ForkJoinWorkerThread.run(ForkJoinWorkerThread.java:188) [?:?] {}
[04:50:49] [Worker-Main-11/FATAL] [mixin/]: Mixin apply for mod bons_and_furious failed bons_and_furious.worldgen_beardifier_bounds.mixins.json:BeardifierBoundsMixin from mod bons_and_furious -> net.minecraft.world.level.levelgen.Beardifier: org.spongepowered.asm.mixin.injection.throwables.InvalidInjectionException @At("FIELD") on net/minecraft/world/level/levelgen/Beardifier::bons$rigids with priority 1000 cannot inject into net/minecraft/world/level/levelgen/Beardifier::compute(Lnet/minecraft/world/level/levelgen/DensityFunction$FunctionContext;)D merged by dev.sixik.generator_accelerator.common.beardifier.mixin.MixinBeardifier with priority 1000 [INJECT_PREPARE Applicator Phase -> bons_and_furious.worldgen_beardifier_bounds.mixins.json:BeardifierBoundsMixin from mod bons_and_furious -> Prepare Injections -> modifyExpressionValue$zgo000$bons_and_furious$bons$rigids(Lit/unimi/dsi/fastutil/objects/ObjectListIterator;III)Lit/unimi/dsi/fastutil/objects/ObjectListIterator; -> Prepare ->  -> { target: compute(Lnet/minecraft/world/level/levelgen/DensityFunction$FunctionContext;)D }]
org.spongepowered.asm.mixin.injection.throwables.InvalidInjectionException: @At("FIELD") on net/minecraft/world/level/levelgen/Beardifier::bons$rigids with priority 1000 cannot inject into net/minecraft/world/level/levelgen/Beardifier::compute(Lnet/minecraft/world/level/levelgen/DensityFunction$FunctionContext;)D merged by dev.sixik.generator_accelerator.common.beardifier.mixin.MixinBeardifier with priority 1000 [INJECT_PREPARE Applicator Phase -> bons_and_furious.worldgen_beardifier_bounds.mixins.json:BeardifierBoundsMixin from mod bons_and_furious -> Prepare Injections -> modifyExpressionValue$zgo000$bons_and_furious$bons$rigids(Lit/unimi/dsi/fastutil/objects/ObjectListIterator;III)Lit/unimi/dsi/fastutil/objects/ObjectListIterator; -> Prepare ->  -> { target: compute(Lnet/minecraft/world/level/levelgen/DensityFunction$FunctionContext;)D }]
	at MC-BOOTSTRAP/org.spongepowered.mixin/org.spongepowered.asm.mixin.injection.code.Injector.findTargetNodes(Injector.java:312) ~[sponge-mixin-0.15.2+mixin.0.8.7.jar%2373!/:0.15.2+mixin.0.8.7] {}
	at MC-BOOTSTRAP/org.spongepowered.mixin/org.spongepowered.asm.mixin.injection.code.Injector.find(Injector.java:248) ~[sponge-mixin-0.15.2+mixin.0.8.7.jar%2373!/:0.15.2+mixin.0.8.7] {}
	at MC-BOOTSTRAP/org.spongepowered.mixin/org.spongepowered.asm.mixin.injection.struct.InjectionInfo.prepare(InjectionInfo.java:475) ~[sponge-mixin-0.15.2+mixin.0.8.7.jar%2373!/:0.15.2+mixin.0.8.7] {}
	at TRANSFORMER/mixinextras.neoforge@0.5.3/com.llamalad7.mixinextras.injector.ModifyExpressionValueInjectionInfo.prepare(ModifyExpressionValueInjectionInfo.java:25) ~[mixinextras-neoforge-0.5.3.jar%23135!/:?] {re:classloading}
	at TRANSFORMER/mixinextras.neoforge@0.5.3/com.llamalad7.mixinextras.wrapper.InjectorWrapperImpl.prepare(InjectorWrapperImpl.java:56) ~[mixinextras-neoforge-0.5.3.jar%23135!/:?] {re:classloading}
	at TRANSFORMER/mixinextras.neoforge@0.5.3/com.llamalad7.mixinextras.sugar.impl.SugarWrapperImpl.prepare(SugarWrapperImpl.java:70) ~[mixinextras-neoforge-0.5.3.jar%23135!/:?] {re:classloading}
	at TRANSFORMER/mixinextras.neoforge@0.5.3/com.llamalad7.mixinextras.wrapper.WrapperInjectionInfo.prepare(WrapperInjectionInfo.java:64) ~[mixinextras-neoforge-0.5.3.jar%23135!/:?] {re:classloading}
	at MC-BOOTSTRAP/org.spongepowered.mixin/org.spongepowered.asm.mixin.transformer.MixinTargetContext.prepareInjections(MixinTargetContext.java:1407) ~[sponge-mixin-0.15.2+mixin.0.8.7.jar%2373!/:0.15.2+mixin.0.8.7] {}
	at MC-BOOTSTRAP/org.spongepowered.mixin/org.spongepowered.asm.mixin.transformer.MixinApplicatorStandard.prepareInjections(MixinApplicatorStandard.java:731) ~[sponge-mixin-0.15.2+mixin.0.8.7.jar%2373!/:0.15.2+mixin.0.8.7] {}
	at MC-BOOTSTRAP/org.spongepowered.mixin/org.spongepowered.asm.mixin.transformer.MixinApplicatorStandard.applyMixin(MixinApplicatorStandard.java:315) ~[sponge-mixin-0.15.2+mixin.0.8.7.jar%2373!/:0.15.2+mixin.0.8.7] {}
	at MC-BOOTSTRAP/org.spongepowered.mixin/org.spongepowered.asm.mixin.transformer.MixinApplicatorStandard.apply(MixinApplicatorStandard.java:246) ~[sponge-mixin-0.15.2+mixin.0.8.7.jar%2373!/:0.15.2+mixin.0.8.7] {}
	at MC-BOOTSTRAP/org.spongepowered.mixin/org.spongepowered.asm.mixin.transformer.TargetClassContext.apply(TargetClassContext.java:437) ~[sponge-mixin-0.15.2+mixin.0.8.7.jar%2373!/:0.15.2+mixin.0.8.7] {}
	at MC-BOOTSTRAP/org.spongepowered.mixin/org.spongepowered.asm.mixin.transformer.TargetClassContext.applyMixins(TargetClassContext.java:418) ~[sponge-mixin-0.15.2+mixin.0.8.7.jar%2373!/:0.15.2+mixin.0.8.7] {}
	at MC-BOOTSTRAP/org.spongepowered.mixin/org.spongepowered.asm.mixin.transformer.MixinProcessor.applyMixins(MixinProcessor.java:363) ~[sponge-mixin-0.15.2+mixin.0.8.7.jar%2373!/:0.15.2+mixin.0.8.7] {}
	at MC-BOOTSTRAP/org.spongepowered.mixin/org.spongepowered.asm.mixin.transformer.MixinTransformer.transformClass(MixinTransformer.java:250) ~[sponge-mixin-0.15.2+mixin.0.8.7.jar%2373!/:0.15.2+mixin.0.8.7] {}
	at MC-BOOTSTRAP/org.spongepowered.mixin/org.spongepowered.asm.service.modlauncher.MixinTransformationHandler.processClass(MixinTransformationHandler.java:131) ~[sponge-mixin-0.15.2+mixin.0.8.7.jar%2373!/:0.15.2+mixin.0.8.7] {}
	at MC-BOOTSTRAP/org.spongepowered.mixin/org.spongepowered.asm.launch.MixinLaunchPluginLegacy.processClass(MixinLaunchPluginLegacy.java:131) ~[sponge-mixin-0.15.2+mixin.0.8.7.jar%2373!/:0.15.2+mixin.0.8.7] {}
	at MC-BOOTSTRAP/cpw.mods.modlauncher@11.0.5/cpw.mods.modlauncher.serviceapi.ILaunchPluginService.processClassWithFlags(ILaunchPluginService.java:156) ~[modlauncher-11.0.5.jar%2364!/:11.0.5+main.901c6ea8] {}
	at MC-BOOTSTRAP/cpw.mods.modlauncher@11.0.5/cpw.mods.modlauncher.LaunchPluginHandler.offerClassNodeToPlugins(LaunchPluginHandler.java:94) ~[modlauncher-11.0.5.jar%2364!/:?] {}
	at MC-BOOTSTRAP/cpw.mods.modlauncher@11.0.5/cpw.mods.modlauncher.ClassTransformer.transform(ClassTransformer.java:120) ~[modlauncher-11.0.5.jar%2364!/:?] {}
	at MC-BOOTSTRAP/cpw.mods.modlauncher@11.0.5/cpw.mods.modlauncher.TransformingClassLoader.maybeTransformClassBytes(TransformingClassLoader.java:57) ~[modlauncher-11.0.5.jar%2364!/:?] {}
	at cpw.mods.securejarhandler/cpw.mods.cl.ModuleClassLoader.readerToClass(ModuleClassLoader.java:190) ~[securejarhandler-3.0.8.jar:?] {}
	at cpw.mods.securejarhandler/cpw.mods.cl.ModuleClassLoader.lambda$findClass$20(ModuleClassLoader.java:298) ~[securejarhandler-3.0.8.jar:?] {}
	at cpw.mods.securejarhandler/cpw.mods.cl.ModuleClassLoader.loadFromModule(ModuleClassLoader.java:311) ~[securejarhandler-3.0.8.jar:?] {}
	at cpw.mods.securejarhandler/cpw.mods.cl.ModuleClassLoader.findClass(ModuleClassLoader.java:298) ~[securejarhandler-3.0.8.jar:?] {}
	at cpw.mods.securejarhandler/cpw.mods.cl.ModuleClassLoader.loadClass(ModuleClassLoader.java:214) ~[securejarhandler-3.0.8.jar:?] {}
	at java.base/java.lang.ClassLoader.loadClass(ClassLoader.java:526) ~[?:?] {}
	at TRANSFORMER/minecraft@1.21.1/net.minecraft.world.level.levelgen.NoiseBasedChunkGenerator.createNoiseChunk(NoiseBasedChunkGenerator.java:106) ~[server-1.21.1-20240808.144430-srg.jar%23120!/:?] {re:mixin,pl:accesstransformer:B,re:mixin,pl:accesstransformer:B,re:mixin,pl:accesstransformer:B,re:classloading,pl:accesstransformer:B,pl:mixin:APP:generator_accelerator.mixins.json:MixinNoiseBasedChunkGenerator$fast_do_fill from mod generator_accelerator,pl:mixin:APP:generator_accelerator.mixins.json:MixinNoiseBasedChunkGenerator$optimize_apply_carvers from mod generator_accelerator,pl:mixin:APP:generator_accelerator.mixins.json:MixinNoiseBasedChunkGenerator$optimize_iterate_noise_column from mod generator_accelerator,pl:mixin:APP:generator_accelerator_density_compiler.mixins.json:NoiseBasedChunkGeneratorMixin from mod generator_accelerator,pl:mixin:APP:bons_and_furious.beardifier.mixins.json:CreateNoiseChunkMixin from mod bons_and_furious,pl:mixin:APP:bons_and_furious.terrain.mixins.json:ColumnHeightShareMixin from mod bons_and_furious,pl:mixin:A}
	at TRANSFORMER/minecraft@1.21.1/net.minecraft.world.level.levelgen.NoiseBasedChunkGenerator.lambda$doCreateBiomes$6(NoiseBasedChunkGenerator.java:98) ~[server-1.21.1-20240808.144430-srg.jar%23120!/:?] {re:mixin,pl:accesstransformer:B,re:mixin,pl:accesstransformer:B,re:mixin,pl:accesstransformer:B,re:classloading,pl:accesstransformer:B,pl:mixin:APP:generator_accelerator.mixins.json:MixinNoiseBasedChunkGenerator$fast_do_fill from mod generator_accelerator,pl:mixin:APP:generator_accelerator.mixins.json:MixinNoiseBasedChunkGenerator$optimize_apply_carvers from mod generator_accelerator,pl:mixin:APP:generator_accelerator.mixins.json:MixinNoiseBasedChunkGenerator$optimize_iterate_noise_column from mod generator_accelerator,pl:mixin:APP:generator_accelerator_density_compiler.mixins.json:NoiseBasedChunkGeneratorMixin from mod generator_accelerator,pl:mixin:APP:bons_and_furious.beardifier.mixins.json:CreateNoiseChunkMixin from mod bons_and_furious,pl:mixin:APP:bons_and_furious.terrain.mixins.json:ColumnHeightShareMixin from mod bons_and_furious,pl:mixin:A}
	at TRANSFORMER/minecraft@1.21.1/net.minecraft.world.level.chunk.ChunkAccess.getOrCreateNoiseChunk(ChunkAccess.java:417) ~[server-1.21.1-20240808.144430-srg.jar%23120!/:?] {re:mixin,re:classloading,pl:mixin:APP:generator_accelerator.mixins.json:accessor.MixinChunkAccessAccessor from mod generator_accelerator,pl:mixin:APP:generator_accelerator_structures.mixins.json:MixinChunkAccess$SynchronizeStructureData from mod generator_accelerator,pl:mixin:APP:generator_accelerator_features.mixins.json:MixinChunkAccess from mod generator_accelerator,pl:mixin:APP:generator_accelerator_features.mixins.json:MixinChunkAccess$fast_block_light_sources from mod generator_accelerator,pl:mixin:A}
	at TRANSFORMER/minecraft@1.21.1/net.minecraft.world.level.levelgen.NoiseBasedChunkGenerator.doCreateBiomes(NoiseBasedChunkGenerator.java:98) ~[server-1.21.1-20240808.144430-srg.jar%23120!/:?] {re:mixin,pl:accesstransformer:B,re:mixin,pl:accesstransformer:B,re:mixin,pl:accesstransformer:B,re:classloading,pl:accesstransformer:B,pl:mixin:APP:generator_accelerator.mixins.json:MixinNoiseBasedChunkGenerator$fast_do_fill from mod generator_accelerator,pl:mixin:APP:generator_accelerator.mixins.json:MixinNoiseBasedChunkGenerator$optimize_apply_carvers from mod generator_accelerator,pl:mixin:APP:generator_accelerator.mixins.json:MixinNoiseBasedChunkGenerator$optimize_iterate_noise_column from mod generator_accelerator,pl:mixin:APP:generator_accelerator_density_compiler.mixins.json:NoiseBasedChunkGeneratorMixin from mod generator_accelerator,pl:mixin:APP:bons_and_furious.beardifier.mixins.json:CreateNoiseChunkMixin from mod bons_and_furious,pl:mixin:APP:bons_and_furious.terrain.mixins.json:ColumnHeightShareMixin from mod bons_and_furious,pl:mixin:A}
	at TRANSFORMER/minecraft@1.21.1/net.minecraft.world.level.levelgen.NoiseBasedChunkGenerator.lambda$createBiomes$5(NoiseBasedChunkGenerator.java:92) ~[server-1.21.1-20240808.144430-srg.jar%23120!/:?] {re:mixin,pl:accesstransformer:B,re:mixin,pl:accesstransformer:B,re:mixin,pl:accesstransformer:B,re:classloading,pl:accesstransformer:B,pl:mixin:APP:generator_accelerator.mixins.json:MixinNoiseBasedChunkGenerator$fast_do_fill from mod generator_accelerator,pl:mixin:APP:generator_accelerator.mixins.json:MixinNoiseBasedChunkGenerator$optimize_apply_carvers from mod generator_accelerator,pl:mixin:APP:generator_accelerator.mixins.json:MixinNoiseBasedChunkGenerator$optimize_iterate_noise_column from mod generator_accelerator,pl:mixin:APP:generator_accelerator_density_compiler.mixins.json:NoiseBasedChunkGeneratorMixin from mod generator_accelerator,pl:mixin:APP:bons_and_furious.beardifier.mixins.json:CreateNoiseChunkMixin from mod bons_and_furious,pl:mixin:APP:bons_and_furious.terrain.mixins.json:ColumnHeightShareMixin from mod bons_and_furious,pl:mixin:A}
	at java.base/java.util.concurrent.CompletableFuture$AsyncSupply.run(CompletableFuture.java:1768) [?:?] {}
	at java.base/java.util.concurrent.CompletableFuture$AsyncSupply.exec(CompletableFuture.java:1760) [?:?] {}
	at java.base/java.util.concurrent.ForkJoinTask.doExec(ForkJoinTask.java:387) [?:?] {}
	at java.base/java.util.concurrent.ForkJoinPool$WorkQueue.topLevelExec(ForkJoinPool.java:1312) [?:?] {}
	at java.base/java.util.concurrent.ForkJoinPool.scan(ForkJoinPool.java:1843) [?:?] {}
	at java.base/java.util.concurrent.ForkJoinPool.runWorker(ForkJoinPool.java:1808) [?:?] {}
	at java.base/java.util.concurrent.ForkJoinWorkerThread.run(ForkJoinWorkerThread.java:188) [?:?] {}
[04:50:49] [Server thread/ERROR] [minecraft/MinecraftServer]: Encountered an unexpected exception
net.minecraft.ReportedException: Exception chunk generation/loading
	at TRANSFORMER/minecraft@1.21.1/net.minecraft.server.MinecraftServer.createLevels(MinecraftServer.java:391) ~[server-1.21.1-20240808.144430-srg.jar%23120!/:?] {re:mixin,pl:accesstransformer:B,re:classloading,pl:accesstransformer:B,pl:mixin:APP:generator_accelerator.mixins.json:MixinMinecraftServer from mod generator_accelerator,pl:mixin:A}
	at TRANSFORMER/minecraft@1.21.1/net.minecraft.server.MinecraftServer.loadLevel(MinecraftServer.java:337) ~[server-1.21.1-20240808.144430-srg.jar%23120!/:?] {re:mixin,pl:accesstransformer:B,re:classloading,pl:accesstransformer:B,pl:mixin:APP:generator_accelerator.mixins.json:MixinMinecraftServer from mod generator_accelerator,pl:mixin:A}
	at TRANSFORMER/minecraft@1.21.1/net.minecraft.server.dedicated.DedicatedServer.initServer(DedicatedServer.java:193) ~[server-1.21.1-20240808.144430-srg.jar%23120!/:?] {re:classloading}
	at TRANSFORMER/minecraft@1.21.1/net.minecraft.server.MinecraftServer.runServer(MinecraftServer.java:670) ~[server-1.21.1-20240808.144430-srg.jar%23120!/:?] {re:mixin,pl:accesstransformer:B,re:classloading,pl:accesstransformer:B,pl:mixin:APP:generator_accelerator.mixins.json:MixinMinecraftServer from mod generator_accelerator,pl:mixin:A}
	at TRANSFORMER/minecraft@1.21.1/net.minecraft.server.MinecraftServer.lambda$spin$2(MinecraftServer.java:267) ~[server-1.21.1-20240808.144430-srg.jar%23120!/:?] {re:mixin,pl:accesstransformer:B,re:classloading,pl:accesstransformer:B,pl:mixin:APP:generator_accelerator.mixins.json:MixinMinecraftServer from mod generator_accelerator,pl:mixin:A}
	at java.base/java.lang.Thread.run(Thread.java:1583) [?:?] {re:mixin}
Caused by: org.spongepowered.asm.mixin.transformer.throwables.MixinTransformerError: An unexpected critical error was encountered
	at MC-BOOTSTRAP/org.spongepowered.mixin/org.spongepowered.asm.mixin.transformer.MixinProcessor.applyMixins(MixinProcessor.java:392) ~[sponge-mixin-0.15.2+mixin.0.8.7.jar%2373!/:0.15.2+mixin.0.8.7] {}
	at MC-BOOTSTRAP/org.spongepowered.mixin/org.spongepowered.asm.mixin.transformer.MixinTransformer.transformClass(MixinTransformer.java:250) ~[sponge-mixin-0.15.2+mixin.0.8.7.jar%2373!/:0.15.2+mixin.0.8.7] {}
	at MC-BOOTSTRAP/org.spongepowered.mixin/org.spongepowered.asm.service.modlauncher.MixinTransformationHandler.processClass(MixinTransformationHandler.java:131) ~[sponge-mixin-0.15.2+mixin.0.8.7.jar%2373!/:0.15.2+mixin.0.8.7] {}
	at MC-BOOTSTRAP/org.spongepowered.mixin/org.spongepowered.asm.launch.MixinLaunchPluginLegacy.processClass(MixinLaunchPluginLegacy.java:131) ~[sponge-mixin-0.15.2+mixin.0.8.7.jar%2373!/:0.15.2+mixin.0.8.7] {}
	at MC-BOOTSTRAP/cpw.mods.modlauncher@11.0.5/cpw.mods.modlauncher.serviceapi.ILaunchPluginService.processClassWithFlags(ILaunchPluginService.java:156) ~[modlauncher-11.0.5.jar%2364!/:11.0.5+main.901c6ea8] {}
	at MC-BOOTSTRAP/cpw.mods.modlauncher@11.0.5/cpw.mods.modlauncher.LaunchPluginHandler.offerClassNodeToPlugins(LaunchPluginHandler.java:94) ~[modlauncher-11.0.5.jar%2364!/:?] {}
	at MC-BOOTSTRAP/cpw.mods.modlauncher@11.0.5/cpw.mods.modlauncher.ClassTransformer.transform(ClassTransformer.java:120) ~[modlauncher-11.0.5.jar%2364!/:?] {}
	at MC-BOOTSTRAP/cpw.mods.modlauncher@11.0.5/cpw.mods.modlauncher.TransformingClassLoader.maybeTransformClassBytes(TransformingClassLoader.java:57) ~[modlauncher-11.0.5.jar%2364!/:?] {}
	at cpw.mods.securejarhandler/cpw.mods.cl.ModuleClassLoader.readerToClass(ModuleClassLoader.java:190) ~[securejarhandler-3.0.8.jar:?] {}
	at cpw.mods.securejarhandler/cpw.mods.cl.ModuleClassLoader.lambda$findClass$20(ModuleClassLoader.java:298) ~[securejarhandler-3.0.8.jar:?] {}
	at cpw.mods.securejarhandler/cpw.mods.cl.ModuleClassLoader.loadFromModule(ModuleClassLoader.java:311) ~[securejarhandler-3.0.8.jar:?] {}
	at cpw.mods.securejarhandler/cpw.mods.cl.ModuleClassLoader.findClass(ModuleClassLoader.java:298) ~[securejarhandler-3.0.8.jar:?] {}
	at cpw.mods.securejarhandler/cpw.mods.cl.ModuleClassLoader.loadClass(ModuleClassLoader.java:214) ~[securejarhandler-3.0.8.jar:?] {}
	at java.base/java.lang.ClassLoader.loadClass(ClassLoader.java:526) ~[?:?] {}
	at TRANSFORMER/minecraft@1.21.1/net.minecraft.world.level.levelgen.NoiseBasedChunkGenerator.createNoiseChunk(NoiseBasedChunkGenerator.java:106) ~[server-1.21.1-20240808.144430-srg.jar%23120!/:?] {re:mixin,pl:accesstransformer:B,re:mixin,pl:accesstransformer:B,re:mixin,pl:accesstransformer:B,re:classloading,pl:accesstransformer:B,pl:mixin:APP:generator_accelerator.mixins.json:MixinNoiseBasedChunkGenerator$fast_do_fill from mod generator_accelerator,pl:mixin:APP:generator_accelerator.mixins.json:MixinNoiseBasedChunkGenerator$optimize_apply_carvers from mod generator_accelerator,pl:mixin:APP:generator_accelerator.mixins.json:MixinNoiseBasedChunkGenerator$optimize_iterate_noise_column from mod generator_accelerator,pl:mixin:APP:generator_accelerator_density_compiler.mixins.json:NoiseBasedChunkGeneratorMixin from mod generator_accelerator,pl:mixin:APP:bons_and_furious.beardifier.mixins.json:CreateNoiseChunkMixin from mod bons_and_furious,pl:mixin:APP:bons_and_furious.terrain.mixins.json:ColumnHeightShareMixin from mod bons_and_furious,pl:mixin:A}
	at TRANSFORMER/minecraft@1.21.1/net.minecraft.world.level.levelgen.NoiseBasedChunkGenerator.lambda$doCreateBiomes$6(NoiseBasedChunkGenerator.java:98) ~[server-1.21.1-20240808.144430-srg.jar%23120!/:?] {re:mixin,pl:accesstransformer:B,re:mixin,pl:accesstransformer:B,re:mixin,pl:accesstransformer:B,re:classloading,pl:accesstransformer:B,pl:mixin:APP:generator_accelerator.mixins.json:MixinNoiseBasedChunkGenerator$fast_do_fill from mod generator_accelerator,pl:mixin:APP:generator_accelerator.mixins.json:MixinNoiseBasedChunkGenerator$optimize_apply_carvers from mod generator_accelerator,pl:mixin:APP:generator_accelerator.mixins.json:MixinNoiseBasedChunkGenerator$optimize_iterate_noise_column from mod generator_accelerator,pl:mixin:APP:generator_accelerator_density_compiler.mixins.json:NoiseBasedChunkGeneratorMixin from mod generator_accelerator,pl:mixin:APP:bons_and_furious.beardifier.mixins.json:CreateNoiseChunkMixin from mod bons_and_furious,pl:mixin:APP:bons_and_furious.terrain.mixins.json:ColumnHeightShareMixin from mod bons_and_furious,pl:mixin:A}
	at TRANSFORMER/minecraft@1.21.1/net.minecraft.world.level.chunk.ChunkAccess.getOrCreateNoiseChunk(ChunkAccess.java:417) ~[server-1.21.1-20240808.144430-srg.jar%23120!/:?] {re:mixin,re:classloading,pl:mixin:APP:generator_accelerator.mixins.json:accessor.MixinChunkAccessAccessor from mod generator_accelerator,pl:mixin:APP:generator_accelerator_structures.mixins.json:MixinChunkAccess$SynchronizeStructureData from mod generator_accelerator,pl:mixin:APP:generator_accelerator_features.mixins.json:MixinChunkAccess from mod generator_accelerator,pl:mixin:APP:generator_accelerator_features.mixins.json:MixinChunkAccess$fast_block_light_sources from mod generator_accelerator,pl:mixin:A}
	at TRANSFORMER/minecraft@1.21.1/net.minecraft.world.level.levelgen.NoiseBasedChunkGenerator.doCreateBiomes(NoiseBasedChunkGenerator.java:98) ~[server-1.21.1-20240808.144430-srg.jar%23120!/:?] {re:mixin,pl:accesstransformer:B,re:mixin,pl:accesstransformer:B,re:mixin,pl:accesstransformer:B,re:classloading,pl:accesstransformer:B,pl:mixin:APP:generator_accelerator.mixins.json:MixinNoiseBasedChunkGenerator$fast_do_fill from mod generator_accelerator,pl:mixin:APP:generator_accelerator.mixins.json:MixinNoiseBasedChunkGenerator$optimize_apply_carvers from mod generator_accelerator,pl:mixin:APP:generator_accelerator.mixins.json:MixinNoiseBasedChunkGenerator$optimize_iterate_noise_column from mod generator_accelerator,pl:mixin:APP:generator_accelerator_density_compiler.mixins.json:NoiseBasedChunkGeneratorMixin from mod generator_accelerator,pl:mixin:APP:bons_and_furious.beardifier.mixins.json:CreateNoiseChunkMixin from mod bons_and_furious,pl:mixin:APP:bons_and_furious.terrain.mixins.json:ColumnHeightShareMixin from mod bons_and_furious,pl:mixin:A}
	at TRANSFORMER/minecraft@1.21.1/net.minecraft.world.level.levelgen.NoiseBasedChunkGenerator.lambda$createBiomes$5(NoiseBasedChunkGenerator.java:92) ~[server-1.21.1-20240808.144430-srg.jar%23120!/:?] {re:mixin,pl:accesstransformer:B,re:mixin,pl:accesstransformer:B,re:mixin,pl:accesstransformer:B,re:classloading,pl:accesstransformer:B,pl:mixin:APP:generator_accelerator.mixins.json:MixinNoiseBasedChunkGenerator$fast_do_fill from mod generator_accelerator,pl:mixin:APP:generator_accelerator.mixins.json:MixinNoiseBasedChunkGenerator$optimize_apply_carvers from mod generator_accelerator,pl:mixin:APP:generator_accelerator.mixins.json:MixinNoiseBasedChunkGenerator$optimize_iterate_noise_column from mod generator_accelerator,pl:mixin:APP:generator_accelerator_density_compiler.mixins.json:NoiseBasedChunkGeneratorMixin from mod generator_accelerator,pl:mixin:APP:bons_and_furious.beardifier.mixins.json:CreateNoiseChunkMixin from mod bons_and_furious,pl:mixin:APP:bons_and_furious.terrain.mixins.json:ColumnHeightShareMixin from mod bons_and_furious,pl:mixin:A}
	at java.base/java.util.concurrent.CompletableFuture$AsyncSupply.run(CompletableFuture.java:1768) ~[?:?] {}
	at java.base/java.util.concurrent.CompletableFuture$AsyncSupply.exec(CompletableFuture.java:1760) ~[?:?] {}
	at java.base/java.util.concurrent.ForkJoinTask.doExec(ForkJoinTask.java:387) ~[?:?] {}
	at java.base/java.util.concurrent.ForkJoinPool$WorkQueue.topLevelExec(ForkJoinPool.java:1312) ~[?:?] {}
	at java.base/java.util.concurrent.ForkJoinPool.scan(ForkJoinPool.java:1843) ~[?:?] {}
	at java.base/java.util.concurrent.ForkJoinPool.runWorker(ForkJoinPool.java:1808) ~[?:?] {}
	at java.base/java.util.concurrent.ForkJoinWorkerThread.run(ForkJoinWorkerThread.java:188) ~[?:?] {}
Caused by: org.spongepowered.asm.mixin.throwables.MixinApplyError: Mixin [bons_and_furious.worldgen_beardifier_bounds.mixins.json:BeardifierBoundsMixin from mod bons_and_furious] from phase [DEFAULT] in config [bons_and_furious.worldgen_beardifier_bounds.mixins.json] FAILED during APPLY
	at MC-BOOTSTRAP/org.spongepowered.mixin/org.spongepowered.asm.mixin.transformer.MixinProcessor.handleMixinError(MixinProcessor.java:638) ~[sponge-mixin-0.15.2+mixin.0.8.7.jar%2373!/:0.15.2+mixin.0.8.7] {}
	at MC-BOOTSTRAP/org.spongepowered.mixin/org.spongepowered.asm.mixin.transformer.MixinProcessor.handleMixinApplyError(MixinProcessor.java:589) ~[sponge-mixin-0.15.2+mixin.0.8.7.jar%2373!/:0.15.2+mixin.0.8.7] {}
	at MC-BOOTSTRAP/org.spongepowered.mixin/org.spongepowered.asm.mixin.transformer.MixinProcessor.applyMixins(MixinProcessor.java:379) ~[sponge-mixin-0.15.2+mixin.0.8.7.jar%2373!/:0.15.2+mixin.0.8.7] {}
	at MC-BOOTSTRAP/org.spongepowered.mixin/org.spongepowered.asm.mixin.transformer.MixinTransformer.transformClass(MixinTransformer.java:250) ~[sponge-mixin-0.15.2+mixin.0.8.7.jar%2373!/:0.15.2+mixin.0.8.7] {}
	at MC-BOOTSTRAP/org.spongepowered.mixin/org.spongepowered.asm.service.modlauncher.MixinTransformationHandler.processClass(MixinTransformationHandler.java:131) ~[sponge-mixin-0.15.2+mixin.0.8.7.jar%2373!/:0.15.2+mixin.0.8.7] {}
	at MC-BOOTSTRAP/org.spongepowered.mixin/org.spongepowered.asm.launch.MixinLaunchPluginLegacy.processClass(MixinLaunchPluginLegacy.java:131) ~[sponge-mixin-0.15.2+mixin.0.8.7.jar%2373!/:0.15.2+mixin.0.8.7] {}
	at MC-BOOTSTRAP/cpw.mods.modlauncher@11.0.5/cpw.mods.modlauncher.serviceapi.ILaunchPluginService.processClassWithFlags(ILaunchPluginService.java:156) ~[modlauncher-11.0.5.jar%2364!/:11.0.5+main.901c6ea8] {}
	at MC-BOOTSTRAP/cpw.mods.modlauncher@11.0.5/cpw.mods.modlauncher.LaunchPluginHandler.offerClassNodeToPlugins(LaunchPluginHandler.java:94) ~[modlauncher-11.0.5.jar%2364!/:?] {}
	at MC-BOOTSTRAP/cpw.mods.modlauncher@11.0.5/cpw.mods.modlauncher.ClassTransformer.transform(ClassTransformer.java:120) ~[modlauncher-11.0.5.jar%2364!/:?] {}
	at MC-BOOTSTRAP/cpw.mods.modlauncher@11.0.5/cpw.mods.modlauncher.TransformingClassLoader.maybeTransformClassBytes(TransformingClassLoader.java:57) ~[modlauncher-11.0.5.jar%2364!/:?] {}
	at cpw.mods.securejarhandler/cpw.mods.cl.ModuleClassLoader.readerToClass(ModuleClassLoader.java:190) ~[securejarhandler-3.0.8.jar:?] {}
	at cpw.mods.securejarhandler/cpw.mods.cl.ModuleClassLoader.lambda$findClass$20(ModuleClassLoader.java:298) ~[securejarhandler-3.0.8.jar:?] {}
	at cpw.mods.securejarhandler/cpw.mods.cl.ModuleClassLoader.loadFromModule(ModuleClassLoader.java:311) ~[securejarhandler-3.0.8.jar:?] {}
	at cpw.mods.securejarhandler/cpw.mods.cl.ModuleClassLoader.findClass(ModuleClassLoader.java:298) ~[securejarhandler-3.0.8.jar:?] {}
	at cpw.mods.securejarhandler/cpw.mods.cl.ModuleClassLoader.loadClass(ModuleClassLoader.java:214) ~[securejarhandler-3.0.8.jar:?] {}
	at java.base/java.lang.ClassLoader.loadClass(ClassLoader.java:526) ~[?:?] {}
	at TRANSFORMER/minecraft@1.21.1/net.minecraft.world.level.levelgen.NoiseBasedChunkGenerator.createNoiseChunk(NoiseBasedChunkGenerator.java:106) ~[server-1.21.1-20240808.144430-srg.jar%23120!/:?] {re:mixin,pl:accesstransformer:B,re:mixin,pl:accesstransformer:B,re:mixin,pl:accesstransformer:B,re:classloading,pl:accesstransformer:B,pl:mixin:APP:generator_accelerator.mixins.json:MixinNoiseBasedChunkGenerator$fast_do_fill from mod generator_accelerator,pl:mixin:APP:generator_accelerator.mixins.json:MixinNoiseBasedChunkGenerator$optimize_apply_carvers from mod generator_accelerator,pl:mixin:APP:generator_accelerator.mixins.json:MixinNoiseBasedChunkGenerator$optimize_iterate_noise_column from mod generator_accelerator,pl:mixin:APP:generator_accelerator_density_compiler.mixins.json:NoiseBasedChunkGeneratorMixin from mod generator_accelerator,pl:mixin:APP:bons_and_furious.beardifier.mixins.json:CreateNoiseChunkMixin from mod bons_and_furious,pl:mixin:APP:bons_and_furious.terrain.mixins.json:ColumnHeightShareMixin from mod bons_and_furious,pl:mixin:A}
	at TRANSFORMER/minecraft@1.21.1/net.minecraft.world.level.levelgen.NoiseBasedChunkGenerator.lambda$doCreateBiomes$6(NoiseBasedChunkGenerator.java:98) ~[server-1.21.1-20240808.144430-srg.jar%23120!/:?] {re:mixin,pl:accesstransformer:B,re:mixin,pl:accesstransformer:B,re:mixin,pl:accesstransformer:B,re:classloading,pl:accesstransformer:B,pl:mixin:APP:generator_accelerator.mixins.json:MixinNoiseBasedChunkGenerator$fast_do_fill from mod generator_accelerator,pl:mixin:APP:generator_accelerator.mixins.json:MixinNoiseBasedChunkGenerator$optimize_apply_carvers from mod generator_accelerator,pl:mixin:APP:generator_accelerator.mixins.json:MixinNoiseBasedChunkGenerator$optimize_iterate_noise_column from mod generator_accelerator,pl:mixin:APP:generator_accelerator_density_compiler.mixins.json:NoiseBasedChunkGeneratorMixin from mod generator_accelerator,pl:mixin:APP:bons_and_furious.beardifier.mixins.json:CreateNoiseChunkMixin from mod bons_and_furious,pl:mixin:APP:bons_and_furious.terrain.mixins.json:ColumnHeightShareMixin from mod bons_and_furious,pl:mixin:A}
	at TRANSFORMER/minecraft@1.21.1/net.minecraft.world.level.chunk.ChunkAccess.getOrCreateNoiseChunk(ChunkAccess.java:417) ~[server-1.21.1-20240808.144430-srg.jar%23120!/:?] {re:mixin,re:classloading,pl:mixin:APP:generator_accelerator.mixins.json:accessor.MixinChunkAccessAccessor from mod generator_accelerator,pl:mixin:APP:generator_accelerator_structures.mixins.json:MixinChunkAccess$SynchronizeStructureData from mod generator_accelerator,pl:mixin:APP:generator_accelerator_features.mixins.json:MixinChunkAccess from mod generator_accelerator,pl:mixin:APP:generator_accelerator_features.mixins.json:MixinChunkAccess$fast_block_light_sources from mod generator_accelerator,pl:mixin:A}
	at TRANSFORMER/minecraft@1.21.1/net.minecraft.world.level.levelgen.NoiseBasedChunkGenerator.doCreateBiomes(NoiseBasedChunkGenerator.java:98) ~[server-1.21.1-20240808.144430-srg.jar%23120!/:?] {re:mixin,pl:accesstransformer:B,re:mixin,pl:accesstransformer:B,re:mixin,pl:accesstransformer:B,re:classloading,pl:accesstransformer:B,pl:mixin:APP:generator_accelerator.mixins.json:MixinNoiseBasedChunkGenerator$fast_do_fill from mod generator_accelerator,pl:mixin:APP:generator_accelerator.mixins.json:MixinNoiseBasedChunkGenerator$optimize_apply_carvers from mod generator_accelerator,pl:mixin:APP:generator_accelerator.mixins.json:MixinNoiseBasedChunkGenerator$optimize_iterate_noise_column from mod generator_accelerator,pl:mixin:APP:generator_accelerator_density_compiler.mixins.json:NoiseBasedChunkGeneratorMixin from mod generator_accelerator,pl:mixin:APP:bons_and_furious.beardifier.mixins.json:CreateNoiseChunkMixin from mod bons_and_furious,pl:mixin:APP:bons_and_furious.terrain.mixins.json:ColumnHeightShareMixin from mod bons_and_furious,pl:mixin:A}
	at TRANSFORMER/minecraft@1.21.1/net.minecraft.world.level.levelgen.NoiseBasedChunkGenerator.lambda$createBiomes$5(NoiseBasedChunkGenerator.java:92) ~[server-1.21.1-20240808.144430-srg.jar%23120!/:?] {re:mixin,pl:accesstransformer:B,re:mixin,pl:accesstransformer:B,re:mixin,pl:accesstransformer:B,re:classloading,pl:accesstransformer:B,pl:mixin:APP:generator_accelerator.mixins.json:MixinNoiseBasedChunkGenerator$fast_do_fill from mod generator_accelerator,pl:mixin:APP:generator_accelerator.mixins.json:MixinNoiseBasedChunkGenerator$optimize_apply_carvers from mod generator_accelerator,pl:mixin:APP:generator_accelerator.mixins.json:MixinNoiseBasedChunkGenerator$optimize_iterate_noise_column from mod generator_accelerator,pl:mixin:APP:generator_accelerator_density_compiler.mixins.json:NoiseBasedChunkGeneratorMixin from mod generator_accelerator,pl:mixin:APP:bons_and_furious.beardifier.mixins.json:CreateNoiseChunkMixin from mod bons_and_furious,pl:mixin:APP:bons_and_furious.terrain.mixins.json:ColumnHeightShareMixin from mod bons_and_furious,pl:mixin:A}
	at java.base/java.util.concurrent.CompletableFuture$AsyncSupply.run(CompletableFuture.java:1768) ~[?:?] {}
	at java.base/java.util.concurrent.CompletableFuture$AsyncSupply.exec(CompletableFuture.java:1760) ~[?:?] {}
	at java.base/java.util.concurrent.ForkJoinTask.doExec(ForkJoinTask.java:387) ~[?:?] {}
	at java.base/java.util.concurrent.ForkJoinPool$WorkQueue.topLevelExec(ForkJoinPool.java:1312) ~[?:?] {}
	at java.base/java.util.concurrent.ForkJoinPool.scan(ForkJoinPool.java:1843) ~[?:?] {}
	at java.base/java.util.concurrent.ForkJoinPool.runWorker(ForkJoinPool.java:1808) ~[?:?] {}
	at java.base/java.util.concurrent.ForkJoinWorkerThread.run(ForkJoinWorkerThread.java:188) ~[?:?] {}
Caused by: org.spongepowered.asm.mixin.injection.throwables.InvalidInjectionException: @At("FIELD") on net/minecraft/world/level/levelgen/Beardifier::bons$rigids with priority 1000 cannot inject into net/minecraft/world/level/levelgen/Beardifier::compute(Lnet/minecraft/world/level/levelgen/DensityFunction$FunctionContext;)D merged by dev.sixik.generator_accelerator.common.beardifier.mixin.MixinBeardifier with priority 1000 [INJECT_PREPARE Applicator Phase -> bons_and_furious.worldgen_beardifier_bounds.mixins.json:BeardifierBoundsMixin from mod bons_and_furious -> Prepare Injections -> modifyExpressionValue$zgo000$bons_and_furious$bons$rigids(Lit/unimi/dsi/fastutil/objects/ObjectListIterator;III)Lit/unimi/dsi/fastutil/objects/ObjectListIterator; -> Prepare ->  -> { target: compute(Lnet/minecraft/world/level/levelgen/DensityFunction$FunctionContext;)D }]
	at MC-BOOTSTRAP/org.spongepowered.mixin/org.spongepowered.asm.mixin.injection.code.Injector.findTargetNodes(Injector.java:312) ~[sponge-mixin-0.15.2+mixin.0.8.7.jar%2373!/:0.15.2+mixin.0.8.7] {}
	at MC-BOOTSTRAP/org.spongepowered.mixin/org.spongepowered.asm.mixin.injection.code.Injector.find(Injector.java:248) ~[sponge-mixin-0.15.2+mixin.0.8.7.jar%2373!/:0.15.2+mixin.0.8.7] {}
	at MC-BOOTSTRAP/org.spongepowered.mixin/org.spongepowered.asm.mixin.injection.struct.InjectionInfo.prepare(InjectionInfo.java:475) ~[sponge-mixin-0.15.2+mixin.0.8.7.jar%2373!/:0.15.2+mixin.0.8.7] {}
	at TRANSFORMER/mixinextras.neoforge@0.5.3/com.llamalad7.mixinextras.injector.ModifyExpressionValueInjectionInfo.prepare(ModifyExpressionValueInjectionInfo.java:25) ~[mixinextras-neoforge-0.5.3.jar%23135!/:?] {re:classloading}
	at TRANSFORMER/mixinextras.neoforge@0.5.3/com.llamalad7.mixinextras.wrapper.InjectorWrapperImpl.prepare(InjectorWrapperImpl.java:56) ~[mixinextras-neoforge-0.5.3.jar%23135!/:?] {re:classloading}
	at TRANSFORMER/mixinextras.neoforge@0.5.3/com.llamalad7.mixinextras.sugar.impl.SugarWrapperImpl.prepare(SugarWrapperImpl.java:70) ~[mixinextras-neoforge-0.5.3.jar%23135!/:?] {re:classloading}
	at TRANSFORMER/mixinextras.neoforge@0.5.3/com.llamalad7.mixinextras.wrapper.WrapperInjectionInfo.prepare(WrapperInjectionInfo.java:64) ~[mixinextras-neoforge-0.5.3.jar%23135!/:?] {re:classloading}
	at MC-BOOTSTRAP/org.spongepowered.mixin/org.spongepowered.asm.mixin.transformer.MixinTargetContext.prepareInjections(MixinTargetContext.java:1407) ~[sponge-mixin-0.15.2+mixin.0.8.7.jar%2373!/:0.15.2+mixin.0.8.7] {}
	at MC-BOOTSTRAP/org.spongepowered.mixin/org.spongepowered.asm.mixin.transformer.MixinApplicatorStandard.prepareInjections(MixinApplicatorStandard.java:731) ~[sponge-mixin-0.15.2+mixin.0.8.7.jar%2373!/:0.15.2+mixin.0.8.7] {}
	at MC-BOOTSTRAP/org.spongepowered.mixin/org.spongepowered.asm.mixin.transformer.MixinApplicatorStandard.applyMixin(MixinApplicatorStandard.java:315) ~[sponge-mixin-0.15.2+mixin.0.8.7.jar%2373!/:0.15.2+mixin.0.8.7] {}
	at MC-BOOTSTRAP/org.spongepowered.mixin/org.spongepowered.asm.mixin.transformer.MixinApplicatorStandard.apply(MixinApplicatorStandard.java:246) ~[sponge-mixin-0.15.2+mixin.0.8.7.jar%2373!/:0.15.2+mixin.0.8.7] {}
	at MC-BOOTSTRAP/org.spongepowered.mixin/org.spongepowered.asm.mixin.transformer.TargetClassContext.apply(TargetClassContext.java:437) ~[sponge-mixin-0.15.2+mixin.0.8.7.jar%2373!/:0.15.2+mixin.0.8.7] {}
	at MC-BOOTSTRAP/org.spongepowered.mixin/org.spongepowered.asm.mixin.transformer.TargetClassContext.applyMixins(TargetClassContext.java:418) ~[sponge-mixin-0.15.2+mixin.0.8.7.jar%2373!/:0.15.2+mixin.0.8.7] {}
	at MC-BOOTSTRAP/org.spongepowered.mixin/org.spongepowered.asm.mixin.transformer.MixinProcessor.applyMixins(MixinProcessor.java:363) ~[sponge-mixin-0.15.2+mixin.0.8.7.jar%2373!/:0.15.2+mixin.0.8.7] {}
	at MC-BOOTSTRAP/org.spongepowered.mixin/org.spongepowered.asm.mixin.transformer.MixinTransformer.transformClass(MixinTransformer.java:250) ~[sponge-mixin-0.15.2+mixin.0.8.7.jar%2373!/:0.15.2+mixin.0.8.7] {}
	at MC-BOOTSTRAP/org.spongepowered.mixin/org.spongepowered.asm.service.modlauncher.MixinTransformationHandler.processClass(MixinTransformationHandler.java:131) ~[sponge-mixin-0.15.2+mixin.0.8.7.jar%2373!/:0.15.2+mixin.0.8.7] {}
	at MC-BOOTSTRAP/org.spongepowered.mixin/org.spongepowered.asm.launch.MixinLaunchPluginLegacy.processClass(MixinLaunchPluginLegacy.java:131) ~[sponge-mixin-0.15.2+mixin.0.8.7.jar%2373!/:0.15.2+mixin.0.8.7] {}
	at MC-BOOTSTRAP/cpw.mods.modlauncher@11.0.5/cpw.mods.modlauncher.serviceapi.ILaunchPluginService.processClassWithFlags(ILaunchPluginService.java:156) ~[modlauncher-11.0.5.jar%2364!/:11.0.5+main.901c6ea8] {}
	at MC-BOOTSTRAP/cpw.mods.modlauncher@11.0.5/cpw.mods.modlauncher.LaunchPluginHandler.offerClassNodeToPlugins(LaunchPluginHandler.java:94) ~[modlauncher-11.0.5.jar%2364!/:?] {}
	at MC-BOOTSTRAP/cpw.mods.modlauncher@11.0.5/cpw.mods.modlauncher.ClassTransformer.transform(ClassTransformer.java:120) ~[modlauncher-11.0.5.jar%2364!/:?] {}
	at MC-BOOTSTRAP/cpw.mods.modlauncher@11.0.5/cpw.mods.modlauncher.TransformingClassLoader.maybeTransformClassBytes(TransformingClassLoader.java:57) ~[modlauncher-11.0.5.jar%2364!/:?] {}
	at cpw.mods.securejarhandler/cpw.mods.cl.ModuleClassLoader.readerToClass(ModuleClassLoader.java:190) ~[securejarhandler-3.0.8.jar:?] {}
	at cpw.mods.securejarhandler/cpw.mods.cl.ModuleClassLoader.lambda$findClass$20(ModuleClassLoader.java:298) ~[securejarhandler-3.0.8.jar:?] {}
	at cpw.mods.securejarhandler/cpw.mods.cl.ModuleClassLoader.loadFromModule(ModuleClassLoader.java:311) ~[securejarhandler-3.0.8.jar:?] {}
	at cpw.mods.securejarhandler/cpw.mods.cl.ModuleClassLoader.findClass(ModuleClassLoader.java:298) ~[securejarhandler-3.0.8.jar:?] {}
	at cpw.mods.securejarhandler/cpw.mods.cl.ModuleClassLoader.loadClass(ModuleClassLoader.java:214) ~[securejarhandler-3.0.8.jar:?] {}
	at java.base/java.lang.ClassLoader.loadClass(ClassLoader.java:526) ~[?:?] {}
	at TRANSFORMER/minecraft@1.21.1/net.minecraft.world.level.levelgen.NoiseBasedChunkGenerator.createNoiseChunk(NoiseBasedChunkGenerator.java:106) ~[server-1.21.1-20240808.144430-srg.jar%23120!/:?] {re:mixin,pl:accesstransformer:B,re:mixin,pl:accesstransformer:B,re:mixin,pl:accesstransformer:B,re:classloading,pl:accesstransformer:B,pl:mixin:APP:generator_accelerator.mixins.json:MixinNoiseBasedChunkGenerator$fast_do_fill from mod generator_accelerator,pl:mixin:APP:generator_accelerator.mixins.json:MixinNoiseBasedChunkGenerator$optimize_apply_carvers from mod generator_accelerator,pl:mixin:APP:generator_accelerator.mixins.json:MixinNoiseBasedChunkGenerator$optimize_iterate_noise_column from mod generator_accelerator,pl:mixin:APP:generator_accelerator_density_compiler.mixins.json:NoiseBasedChunkGeneratorMixin from mod generator_accelerator,pl:mixin:APP:bons_and_furious.beardifier.mixins.json:CreateNoiseChunkMixin from mod bons_and_furious,pl:mixin:APP:bons_and_furious.terrain.mixins.json:ColumnHeightShareMixin from mod bons_and_furious,pl:mixin:A}
	at TRANSFORMER/minecraft@1.21.1/net.minecraft.world.level.levelgen.NoiseBasedChunkGenerator.lambda$doCreateBiomes$6(NoiseBasedChunkGenerator.java:98) ~[server-1.21.1-20240808.144430-srg.jar%23120!/:?] {re:mixin,pl:accesstransformer:B,re:mixin,pl:accesstransformer:B,re:mixin,pl:accesstransformer:B,re:classloading,pl:accesstransformer:B,pl:mixin:APP:generator_accelerator.mixins.json:MixinNoiseBasedChunkGenerator$fast_do_fill from mod generator_accelerator,pl:mixin:APP:generator_accelerator.mixins.json:MixinNoiseBasedChunkGenerator$optimize_apply_carvers from mod generator_accelerator,pl:mixin:APP:generator_accelerator.mixins.json:MixinNoiseBasedChunkGenerator$optimize_iterate_noise_column from mod generator_accelerator,pl:mixin:APP:generator_accelerator_density_compiler.mixins.json:NoiseBasedChunkGeneratorMixin from mod generator_accelerator,pl:mixin:APP:bons_and_furious.beardifier.mixins.json:CreateNoiseChunkMixin from mod bons_and_furious,pl:mixin:APP:bons_and_furious.terrain.mixins.json:ColumnHeightShareMixin from mod bons_and_furious,pl:mixin:A}
	at TRANSFORMER/minecraft@1.21.1/net.minecraft.world.level.chunk.ChunkAccess.getOrCreateNoiseChunk(ChunkAccess.java:417) ~[server-1.21.1-20240808.144430-srg.jar%23120!/:?] {re:mixin,re:classloading,pl:mixin:APP:generator_accelerator.mixins.json:accessor.MixinChunkAccessAccessor from mod generator_accelerator,pl:mixin:APP:generator_accelerator_structures.mixins.json:MixinChunkAccess$SynchronizeStructureData from mod generator_accelerator,pl:mixin:APP:generator_accelerator_features.mixins.json:MixinChunkAccess from mod generator_accelerator,pl:mixin:APP:generator_accelerator_features.mixins.json:MixinChunkAccess$fast_block_light_sources from mod generator_accelerator,pl:mixin:A}
	at TRANSFORMER/minecraft@1.21.1/net.minecraft.world.level.levelgen.NoiseBasedChunkGenerator.doCreateBiomes(NoiseBasedChunkGenerator.java:98) ~[server-1.21.1-20240808.144430-srg.jar%23120!/:?] {re:mixin,pl:accesstransformer:B,re:mixin,pl:accesstransformer:B,re:mixin,pl:accesstransformer:B,re:classloading,pl:accesstransformer:B,pl:mixin:APP:generator_accelerator.mixins.json:MixinNoiseBasedChunkGenerator$fast_do_fill from mod generator_accelerator,pl:mixin:APP:generator_accelerator.mixins.json:MixinNoiseBasedChunkGenerator$optimize_apply_carvers from mod generator_accelerator,pl:mixin:APP:generator_accelerator.mixins.json:MixinNoiseBasedChunkGenerator$optimize_iterate_noise_column from mod generator_accelerator,pl:mixin:APP:generator_accelerator_density_compiler.mixins.json:NoiseBasedChunkGeneratorMixin from mod generator_accelerator,pl:mixin:APP:bons_and_furious.beardifier.mixins.json:CreateNoiseChunkMixin from mod bons_and_furious,pl:mixin:APP:bons_and_furious.terrain.mixins.json:ColumnHeightShareMixin from mod bons_and_furious,pl:mixin:A}
	at TRANSFORMER/minecraft@1.21.1/net.minecraft.world.level.levelgen.NoiseBasedChunkGenerator.lambda$createBiomes$5(NoiseBasedChunkGenerator.java:92) ~[server-1.21.1-20240808.144430-srg.jar%23120!/:?] {re:mixin,pl:accesstransformer:B,re:mixin,pl:accesstransformer:B,re:mixin,pl:accesstransformer:B,re:classloading,pl:accesstransformer:B,pl:mixin:APP:generator_accelerator.mixins.json:MixinNoiseBasedChunkGenerator$fast_do_fill from mod generator_accelerator,pl:mixin:APP:generator_accelerator.mixins.json:MixinNoiseBasedChunkGenerator$optimize_apply_carvers from mod generator_accelerator,pl:mixin:APP:generator_accelerator.mixins.json:MixinNoiseBasedChunkGenerator$optimize_iterate_noise_column from mod generator_accelerator,pl:mixin:APP:generator_accelerator_density_compiler.mixins.json:NoiseBasedChunkGeneratorMixin from mod generator_accelerator,pl:mixin:APP:bons_and_furious.beardifier.mixins.json:CreateNoiseChunkMixin from mod bons_and_furious,pl:mixin:APP:bons_and_furious.terrain.mixins.json:ColumnHeightShareMixin from mod bons_and_furious,pl:mixin:A}
	at java.base/java.util.concurrent.CompletableFuture$AsyncSupply.run(CompletableFuture.java:1768) ~[?:?] {}
	at java.base/java.util.concurrent.CompletableFuture$AsyncSupply.exec(CompletableFuture.java:1760) ~[?:?] {}
	at java.base/java.util.concurrent.ForkJoinTask.doExec(ForkJoinTask.java:387) ~[?:?] {}
	at java.base/java.util.concurrent.ForkJoinPool$WorkQueue.topLevelExec(ForkJoinPool.java:1312) ~[?:?] {}
	at java.base/java.util.concurrent.ForkJoinPool.scan(ForkJoinPool.java:1843) ~[?:?] {}
	at java.base/java.util.concurrent.ForkJoinPool.runWorker(ForkJoinPool.java:1808) ~[?:?] {}
	at java.base/java.util.concurrent.ForkJoinWorkerThread.run(ForkJoinWorkerThread.java:188) ~[?:?] {}
[04:50:49] [Server thread/FATAL] [ne.ne.ne.co.NeoForgeMod/]: Preparing crash report with UUID 9d42ec38-a3a6-4a4b-9c29-88e80ef599d5
[04:50:49] [Server thread/ERROR] [minecraft/MinecraftServer]: This crash report has been saved to: <port>\runtime\p33-ga-control-10301\crash-reports\crash-2026-10-06_04.50.49-server.txt
[04:50:49] [Server thread/INFO] [Generator Accelerator/]: GA custom chunk graph shutdown requested; cancelling 3 active task(s), 96 active node(s)
[04:50:49] [Server thread/INFO] [minecraft/MinecraftServer]: Stopping server
[04:50:49] [Server thread/INFO] [minecraft/MinecraftServer]: Saving players
[04:50:49] [Server thread/INFO] [minecraft/MinecraftServer]: Saving worlds
[04:50:49] [Worker-Main-2/FATAL] [mixin/]: Mixin apply for mod bons_and_furious failed bons_and_furious.worldgen_beardifier_bounds.mixins.json:BeardifierBoundsMixin from mod bons_and_furious -> net.minecraft.world.level.levelgen.Beardifier: org.spongepowered.asm.mixin.injection.throwables.InvalidInjectionException @At("FIELD") on net/minecraft/world/level/levelgen/Beardifier::bons$rigids with priority 1000 cannot inject into net/minecraft/world/level/levelgen/Beardifier::compute(Lnet/minecraft/world/level/levelgen/DensityFunction$FunctionContext;)D merged by dev.sixik.generator_accelerator.common.beardifier.mixin.MixinBeardifier with priority 1000 [INJECT_PREPARE Applicator Phase -> bons_and_furious.worldgen_beardifier_bounds.mixins.json:BeardifierBoundsMixin from mod bons_and_furious -> Prepare Injections -> modifyExpressionValue$zgo000$bons_and_furious$bons$rigids(Lit/unimi/dsi/fastutil/objects/ObjectListIterator;III)Lit/unimi/dsi/fastutil/objects/ObjectListIterator; -> Prepare ->  -> { target: compute(Lnet/minecraft/world/level/levelgen/DensityFunction$FunctionContext;)D }]
org.spongepowered.asm.mixin.injection.throwables.InvalidInjectionException: @At("FIELD") on net/minecraft/world/level/levelgen/Beardifier::bons$rigids with priority 1000 cannot inject into net/minecraft/world/level/levelgen/Beardifier::compute(Lnet/minecraft/world/level/levelgen/DensityFunction$FunctionContext;)D merged by dev.sixik.generator_accelerator.common.beardifier.mixin.MixinBeardifier with priority 1000 [INJECT_PREPARE Applicator Phase -> bons_and_furious.worldgen_beardifier_bounds.mixins.json:BeardifierBoundsMixin from mod bons_and_furious -> Prepare Injections -> modifyExpressionValue$zgo000$bons_and_furious$bons$rigids(Lit/unimi/dsi/fastutil/objects/ObjectListIterator;III)Lit/unimi/dsi/fastutil/objects/ObjectListIterator; -> Prepare ->  -> { target: compute(Lnet/minecraft/world/level/levelgen/DensityFunction$FunctionContext;)D }]
	at MC-BOOTSTRAP/org.spongepowered.mixin/org.spongepowered.asm.mixin.injection.code.Injector.findTargetNodes(Injector.java:312) ~[sponge-mixin-0.15.2+mixin.0.8.7.jar%2373!/:0.15.2+mixin.0.8.7] {}
	at MC-BOOTSTRAP/org.spongepowered.mixin/org.spongepowered.asm.mixin.injection.code.Injector.find(Injector.java:248) ~[sponge-mixin-0.15.2+mixin.0.8.7.jar%2373!/:0.15.2+mixin.0.8.7] {}
	at MC-BOOTSTRAP/org.spongepowered.mixin/org.spongepowered.asm.mixin.injection.struct.InjectionInfo.prepare(InjectionInfo.java:475) ~[sponge-mixin-0.15.2+mixin.0.8.7.jar%2373!/:0.15.2+mixin.0.8.7] {}
	at TRANSFORMER/mixinextras.neoforge@0.5.3/com.llamalad7.mixinextras.injector.ModifyExpressionValueInjectionInfo.prepare(ModifyExpressionValueInjectionInfo.java:25) ~[mixinextras-neoforge-0.5.3.jar%23135!/:?] {re:classloading}
	at TRANSFORMER/mixinextras.neoforge@0.5.3/com.llamalad7.mixinextras.wrapper.InjectorWrapperImpl.prepare(InjectorWrapperImpl.java:56) ~[mixinextras-neoforge-0.5.3.jar%23135!/:?] {re:classloading}
	at TRANSFORMER/mixinextras.neoforge@0.5.3/com.llamalad7.mixinextras.sugar.impl.SugarWrapperImpl.prepare(SugarWrapperImpl.java:70) ~[mixinextras-neoforge-0.5.3.jar%23135!/:?] {re:classloading}
	at TRANSFORMER/mixinextras.neoforge@0.5.3/com.llamalad7.mixinextras.wrapper.WrapperInjectionInfo.prepare(WrapperInjectionInfo.java:64) ~[mixinextras-neoforge-0.5.3.jar%23135!/:?] {re:classloading}
	at MC-BOOTSTRAP/org.spongepowered.mixin/org.spongepowered.asm.mixin.transformer.MixinTargetContext.prepareInjections(MixinTargetContext.java:1407) ~[sponge-mixin-0.15.2+mixin.0.8.7.jar%2373!/:0.15.2+mixin.0.8.7] {}
	at MC-BOOTSTRAP/org.spongepowered.mixin/org.spongepowered.asm.mixin.transformer.MixinApplicatorStandard.prepareInjections(MixinApplicatorStandard.java:731) ~[sponge-mixin-0.15.2+mixin.0.8.7.jar%2373!/:0.15.2+mixin.0.8.7] {}
	at MC-BOOTSTRAP/org.spongepowered.mixin/org.spongepowered.asm.mixin.transformer.MixinApplicatorStandard.applyMixin(MixinApplicatorStandard.java:315) ~[sponge-mixin-0.15.2+mixin.0.8.7.jar%2373!/:0.15.2+mixin.0.8.7] {}
	at MC-BOOTSTRAP/org.spongepowered.mixin/org.spongepowered.asm.mixin.transformer.MixinApplicatorStandard.apply(MixinApplicatorStandard.java:246) ~[sponge-mixin-0.15.2+mixin.0.8.7.jar%2373!/:0.15.2+mixin.0.8.7] {}
	at MC-BOOTSTRAP/org.spongepowered.mixin/org.spongepowered.asm.mixin.transformer.TargetClassContext.apply(TargetClassContext.java:437) ~[sponge-mixin-0.15.2+mixin.0.8.7.jar%2373!/:0.15.2+mixin.0.8.7] {}
	at MC-BOOTSTRAP/org.spongepowered.mixin/org.spongepowered.asm.mixin.transformer.TargetClassContext.applyMixins(TargetClassContext.java:418) ~[sponge-mixin-0.15.2+mixin.0.8.7.jar%2373!/:0.15.2+mixin.0.8.7] {}
	at MC-BOOTSTRAP/org.spongepowered.mixin/org.spongepowered.asm.mixin.transformer.MixinProcessor.applyMixins(MixinProcessor.java:363) ~[sponge-mixin-0.15.2+mixin.0.8.7.jar%2373!/:0.15.2+mixin.0.8.7] {}
	at MC-BOOTSTRAP/org.spongepowered.mixin/org.spongepowered.asm.mixin.transformer.MixinTransformer.transformClass(MixinTransformer.java:250) ~[sponge-mixin-0.15.2+mixin.0.8.7.jar%2373!/:0.15.2+mixin.0.8.7] {}
	at MC-BOOTSTRAP/org.spongepowered.mixin/org.spongepowered.asm.service.modlauncher.MixinTransformationHandler.processClass(MixinTransformationHandler.java:131) ~[sponge-mixin-0.15.2+mixin.0.8.7.jar%2373!/:0.15.2+mixin.0.8.7] {}
	at MC-BOOTSTRAP/org.spongepowered.mixin/org.spongepowered.asm.launch.MixinLaunchPluginLegacy.processClass(MixinLaunchPluginLegacy.java:131) ~[sponge-mixin-0.15.2+mixin.0.8.7.jar%2373!/:0.15.2+mixin.0.8.7] {}
	at MC-BOOTSTRAP/cpw.mods.modlauncher@11.0.5/cpw.mods.modlauncher.serviceapi.ILaunchPluginService.processClassWithFlags(ILaunchPluginService.java:156) ~[modlauncher-11.0.5.jar%2364!/:11.0.5+main.901c6ea8] {}
	at MC-BOOTSTRAP/cpw.mods.modlauncher@11.0.5/cpw.mods.modlauncher.LaunchPluginHandler.offerClassNodeToPlugins(LaunchPluginHandler.java:94) ~[modlauncher-11.0.5.jar%2364!/:?] {}
	at MC-BOOTSTRAP/cpw.mods.modlauncher@11.0.5/cpw.mods.modlauncher.ClassTransformer.transform(ClassTransformer.java:120) ~[modlauncher-11.0.5.jar%2364!/:?] {}
	at MC-BOOTSTRAP/cpw.mods.modlauncher@11.0.5/cpw.mods.modlauncher.TransformingClassLoader.maybeTransformClassBytes(TransformingClassLoader.java:57) ~[modlauncher-11.0.5.jar%2364!/:?] {}
	at cpw.mods.securejarhandler/cpw.mods.cl.ModuleClassLoader.readerToClass(ModuleClassLoader.java:190) ~[securejarhandler-3.0.8.jar:?] {}
	at cpw.mods.securejarhandler/cpw.mods.cl.ModuleClassLoader.lambda$findClass$20(ModuleClassLoader.java:298) ~[securejarhandler-3.0.8.jar:?] {}
	at cpw.mods.securejarhandler/cpw.mods.cl.ModuleClassLoader.loadFromModule(ModuleClassLoader.java:311) ~[securejarhandler-3.0.8.jar:?] {}
	at cpw.mods.securejarhandler/cpw.mods.cl.ModuleClassLoader.findClass(ModuleClassLoader.java:298) ~[securejarhandler-3.0.8.jar:?] {}
	at cpw.mods.securejarhandler/cpw.mods.cl.ModuleClassLoader.loadClass(ModuleClassLoader.java:214) ~[securejarhandler-3.0.8.jar:?] {}
	at java.base/java.lang.ClassLoader.loadClass(ClassLoader.java:526) ~[?:?] {}
	at TRANSFORMER/minecraft@1.21.1/net.minecraft.world.level.levelgen.NoiseBasedChunkGenerator.createNoiseChunk(NoiseBasedChunkGenerator.java:106) ~[server-1.21.1-20240808.144430-srg.jar%23120!/:?] {re:mixin,pl:accesstransformer:B,re:mixin,pl:accesstransformer:B,re:mixin,pl:accesstransformer:B,re:classloading,pl:accesstransformer:B,pl:mixin:APP:generator_accelerator.mixins.json:MixinNoiseBasedChunkGenerator$fast_do_fill from mod generator_accelerator,pl:mixin:APP:generator_accelerator.mixins.json:MixinNoiseBasedChunkGenerator$optimize_apply_carvers from mod generator_accelerator,pl:mixin:APP:generator_accelerator.mixins.json:MixinNoiseBasedChunkGenerator$optimize_iterate_noise_column from mod generator_accelerator,pl:mixin:APP:generator_accelerator_density_compiler.mixins.json:NoiseBasedChunkGeneratorMixin from mod generator_accelerator,pl:mixin:APP:bons_and_furious.beardifier.mixins.json:CreateNoiseChunkMixin from mod bons_and_furious,pl:mixin:APP:bons_and_furious.terrain.mixins.json:ColumnHeightShareMixin from mod bons_and_furious,pl:mixin:A}
	at TRANSFORMER/minecraft@1.21.1/net.minecraft.world.level.levelgen.NoiseBasedChunkGenerator.lambda$doCreateBiomes$6(NoiseBasedChunkGenerator.java:98) ~[server-1.21.1-20240808.144430-srg.jar%23120!/:?] {re:mixin,pl:accesstransformer:B,re:mixin,pl:accesstransformer:B,re:mixin,pl:accesstransformer:B,re:classloading,pl:accesstransformer:B,pl:mixin:APP:generator_accelerator.mixins.json:MixinNoiseBasedChunkGenerator$fast_do_fill from mod generator_accelerator,pl:mixin:APP:generator_accelerator.mixins.json:MixinNoiseBasedChunkGenerator$optimize_apply_carvers from mod generator_accelerator,pl:mixin:APP:generator_accelerator.mixins.json:MixinNoiseBasedChunkGenerator$optimize_iterate_noise_column from mod generator_accelerator,pl:mixin:APP:generator_accelerator_density_compiler.mixins.json:NoiseBasedChunkGeneratorMixin from mod generator_accelerator,pl:mixin:APP:bons_and_furious.beardifier.mixins.json:CreateNoiseChunkMixin from mod bons_and_furious,pl:mixin:APP:bons_and_furious.terrain.mixins.json:ColumnHeightShareMixin from mod bons_and_furious,pl:mixin:A}
	at TRANSFORMER/minecraft@1.21.1/net.minecraft.world.level.chunk.ChunkAccess.getOrCreateNoiseChunk(ChunkAccess.java:417) ~[server-1.21.1-20240808.144430-srg.jar%23120!/:?] {re:mixin,re:classloading,pl:mixin:APP:generator_accelerator.mixins.json:accessor.MixinChunkAccessAccessor from mod generator_accelerator,pl:mixin:APP:generator_accelerator_structures.mixins.json:MixinChunkAccess$SynchronizeStructureData from mod generator_accelerator,pl:mixin:APP:generator_accelerator_features.mixins.json:MixinChunkAccess from mod generator_accelerator,pl:mixin:APP:generator_accelerator_features.mixins.json:MixinChunkAccess$fast_block_light_sources from mod generator_accelerator,pl:mixin:A}
	at TRANSFORMER/minecraft@1.21.1/net.minecraft.world.level.levelgen.NoiseBasedChunkGenerator.doCreateBiomes(NoiseBasedChunkGenerator.java:98) ~[server-1.21.1-20240808.144430-srg.jar%23120!/:?] {re:mixin,pl:accesstransformer:B,re:mixin,pl:accesstransformer:B,re:mixin,pl:accesstransformer:B,re:classloading,pl:accesstransformer:B,pl:mixin:APP:generator_accelerator.mixins.json:MixinNoiseBasedChunkGenerator$fast_do_fill from mod generator_accelerator,pl:mixin:APP:generator_accelerator.mixins.json:MixinNoiseBasedChunkGenerator$optimize_apply_carvers from mod generator_accelerator,pl:mixin:APP:generator_accelerator.mixins.json:MixinNoiseBasedChunkGenerator$optimize_iterate_noise_column from mod generator_accelerator,pl:mixin:APP:generator_accelerator_density_compiler.mixins.json:NoiseBasedChunkGeneratorMixin from mod generator_accelerator,pl:mixin:APP:bons_and_furious.beardifier.mixins.json:CreateNoiseChunkMixin from mod bons_and_furious,pl:mixin:APP:bons_and_furious.terrain.mixins.json:ColumnHeightShareMixin from mod bons_and_furious,pl:mixin:A}
	at TRANSFORMER/minecraft@1.21.1/net.minecraft.world.level.levelgen.NoiseBasedChunkGenerator.lambda$createBiomes$5(NoiseBasedChunkGenerator.java:92) ~[server-1.21.1-20240808.144430-srg.jar%23120!/:?] {re:mixin,pl:accesstransformer:B,re:mixin,pl:accesstransformer:B,re:mixin,pl:accesstransformer:B,re:classloading,pl:accesstransformer:B,pl:mixin:APP:generator_accelerator.mixins.json:MixinNoiseBasedChunkGenerator$fast_do_fill from mod generator_accelerator,pl:mixin:APP:generator_accelerator.mixins.json:MixinNoiseBasedChunkGenerator$optimize_apply_carvers from mod generator_accelerator,pl:mixin:APP:generator_accelerator.mixins.json:MixinNoiseBasedChunkGenerator$optimize_iterate_noise_column from mod generator_accelerator,pl:mixin:APP:generator_accelerator_density_compiler.mixins.json:NoiseBasedChunkGeneratorMixin from mod generator_accelerator,pl:mixin:APP:bons_and_furious.beardifier.mixins.json:CreateNoiseChunkMixin from mod bons_and_furious,pl:mixin:APP:bons_and_furious.terrain.mixins.json:ColumnHeightShareMixin from mod bons_and_furious,pl:mixin:A}
	at java.base/java.util.concurrent.CompletableFuture$AsyncSupply.run(CompletableFuture.java:1768) [?:?] {}
	at java.base/java.util.concurrent.CompletableFuture$AsyncSupply.exec(CompletableFuture.java:1760) [?:?] {}
	at java.base/java.util.concurrent.ForkJoinTask.doExec(ForkJoinTask.java:387) [?:?] {}
	at java.base/java.util.concurrent.ForkJoinPool$WorkQueue.topLevelExec(ForkJoinPool.java:1312) [?:?] {}
	at java.base/java.util.concurrent.ForkJoinPool.scan(ForkJoinPool.java:1843) [?:?] {}
	at java.base/java.util.concurrent.ForkJoinPool.runWorker(ForkJoinPool.java:1808) [?:?] {}
	at java.base/java.util.concurrent.ForkJoinWorkerThread.run(ForkJoinWorkerThread.java:188) [?:?] {}
[04:50:49] [Server thread/ERROR] [minecraft/MinecraftServer]: Exception stopping the server
net.minecraft.ReportedException: Exception chunk generation/loading
	at TRANSFORMER/minecraft@1.21.1/net.minecraft.server.level.GenerationChunkHolder.lambda$applyStep$0(GenerationChunkHolder.java:67) ~[server-1.21.1-20240808.144430-srg.jar%23120!/:?] {re:mixin,re:classloading,pl:mixin:APP:generator_accelerator.mixins.json:accessor.MixinGenerationChunkHolderAccessor from mod generator_accelerator,pl:mixin:A}
	at java.base/java.util.concurrent.CompletableFuture.uniHandle(CompletableFuture.java:934) ~[?:?] {re:mixin}
	at java.base/java.util.concurrent.CompletableFuture$UniHandle.tryFire(CompletableFuture.java:911) ~[?:?] {}
	at java.base/java.util.concurrent.CompletableFuture.postComplete(CompletableFuture.java:510) ~[?:?] {re:mixin}
	at java.base/java.util.concurrent.CompletableFuture$AsyncSupply.run(CompletableFuture.java:1773) ~[?:?] {}
	at java.base/java.util.concurrent.CompletableFuture$AsyncSupply.exec(CompletableFuture.java:1760) ~[?:?] {}
	at java.base/java.util.concurrent.ForkJoinTask.doExec(ForkJoinTask.java:387) ~[?:?] {}
	at java.base/java.util.concurrent.ForkJoinPool$WorkQueue.topLevelExec(ForkJoinPool.java:1312) ~[?:?] {}
	at java.base/java.util.concurrent.ForkJoinPool.scan(ForkJoinPool.java:1843) ~[?:?] {}
	at java.base/java.util.concurrent.ForkJoinPool.runWorker(ForkJoinPool.java:1808) ~[?:?] {}
	at java.base/java.util.concurrent.ForkJoinWorkerThread.run(ForkJoinWorkerThread.java:188) ~[?:?] {}
Caused by: org.spongepowered.asm.mixin.transformer.throwables.MixinTransformerError: An unexpected critical error was encountered
	at MC-BOOTSTRAP/org.spongepowered.mixin/org.spongepowered.asm.mixin.transformer.MixinProcessor.applyMixins(MixinProcessor.java:392) ~[sponge-mixin-0.15.2+mixin.0.8.7.jar%2373!/:0.15.2+mixin.0.8.7] {}
	at MC-BOOTSTRAP/org.spongepowered.mixin/org.spongepowered.asm.mixin.transformer.MixinTransformer.transformClass(MixinTransformer.java:250) ~[sponge-mixin-0.15.2+mixin.0.8.7.jar%2373!/:0.15.2+mixin.0.8.7] {}
	at MC-BOOTSTRAP/org.spongepowered.mixin/org.spongepowered.asm.service.modlauncher.MixinTransformationHandler.processClass(MixinTransformationHandler.java:131) ~[sponge-mixin-0.15.2+mixin.0.8.7.jar%2373!/:0.15.2+mixin.0.8.7] {}
	at MC-BOOTSTRAP/org.spongepowered.mixin/org.spongepowered.asm.launch.MixinLaunchPluginLegacy.processClass(MixinLaunchPluginLegacy.java:131) ~[sponge-mixin-0.15.2+mixin.0.8.7.jar%2373!/:0.15.2+mixin.0.8.7] {}
	at MC-BOOTSTRAP/cpw.mods.modlauncher@11.0.5/cpw.mods.modlauncher.serviceapi.ILaunchPluginService.processClassWithFlags(ILaunchPluginService.java:156) ~[modlauncher-11.0.5.jar%2364!/:11.0.5+main.901c6ea8] {}
	at MC-BOOTSTRAP/cpw.mods.modlauncher@11.0.5/cpw.mods.modlauncher.LaunchPluginHandler.offerClassNodeToPlugins(LaunchPluginHandler.java:94) ~[modlauncher-11.0.5.jar%2364!/:?] {}
	at MC-BOOTSTRAP/cpw.mods.modlauncher@11.0.5/cpw.mods.modlauncher.ClassTransformer.transform(ClassTransformer.java:120) ~[modlauncher-11.0.5.jar%2364!/:?] {}
	at MC-BOOTSTRAP/cpw.mods.modlauncher@11.0.5/cpw.mods.modlauncher.TransformingClassLoader.maybeTransformClassBytes(TransformingClassLoader.java:57) ~[modlauncher-11.0.5.jar%2364!/:?] {}
	at cpw.mods.securejarhandler/cpw.mods.cl.ModuleClassLoader.readerToClass(ModuleClassLoader.java:190) ~[securejarhandler-3.0.8.jar:?] {}
	at cpw.mods.securejarhandler/cpw.mods.cl.ModuleClassLoader.lambda$findClass$20(ModuleClassLoader.java:298) ~[securejarhandler-3.0.8.jar:?] {}
	at cpw.mods.securejarhandler/cpw.mods.cl.ModuleClassLoader.loadFromModule(ModuleClassLoader.java:311) ~[securejarhandler-3.0.8.jar:?] {}
	at cpw.mods.securejarhandler/cpw.mods.cl.ModuleClassLoader.findClass(ModuleClassLoader.java:298) ~[securejarhandler-3.0.8.jar:?] {}
	at cpw.mods.securejarhandler/cpw.mods.cl.ModuleClassLoader.loadClass(ModuleClassLoader.java:214) ~[securejarhandler-3.0.8.jar:?] {}
	at java.base/java.lang.ClassLoader.loadClass(ClassLoader.java:526) ~[?:?] {}
	at TRANSFORMER/minecraft@1.21.1/net.minecraft.world.level.levelgen.NoiseBasedChunkGenerator.createNoiseChunk(NoiseBasedChunkGenerator.java:106) ~[server-1.21.1-20240808.144430-srg.jar%23120!/:?] {re:mixin,pl:accesstransformer:B,re:mixin,pl:accesstransformer:B,re:mixin,pl:accesstransformer:B,re:classloading,pl:accesstransformer:B,pl:mixin:APP:generator_accelerator.mixins.json:MixinNoiseBasedChunkGenerator$fast_do_fill from mod generator_accelerator,pl:mixin:APP:generator_accelerator.mixins.json:MixinNoiseBasedChunkGenerator$optimize_apply_carvers from mod generator_accelerator,pl:mixin:APP:generator_accelerator.mixins.json:MixinNoiseBasedChunkGenerator$optimize_iterate_noise_column from mod generator_accelerator,pl:mixin:APP:generator_accelerator_density_compiler.mixins.json:NoiseBasedChunkGeneratorMixin from mod generator_accelerator,pl:mixin:APP:bons_and_furious.beardifier.mixins.json:CreateNoiseChunkMixin from mod bons_and_furious,pl:mixin:APP:bons_and_furious.terrain.mixins.json:ColumnHeightShareMixin from mod bons_and_furious,pl:mixin:A}
	at TRANSFORMER/minecraft@1.21.1/net.minecraft.world.level.levelgen.NoiseBasedChunkGenerator.lambda$doCreateBiomes$6(NoiseBasedChunkGenerator.java:98) ~[server-1.21.1-20240808.144430-srg.jar%23120!/:?] {re:mixin,pl:accesstransformer:B,re:mixin,pl:accesstransformer:B,re:mixin,pl:accesstransformer:B,re:classloading,pl:accesstransformer:B,pl:mixin:APP:generator_accelerator.mixins.json:MixinNoiseBasedChunkGenerator$fast_do_fill from mod generator_accelerator,pl:mixin:APP:generator_accelerator.mixins.json:MixinNoiseBasedChunkGenerator$optimize_apply_carvers from mod generator_accelerator,pl:mixin:APP:generator_accelerator.mixins.json:MixinNoiseBasedChunkGenerator$optimize_iterate_noise_column from mod generator_accelerator,pl:mixin:APP:generator_accelerator_density_compiler.mixins.json:NoiseBasedChunkGeneratorMixin from mod generator_accelerator,pl:mixin:APP:bons_and_furious.beardifier.mixins.json:CreateNoiseChunkMixin from mod bons_and_furious,pl:mixin:APP:bons_and_furious.terrain.mixins.json:ColumnHeightShareMixin from mod bons_and_furious,pl:mixin:A}
	at TRANSFORMER/minecraft@1.21.1/net.minecraft.world.level.chunk.ChunkAccess.getOrCreateNoiseChunk(ChunkAccess.java:417) ~[server-1.21.1-20240808.144430-srg.jar%23120!/:?] {re:mixin,re:classloading,pl:mixin:APP:generator_accelerator.mixins.json:accessor.MixinChunkAccessAccessor from mod generator_accelerator,pl:mixin:APP:generator_accelerator_structures.mixins.json:MixinChunkAccess$SynchronizeStructureData from mod generator_accelerator,pl:mixin:APP:generator_accelerator_features.mixins.json:MixinChunkAccess from mod generator_accelerator,pl:mixin:APP:generator_accelerator_features.mixins.json:MixinChunkAccess$fast_block_light_sources from mod generator_accelerator,pl:mixin:A}
	at TRANSFORMER/minecraft@1.21.1/net.minecraft.world.level.levelgen.NoiseBasedChunkGenerator.doCreateBiomes(NoiseBasedChunkGenerator.java:98) ~[server-1.21.1-20240808.144430-srg.jar%23120!/:?] {re:mixin,pl:accesstransformer:B,re:mixin,pl:accesstransformer:B,re:mixin,pl:accesstransformer:B,re:classloading,pl:accesstransformer:B,pl:mixin:APP:generator_accelerator.mixins.json:MixinNoiseBasedChunkGenerator$fast_do_fill from mod generator_accelerator,pl:mixin:APP:generator_accelerator.mixins.json:MixinNoiseBasedChunkGenerator$optimize_apply_carvers from mod generator_accelerator,pl:mixin:APP:generator_accelerator.mixins.json:MixinNoiseBasedChunkGenerator$optimize_iterate_noise_column from mod generator_accelerator,pl:mixin:APP:generator_accelerator_density_compiler.mixins.json:NoiseBasedChunkGeneratorMixin from mod generator_accelerator,pl:mixin:APP:bons_and_furious.beardifier.mixins.json:CreateNoiseChunkMixin from mod bons_and_furious,pl:mixin:APP:bons_and_furious.terrain.mixins.json:ColumnHeightShareMixin from mod bons_and_furious,pl:mixin:A}
	at TRANSFORMER/minecraft@1.21.1/net.minecraft.world.level.levelgen.NoiseBasedChunkGenerator.lambda$createBiomes$5(NoiseBasedChunkGenerator.java:92) ~[server-1.21.1-20240808.144430-srg.jar%23120!/:?] {re:mixin,pl:accesstransformer:B,re:mixin,pl:accesstransformer:B,re:mixin,pl:accesstransformer:B,re:classloading,pl:accesstransformer:B,pl:mixin:APP:generator_accelerator.mixins.json:MixinNoiseBasedChunkGenerator$fast_do_fill from mod generator_accelerator,pl:mixin:APP:generator_accelerator.mixins.json:MixinNoiseBasedChunkGenerator$optimize_apply_carvers from mod generator_accelerator,pl:mixin:APP:generator_accelerator.mixins.json:MixinNoiseBasedChunkGenerator$optimize_iterate_noise_column from mod generator_accelerator,pl:mixin:APP:generator_accelerator_density_compiler.mixins.json:NoiseBasedChunkGeneratorMixin from mod generator_accelerator,pl:mixin:APP:bons_and_furious.beardifier.mixins.json:CreateNoiseChunkMixin from mod bons_and_furious,pl:mixin:APP:bons_and_furious.terrain.mixins.json:ColumnHeightShareMixin from mod bons_and_furious,pl:mixin:A}
	at java.base/java.util.concurrent.CompletableFuture$AsyncSupply.run(CompletableFuture.java:1768) ~[?:?] {}
	... 6 more
Caused by: org.spongepowered.asm.mixin.throwables.MixinApplyError: Mixin [bons_and_furious.worldgen_beardifier_bounds.mixins.json:BeardifierBoundsMixin from mod bons_and_furious] from phase [DEFAULT] in config [bons_and_furious.worldgen_beardifier_bounds.mixins.json] FAILED during APPLY
	at MC-BOOTSTRAP/org.spongepowered.mixin/org.spongepowered.asm.mixin.transformer.MixinProcessor.handleMixinError(MixinProcessor.java:638) ~[sponge-mixin-0.15.2+mixin.0.8.7.jar%2373!/:0.15.2+mixin.0.8.7] {}
	at MC-BOOTSTRAP/org.spongepowered.mixin/org.spongepowered.asm.mixin.transformer.MixinProcessor.handleMixinApplyError(MixinProcessor.java:589) ~[sponge-mixin-0.15.2+mixin.0.8.7.jar%2373!/:0.15.2+mixin.0.8.7] {}
	at MC-BOOTSTRAP/org.spongepowered.mixin/org.spongepowered.asm.mixin.transformer.MixinProcessor.applyMixins(MixinProcessor.java:379) ~[sponge-mixin-0.15.2+mixin.0.8.7.jar%2373!/:0.15.2+mixin.0.8.7] {}
	at MC-BOOTSTRAP/org.spongepowered.mixin/org.spongepowered.asm.mixin.transformer.MixinTransformer.transformClass(MixinTransformer.java:250) ~[sponge-mixin-0.15.2+mixin.0.8.7.jar%2373!/:0.15.2+mixin.0.8.7] {}
	at MC-BOOTSTRAP/org.spongepowered.mixin/org.spongepowered.asm.service.modlauncher.MixinTransformationHandler.processClass(MixinTransformationHandler.java:131) ~[sponge-mixin-0.15.2+mixin.0.8.7.jar%2373!/:0.15.2+mixin.0.8.7] {}
	at MC-BOOTSTRAP/org.spongepowered.mixin/org.spongepowered.asm.launch.MixinLaunchPluginLegacy.processClass(MixinLaunchPluginLegacy.java:131) ~[sponge-mixin-0.15.2+mixin.0.8.7.jar%2373!/:0.15.2+mixin.0.8.7] {}
	at MC-BOOTSTRAP/cpw.mods.modlauncher@11.0.5/cpw.mods.modlauncher.serviceapi.ILaunchPluginService.processClassWithFlags(ILaunchPluginService.java:156) ~[modlauncher-11.0.5.jar%2364!/:11.0.5+main.901c6ea8] {}
	at MC-BOOTSTRAP/cpw.mods.modlauncher@11.0.5/cpw.mods.modlauncher.LaunchPluginHandler.offerClassNodeToPlugins(LaunchPluginHandler.java:94) ~[modlauncher-11.0.5.jar%2364!/:?] {}
	at MC-BOOTSTRAP/cpw.mods.modlauncher@11.0.5/cpw.mods.modlauncher.ClassTransformer.transform(ClassTransformer.java:120) ~[modlauncher-11.0.5.jar%2364!/:?] {}
	at MC-BOOTSTRAP/cpw.mods.modlauncher@11.0.5/cpw.mods.modlauncher.TransformingClassLoader.maybeTransformClassBytes(TransformingClassLoader.java:57) ~[modlauncher-11.0.5.jar%2364!/:?] {}
	at cpw.mods.securejarhandler/cpw.mods.cl.ModuleClassLoader.readerToClass(ModuleClassLoader.java:190) ~[securejarhandler-3.0.8.jar:?] {}
	at cpw.mods.securejarhandler/cpw.mods.cl.ModuleClassLoader.lambda$findClass$20(ModuleClassLoader.java:298) ~[securejarhandler-3.0.8.jar:?] {}
	at cpw.mods.securejarhandler/cpw.mods.cl.ModuleClassLoader.loadFromModule(ModuleClassLoader.java:311) ~[securejarhandler-3.0.8.jar:?] {}
	at cpw.mods.securejarhandler/cpw.mods.cl.ModuleClassLoader.findClass(ModuleClassLoader.java:298) ~[securejarhandler-3.0.8.jar:?] {}
	at cpw.mods.securejarhandler/cpw.mods.cl.ModuleClassLoader.loadClass(ModuleClassLoader.java:214) ~[securejarhandler-3.0.8.jar:?] {}
	at java.base/java.lang.ClassLoader.loadClass(ClassLoader.java:526) ~[?:?] {}
	at TRANSFORMER/minecraft@1.21.1/net.minecraft.world.level.levelgen.NoiseBasedChunkGenerator.createNoiseChunk(NoiseBasedChunkGenerator.java:106) ~[server-1.21.1-20240808.144430-srg.jar%23120!/:?] {re:mixin,pl:accesstransformer:B,re:mixin,pl:accesstransformer:B,re:mixin,pl:accesstransformer:B,re:classloading,pl:accesstransformer:B,pl:mixin:APP:generator_accelerator.mixins.json:MixinNoiseBasedChunkGenerator$fast_do_fill from mod generator_accelerator,pl:mixin:APP:generator_accelerator.mixins.json:MixinNoiseBasedChunkGenerator$optimize_apply_carvers from mod generator_accelerator,pl:mixin:APP:generator_accelerator.mixins.json:MixinNoiseBasedChunkGenerator$optimize_iterate_noise_column from mod generator_accelerator,pl:mixin:APP:generator_accelerator_density_compiler.mixins.json:NoiseBasedChunkGeneratorMixin from mod generator_accelerator,pl:mixin:APP:bons_and_furious.beardifier.mixins.json:CreateNoiseChunkMixin from mod bons_and_furious,pl:mixin:APP:bons_and_furious.terrain.mixins.json:ColumnHeightShareMixin from mod bons_and_furious,pl:mixin:A}
	at TRANSFORMER/minecraft@1.21.1/net.minecraft.world.level.levelgen.NoiseBasedChunkGenerator.lambda$doCreateBiomes$6(NoiseBasedChunkGenerator.java:98) ~[server-1.21.1-20240808.144430-srg.jar%23120!/:?] {re:mixin,pl:accesstransformer:B,re:mixin,pl:accesstransformer:B,re:mixin,pl:accesstransformer:B,re:classloading,pl:accesstransformer:B,pl:mixin:APP:generator_accelerator.mixins.json:MixinNoiseBasedChunkGenerator$fast_do_fill from mod generator_accelerator,pl:mixin:APP:generator_accelerator.mixins.json:MixinNoiseBasedChunkGenerator$optimize_apply_carvers from mod generator_accelerator,pl:mixin:APP:generator_accelerator.mixins.json:MixinNoiseBasedChunkGenerator$optimize_iterate_noise_column from mod generator_accelerator,pl:mixin:APP:generator_accelerator_density_compiler.mixins.json:NoiseBasedChunkGeneratorMixin from mod generator_accelerator,pl:mixin:APP:bons_and_furious.beardifier.mixins.json:CreateNoiseChunkMixin from mod bons_and_furious,pl:mixin:APP:bons_and_furious.terrain.mixins.json:ColumnHeightShareMixin from mod bons_and_furious,pl:mixin:A}
	at TRANSFORMER/minecraft@1.21.1/net.minecraft.world.level.chunk.ChunkAccess.getOrCreateNoiseChunk(ChunkAccess.java:417) ~[server-1.21.1-20240808.144430-srg.jar%23120!/:?] {re:mixin,re:classloading,pl:mixin:APP:generator_accelerator.mixins.json:accessor.MixinChunkAccessAccessor from mod generator_accelerator,pl:mixin:APP:generator_accelerator_structures.mixins.json:MixinChunkAccess$SynchronizeStructureData from mod generator_accelerator,pl:mixin:APP:generator_accelerator_features.mixins.json:MixinChunkAccess from mod generator_accelerator,pl:mixin:APP:generator_accelerator_features.mixins.json:MixinChunkAccess$fast_block_light_sources from mod generator_accelerator,pl:mixin:A}
	at TRANSFORMER/minecraft@1.21.1/net.minecraft.world.level.levelgen.NoiseBasedChunkGenerator.doCreateBiomes(NoiseBasedChunkGenerator.java:98) ~[server-1.21.1-20240808.144430-srg.jar%23120!/:?] {re:mixin,pl:accesstransformer:B,re:mixin,pl:accesstransformer:B,re:mixin,pl:accesstransformer:B,re:classloading,pl:accesstransformer:B,pl:mixin:APP:generator_accelerator.mixins.json:MixinNoiseBasedChunkGenerator$fast_do_fill from mod generator_accelerator,pl:mixin:APP:generator_accelerator.mixins.json:MixinNoiseBasedChunkGenerator$optimize_apply_carvers from mod generator_accelerator,pl:mixin:APP:generator_accelerator.mixins.json:MixinNoiseBasedChunkGenerator$optimize_iterate_noise_column from mod generator_accelerator,pl:mixin:APP:generator_accelerator_density_compiler.mixins.json:NoiseBasedChunkGeneratorMixin from mod generator_accelerator,pl:mixin:APP:bons_and_furious.beardifier.mixins.json:CreateNoiseChunkMixin from mod bons_and_furious,pl:mixin:APP:bons_and_furious.terrain.mixins.json:ColumnHeightShareMixin from mod bons_and_furious,pl:mixin:A}
	at TRANSFORMER/minecraft@1.21.1/net.minecraft.world.level.levelgen.NoiseBasedChunkGenerator.lambda$createBiomes$5(NoiseBasedChunkGenerator.java:92) ~[server-1.21.1-20240808.144430-srg.jar%23120!/:?] {re:mixin,pl:accesstransformer:B,re:mixin,pl:accesstransformer:B,re:mixin,pl:accesstransformer:B,re:classloading,pl:accesstransformer:B,pl:mixin:APP:generator_accelerator.mixins.json:MixinNoiseBasedChunkGenerator$fast_do_fill from mod generator_accelerator,pl:mixin:APP:generator_accelerator.mixins.json:MixinNoiseBasedChunkGenerator$optimize_apply_carvers from mod generator_accelerator,pl:mixin:APP:generator_accelerator.mixins.json:MixinNoiseBasedChunkGenerator$optimize_iterate_noise_column from mod generator_accelerator,pl:mixin:APP:generator_accelerator_density_compiler.mixins.json:NoiseBasedChunkGeneratorMixin from mod generator_accelerator,pl:mixin:APP:bons_and_furious.beardifier.mixins.json:CreateNoiseChunkMixin from mod bons_and_furious,pl:mixin:APP:bons_and_furious.terrain.mixins.json:ColumnHeightShareMixin from mod bons_and_furious,pl:mixin:A}
	at java.base/java.util.concurrent.CompletableFuture$AsyncSupply.run(CompletableFuture.java:1768) ~[?:?] {}
	... 6 more
Caused by: org.spongepowered.asm.mixin.injection.throwables.InvalidInjectionException: @At("FIELD") on net/minecraft/world/level/levelgen/Beardifier::bons$rigids with priority 1000 cannot inject into net/minecraft/world/level/levelgen/Beardifier::compute(Lnet/minecraft/world/level/levelgen/DensityFunction$FunctionContext;)D merged by dev.sixik.generator_accelerator.common.beardifier.mixin.MixinBeardifier with priority 1000 [INJECT_PREPARE Applicator Phase -> bons_and_furious.worldgen_beardifier_bounds.mixins.json:BeardifierBoundsMixin from mod bons_and_furious -> Prepare Injections -> modifyExpressionValue$zgo000$bons_and_furious$bons$rigids(Lit/unimi/dsi/fastutil/objects/ObjectListIterator;III)Lit/unimi/dsi/fastutil/objects/ObjectListIterator; -> Prepare ->  -> { target: compute(Lnet/minecraft/world/level/levelgen/DensityFunction$FunctionContext;)D }]
	at MC-BOOTSTRAP/org.spongepowered.mixin/org.spongepowered.asm.mixin.injection.code.Injector.findTargetNodes(Injector.java:312) ~[sponge-mixin-0.15.2+mixin.0.8.7.jar%2373!/:0.15.2+mixin.0.8.7] {}
	at MC-BOOTSTRAP/org.spongepowered.mixin/org.spongepowered.asm.mixin.injection.code.Injector.find(Injector.java:248) ~[sponge-mixin-0.15.2+mixin.0.8.7.jar%2373!/:0.15.2+mixin.0.8.7] {}
	at MC-BOOTSTRAP/org.spongepowered.mixin/org.spongepowered.asm.mixin.injection.struct.InjectionInfo.prepare(InjectionInfo.java:475) ~[sponge-mixin-0.15.2+mixin.0.8.7.jar%2373!/:0.15.2+mixin.0.8.7] {}
	at TRANSFORMER/mixinextras.neoforge@0.5.3/com.llamalad7.mixinextras.injector.ModifyExpressionValueInjectionInfo.prepare(ModifyExpressionValueInjectionInfo.java:25) ~[mixinextras-neoforge-0.5.3.jar%23135!/:?] {re:classloading}
	at TRANSFORMER/mixinextras.neoforge@0.5.3/com.llamalad7.mixinextras.wrapper.InjectorWrapperImpl.prepare(InjectorWrapperImpl.java:56) ~[mixinextras-neoforge-0.5.3.jar%23135!/:?] {re:classloading}
	at TRANSFORMER/mixinextras.neoforge@0.5.3/com.llamalad7.mixinextras.sugar.impl.SugarWrapperImpl.prepare(SugarWrapperImpl.java:70) ~[mixinextras-neoforge-0.5.3.jar%23135!/:?] {re:classloading}
	at TRANSFORMER/mixinextras.neoforge@0.5.3/com.llamalad7.mixinextras.wrapper.WrapperInjectionInfo.prepare(WrapperInjectionInfo.java:64) ~[mixinextras-neoforge-0.5.3.jar%23135!/:?] {re:classloading}
	at MC-BOOTSTRAP/org.spongepowered.mixin/org.spongepowered.asm.mixin.transformer.MixinTargetContext.prepareInjections(MixinTargetContext.java:1407) ~[sponge-mixin-0.15.2+mixin.0.8.7.jar%2373!/:0.15.2+mixin.0.8.7] {}
	at MC-BOOTSTRAP/org.spongepowered.mixin/org.spongepowered.asm.mixin.transformer.MixinApplicatorStandard.prepareInjections(MixinApplicatorStandard.java:731) ~[sponge-mixin-0.15.2+mixin.0.8.7.jar%2373!/:0.15.2+mixin.0.8.7] {}
	at MC-BOOTSTRAP/org.spongepowered.mixin/org.spongepowered.asm.mixin.transformer.MixinApplicatorStandard.applyMixin(MixinApplicatorStandard.java:315) ~[sponge-mixin-0.15.2+mixin.0.8.7.jar%2373!/:0.15.2+mixin.0.8.7] {}
	at MC-BOOTSTRAP/org.spongepowered.mixin/org.spongepowered.asm.mixin.transformer.MixinApplicatorStandard.apply(MixinApplicatorStandard.java:246) ~[sponge-mixin-0.15.2+mixin.0.8.7.jar%2373!/:0.15.2+mixin.0.8.7] {}
	at MC-BOOTSTRAP/org.spongepowered.mixin/org.spongepowered.asm.mixin.transformer.TargetClassContext.apply(TargetClassContext.java:437) ~[sponge-mixin-0.15.2+mixin.0.8.7.jar%2373!/:0.15.2+mixin.0.8.7] {}
	at MC-BOOTSTRAP/org.spongepowered.mixin/org.spongepowered.asm.mixin.transformer.TargetClassContext.applyMixins(TargetClassContext.java:418) ~[sponge-mixin-0.15.2+mixin.0.8.7.jar%2373!/:0.15.2+mixin.0.8.7] {}
	at MC-BOOTSTRAP/org.spongepowered.mixin/org.spongepowered.asm.mixin.transformer.MixinProcessor.applyMixins(MixinProcessor.java:363) ~[sponge-mixin-0.15.2+mixin.0.8.7.jar%2373!/:0.15.2+mixin.0.8.7] {}
	at MC-BOOTSTRAP/org.spongepowered.mixin/org.spongepowered.asm.mixin.transformer.MixinTransformer.transformClass(MixinTransformer.java:250) ~[sponge-mixin-0.15.2+mixin.0.8.7.jar%2373!/:0.15.2+mixin.0.8.7] {}
	at MC-BOOTSTRAP/org.spongepowered.mixin/org.spongepowered.asm.service.modlauncher.MixinTransformationHandler.processClass(MixinTransformationHandler.java:131) ~[sponge-mixin-0.15.2+mixin.0.8.7.jar%2373!/:0.15.2+mixin.0.8.7] {}
	at MC-BOOTSTRAP/org.spongepowered.mixin/org.spongepowered.asm.launch.MixinLaunchPluginLegacy.processClass(MixinLaunchPluginLegacy.java:131) ~[sponge-mixin-0.15.2+mixin.0.8.7.jar%2373!/:0.15.2+mixin.0.8.7] {}
	at MC-BOOTSTRAP/cpw.mods.modlauncher@11.0.5/cpw.mods.modlauncher.serviceapi.ILaunchPluginService.processClassWithFlags(ILaunchPluginService.java:156) ~[modlauncher-11.0.5.jar%2364!/:11.0.5+main.901c6ea8] {}
	at MC-BOOTSTRAP/cpw.mods.modlauncher@11.0.5/cpw.mods.modlauncher.LaunchPluginHandler.offerClassNodeToPlugins(LaunchPluginHandler.java:94) ~[modlauncher-11.0.5.jar%2364!/:?] {}
	at MC-BOOTSTRAP/cpw.mods.modlauncher@11.0.5/cpw.mods.modlauncher.ClassTransformer.transform(ClassTransformer.java:120) ~[modlauncher-11.0.5.jar%2364!/:?] {}
	at MC-BOOTSTRAP/cpw.mods.modlauncher@11.0.5/cpw.mods.modlauncher.TransformingClassLoader.maybeTransformClassBytes(TransformingClassLoader.java:57) ~[modlauncher-11.0.5.jar%2364!/:?] {}
	at cpw.mods.securejarhandler/cpw.mods.cl.ModuleClassLoader.readerToClass(ModuleClassLoader.java:190) ~[securejarhandler-3.0.8.jar:?] {}
	at cpw.mods.securejarhandler/cpw.mods.cl.ModuleClassLoader.lambda$findClass$20(ModuleClassLoader.java:298) ~[securejarhandler-3.0.8.jar:?] {}
	at cpw.mods.securejarhandler/cpw.mods.cl.ModuleClassLoader.loadFromModule(ModuleClassLoader.java:311) ~[securejarhandler-3.0.8.jar:?] {}
	at cpw.mods.securejarhandler/cpw.mods.cl.ModuleClassLoader.findClass(ModuleClassLoader.java:298) ~[securejarhandler-3.0.8.jar:?] {}
	at cpw.mods.securejarhandler/cpw.mods.cl.ModuleClassLoader.loadClass(ModuleClassLoader.java:214) ~[securejarhandler-3.0.8.jar:?] {}
	at java.base/java.lang.ClassLoader.loadClass(ClassLoader.java:526) ~[?:?] {}
	at TRANSFORMER/minecraft@1.21.1/net.minecraft.world.level.levelgen.NoiseBasedChunkGenerator.createNoiseChunk(NoiseBasedChunkGenerator.java:106) ~[server-1.21.1-20240808.144430-srg.jar%23120!/:?] {re:mixin,pl:accesstransformer:B,re:mixin,pl:accesstransformer:B,re:mixin,pl:accesstransformer:B,re:classloading,pl:accesstransformer:B,pl:mixin:APP:generator_accelerator.mixins.json:MixinNoiseBasedChunkGenerator$fast_do_fill from mod generator_accelerator,pl:mixin:APP:generator_accelerator.mixins.json:MixinNoiseBasedChunkGenerator$optimize_apply_carvers from mod generator_accelerator,pl:mixin:APP:generator_accelerator.mixins.json:MixinNoiseBasedChunkGenerator$optimize_iterate_noise_column from mod generator_accelerator,pl:mixin:APP:generator_accelerator_density_compiler.mixins.json:NoiseBasedChunkGeneratorMixin from mod generator_accelerator,pl:mixin:APP:bons_and_furious.beardifier.mixins.json:CreateNoiseChunkMixin from mod bons_and_furious,pl:mixin:APP:bons_and_furious.terrain.mixins.json:ColumnHeightShareMixin from mod bons_and_furious,pl:mixin:A}
	at TRANSFORMER/minecraft@1.21.1/net.minecraft.world.level.levelgen.NoiseBasedChunkGenerator.lambda$doCreateBiomes$6(NoiseBasedChunkGenerator.java:98) ~[server-1.21.1-20240808.144430-srg.jar%23120!/:?] {re:mixin,pl:accesstransformer:B,re:mixin,pl:accesstransformer:B,re:mixin,pl:accesstransformer:B,re:classloading,pl:accesstransformer:B,pl:mixin:APP:generator_accelerator.mixins.json:MixinNoiseBasedChunkGenerator$fast_do_fill from mod generator_accelerator,pl:mixin:APP:generator_accelerator.mixins.json:MixinNoiseBasedChunkGenerator$optimize_apply_carvers from mod generator_accelerator,pl:mixin:APP:generator_accelerator.mixins.json:MixinNoiseBasedChunkGenerator$optimize_iterate_noise_column from mod generator_accelerator,pl:mixin:APP:generator_accelerator_density_compiler.mixins.json:NoiseBasedChunkGeneratorMixin from mod generator_accelerator,pl:mixin:APP:bons_and_furious.beardifier.mixins.json:CreateNoiseChunkMixin from mod bons_and_furious,pl:mixin:APP:bons_and_furious.terrain.mixins.json:ColumnHeightShareMixin from mod bons_and_furious,pl:mixin:A}
	at TRANSFORMER/minecraft@1.21.1/net.minecraft.world.level.chunk.ChunkAccess.getOrCreateNoiseChunk(ChunkAccess.java:417) ~[server-1.21.1-20240808.144430-srg.jar%23120!/:?] {re:mixin,re:classloading,pl:mixin:APP:generator_accelerator.mixins.json:accessor.MixinChunkAccessAccessor from mod generator_accelerator,pl:mixin:APP:generator_accelerator_structures.mixins.json:MixinChunkAccess$SynchronizeStructureData from mod generator_accelerator,pl:mixin:APP:generator_accelerator_features.mixins.json:MixinChunkAccess from mod generator_accelerator,pl:mixin:APP:generator_accelerator_features.mixins.json:MixinChunkAccess$fast_block_light_sources from mod generator_accelerator,pl:mixin:A}
	at TRANSFORMER/minecraft@1.21.1/net.minecraft.world.level.levelgen.NoiseBasedChunkGenerator.doCreateBiomes(NoiseBasedChunkGenerator.java:98) ~[server-1.21.1-20240808.144430-srg.jar%23120!/:?] {re:mixin,pl:accesstransformer:B,re:mixin,pl:accesstransformer:B,re:mixin,pl:accesstransformer:B,re:classloading,pl:accesstransformer:B,pl:mixin:APP:generator_accelerator.mixins.json:MixinNoiseBasedChunkGenerator$fast_do_fill from mod generator_accelerator,pl:mixin:APP:generator_accelerator.mixins.json:MixinNoiseBasedChunkGenerator$optimize_apply_carvers from mod generator_accelerator,pl:mixin:APP:generator_accelerator.mixins.json:MixinNoiseBasedChunkGenerator$optimize_iterate_noise_column from mod generator_accelerator,pl:mixin:APP:generator_accelerator_density_compiler.mixins.json:NoiseBasedChunkGeneratorMixin from mod generator_accelerator,pl:mixin:APP:bons_and_furious.beardifier.mixins.json:CreateNoiseChunkMixin from mod bons_and_furious,pl:mixin:APP:bons_and_furious.terrain.mixins.json:ColumnHeightShareMixin from mod bons_and_furious,pl:mixin:A}
	at TRANSFORMER/minecraft@1.21.1/net.minecraft.world.level.levelgen.NoiseBasedChunkGenerator.lambda$createBiomes$5(NoiseBasedChunkGenerator.java:92) ~[server-1.21.1-20240808.144430-srg.jar%23120!/:?] {re:mixin,pl:accesstransformer:B,re:mixin,pl:accesstransformer:B,re:mixin,pl:accesstransformer:B,re:classloading,pl:accesstransformer:B,pl:mixin:APP:generator_accelerator.mixins.json:MixinNoiseBasedChunkGenerator$fast_do_fill from mod generator_accelerator,pl:mixin:APP:generator_accelerator.mixins.json:MixinNoiseBasedChunkGenerator$optimize_apply_carvers from mod generator_accelerator,pl:mixin:APP:generator_accelerator.mixins.json:MixinNoiseBasedChunkGenerator$optimize_iterate_noise_column from mod generator_accelerator,pl:mixin:APP:generator_accelerator_density_compiler.mixins.json:NoiseBasedChunkGeneratorMixin from mod generator_accelerator,pl:mixin:APP:bons_and_furious.beardifier.mixins.json:CreateNoiseChunkMixin from mod bons_and_furious,pl:mixin:APP:bons_and_furious.terrain.mixins.json:ColumnHeightShareMixin from mod bons_and_furious,pl:mixin:A}
	at java.base/java.util.concurrent.CompletableFuture$AsyncSupply.run(CompletableFuture.java:1768) ~[?:?] {}
	... 6 more
[04:50:49] [Worker-Main-17/FATAL] [mixin/]: Mixin apply for mod bons_and_furious failed bons_and_furious.worldgen_beardifier_bounds.mixins.json:BeardifierBoundsMixin from mod bons_and_furious -> net.minecraft.world.level.levelgen.Beardifier: org.spongepowered.asm.mixin.injection.throwables.InvalidInjectionException @At("FIELD") on net/minecraft/world/level/levelgen/Beardifier::bons$rigids with priority 1000 cannot inject into net/minecraft/world/level/levelgen/Beardifier::compute(Lnet/minecraft/world/level/levelgen/DensityFunction$FunctionContext;)D merged by dev.sixik.generator_accelerator.common.beardifier.mixin.MixinBeardifier with priority 1000 [INJECT_PREPARE Applicator Phase -> bons_and_furious.worldgen_beardifier_bounds.mixins.json:BeardifierBoundsMixin from mod bons_and_furious -> Prepare Injections -> modifyExpressionValue$zgo000$bons_and_furious$bons$rigids(Lit/unimi/dsi/fastutil/objects/ObjectListIterator;III)Lit/unimi/dsi/fastutil/objects/ObjectListIterator; -> Prepare ->  -> { target: compute(Lnet/minecraft/world/level/levelgen/DensityFunction$FunctionContext;)D }]
org.spongepowered.asm.mixin.injection.throwables.InvalidInjectionException: @At("FIELD") on net/minecraft/world/level/levelgen/Beardifier::bons$rigids with priority 1000 cannot inject into net/minecraft/world/level/levelgen/Beardifier::compute(Lnet/minecraft/world/level/levelgen/DensityFunction$FunctionContext;)D merged by dev.sixik.generator_accelerator.common.beardifier.mixin.MixinBeardifier with priority 1000 [INJECT_PREPARE Applicator Phase -> bons_and_furious.worldgen_beardifier_bounds.mixins.json:BeardifierBoundsMixin from mod bons_and_furious -> Prepare Injections -> modifyExpressionValue$zgo000$bons_and_furious$bons$rigids(Lit/unimi/dsi/fastutil/objects/ObjectListIterator;III)Lit/unimi/dsi/fastutil/objects/ObjectListIterator; -> Prepare ->  -> { target: compute(Lnet/minecraft/world/level/levelgen/DensityFunction$FunctionContext;)D }]
	at MC-BOOTSTRAP/org.spongepowered.mixin/org.spongepowered.asm.mixin.injection.code.Injector.findTargetNodes(Injector.java:312) ~[sponge-mixin-0.15.2+mixin.0.8.7.jar%2373!/:0.15.2+mixin.0.8.7] {}
	at MC-BOOTSTRAP/org.spongepowered.mixin/org.spongepowered.asm.mixin.injection.code.Injector.find(Injector.java:248) ~[sponge-mixin-0.15.2+mixin.0.8.7.jar%2373!/:0.15.2+mixin.0.8.7] {}
	at MC-BOOTSTRAP/org.spongepowered.mixin/org.spongepowered.asm.mixin.injection.struct.InjectionInfo.prepare(InjectionInfo.java:475) ~[sponge-mixin-0.15.2+mixin.0.8.7.jar%2373!/:0.15.2+mixin.0.8.7] {}
	at TRANSFORMER/mixinextras.neoforge@0.5.3/com.llamalad7.mixinextras.injector.ModifyExpressionValueInjectionInfo.prepare(ModifyExpressionValueInjectionInfo.java:25) ~[mixinextras-neoforge-0.5.3.jar%23135!/:?] {re:classloading}
	at TRANSFORMER/mixinextras.neoforge@0.5.3/com.llamalad7.mixinextras.wrapper.InjectorWrapperImpl.prepare(InjectorWrapperImpl.java:56) ~[mixinextras-neoforge-0.5.3.jar%23135!/:?] {re:classloading}
	at TRANSFORMER/mixinextras.neoforge@0.5.3/com.llamalad7.mixinextras.sugar.impl.SugarWrapperImpl.prepare(SugarWrapperImpl.java:70) ~[mixinextras-neoforge-0.5.3.jar%23135!/:?] {re:classloading}
	at TRANSFORMER/mixinextras.neoforge@0.5.3/com.llamalad7.mixinextras.wrapper.WrapperInjectionInfo.prepare(WrapperInjectionInfo.java:64) ~[mixinextras-neoforge-0.5.3.jar%23135!/:?] {re:classloading}
	at MC-BOOTSTRAP/org.spongepowered.mixin/org.spongepowered.asm.mixin.transformer.MixinTargetContext.prepareInjections(MixinTargetContext.java:1407) ~[sponge-mixin-0.15.2+mixin.0.8.7.jar%2373!/:0.15.2+mixin.0.8.7] {}
	at MC-BOOTSTRAP/org.spongepowered.mixin/org.spongepowered.asm.mixin.transformer.MixinApplicatorStandard.prepareInjections(MixinApplicatorStandard.java:731) ~[sponge-mixin-0.15.2+mixin.0.8.7.jar%2373!/:0.15.2+mixin.0.8.7] {}
	at MC-BOOTSTRAP/org.spongepowered.mixin/org.spongepowered.asm.mixin.transformer.MixinApplicatorStandard.applyMixin(MixinApplicatorStandard.java:315) ~[sponge-mixin-0.15.2+mixin.0.8.7.jar%2373!/:0.15.2+mixin.0.8.7] {}
	at MC-BOOTSTRAP/org.spongepowered.mixin/org.spongepowered.asm.mixin.transformer.MixinApplicatorStandard.apply(MixinApplicatorStandard.java:246) ~[sponge-mixin-0.15.2+mixin.0.8.7.jar%2373!/:0.15.2+mixin.0.8.7] {}
	at MC-BOOTSTRAP/org.spongepowered.mixin/org.spongepowered.asm.mixin.transformer.TargetClassContext.apply(TargetClassContext.java:437) ~[sponge-mixin-0.15.2+mixin.0.8.7.jar%2373!/:0.15.2+mixin.0.8.7] {}
	at MC-BOOTSTRAP/org.spongepowered.mixin/org.spongepowered.asm.mixin.transformer.TargetClassContext.applyMixins(TargetClassContext.java:418) ~[sponge-mixin-0.15.2+mixin.0.8.7.jar%2373!/:0.15.2+mixin.0.8.7] {}
	at MC-BOOTSTRAP/org.spongepowered.mixin/org.spongepowered.asm.mixin.transformer.MixinProcessor.applyMixins(MixinProcessor.java:363) ~[sponge-mixin-0.15.2+mixin.0.8.7.jar%2373!/:0.15.2+mixin.0.8.7] {}
	at MC-BOOTSTRAP/org.spongepowered.mixin/org.spongepowered.asm.mixin.transformer.MixinTransformer.transformClass(MixinTransformer.java:250) ~[sponge-mixin-0.15.2+mixin.0.8.7.jar%2373!/:0.15.2+mixin.0.8.7] {}
	at MC-BOOTSTRAP/org.spongepowered.mixin/org.spongepowered.asm.service.modlauncher.MixinTransformationHandler.processClass(MixinTransformationHandler.java:131) ~[sponge-mixin-0.15.2+mixin.0.8.7.jar%2373!/:0.15.2+mixin.0.8.7] {}
	at MC-BOOTSTRAP/org.spongepowered.mixin/org.spongepowered.asm.launch.MixinLaunchPluginLegacy.processClass(MixinLaunchPluginLegacy.java:131) ~[sponge-mixin-0.15.2+mixin.0.8.7.jar%2373!/:0.15.2+mixin.0.8.7] {}
	at MC-BOOTSTRAP/cpw.mods.modlauncher@11.0.5/cpw.mods.modlauncher.serviceapi.ILaunchPluginService.processClassWithFlags(ILaunchPluginService.java:156) ~[modlauncher-11.0.5.jar%2364!/:11.0.5+main.901c6ea8] {}
	at MC-BOOTSTRAP/cpw.mods.modlauncher@11.0.5/cpw.mods.modlauncher.LaunchPluginHandler.offerClassNodeToPlugins(LaunchPluginHandler.java:94) ~[modlauncher-11.0.5.jar%2364!/:?] {}
	at MC-BOOTSTRAP/cpw.mods.modlauncher@11.0.5/cpw.mods.modlauncher.ClassTransformer.transform(ClassTransformer.java:120) ~[modlauncher-11.0.5.jar%2364!/:?] {}
	at MC-BOOTSTRAP/cpw.mods.modlauncher@11.0.5/cpw.mods.modlauncher.TransformingClassLoader.maybeTransformClassBytes(TransformingClassLoader.java:57) ~[modlauncher-11.0.5.jar%2364!/:?] {}
	at cpw.mods.securejarhandler/cpw.mods.cl.ModuleClassLoader.readerToClass(ModuleClassLoader.java:190) ~[securejarhandler-3.0.8.jar:?] {}
	at cpw.mods.securejarhandler/cpw.mods.cl.ModuleClassLoader.lambda$findClass$20(ModuleClassLoader.java:298) ~[securejarhandler-3.0.8.jar:?] {}
	at cpw.mods.securejarhandler/cpw.mods.cl.ModuleClassLoader.loadFromModule(ModuleClassLoader.java:311) ~[securejarhandler-3.0.8.jar:?] {}
	at cpw.mods.securejarhandler/cpw.mods.cl.ModuleClassLoader.findClass(ModuleClassLoader.java:298) ~[securejarhandler-3.0.8.jar:?] {}
	at cpw.mods.securejarhandler/cpw.mods.cl.ModuleClassLoader.loadClass(ModuleClassLoader.java:214) ~[securejarhandler-3.0.8.jar:?] {}
	at java.base/java.lang.ClassLoader.loadClass(ClassLoader.java:526) ~[?:?] {}
	at TRANSFORMER/minecraft@1.21.1/net.minecraft.world.level.levelgen.NoiseBasedChunkGenerator.createNoiseChunk(NoiseBasedChunkGenerator.java:106) ~[server-1.21.1-20240808.144430-srg.jar%23120!/:?] {re:mixin,pl:accesstransformer:B,re:mixin,pl:accesstransformer:B,re:mixin,pl:accesstransformer:B,re:classloading,pl:accesstransformer:B,pl:mixin:APP:generator_accelerator.mixins.json:MixinNoiseBasedChunkGenerator$fast_do_fill from mod generator_accelerator,pl:mixin:APP:generator_accelerator.mixins.json:MixinNoiseBasedChunkGenerator$optimize_apply_carvers from mod generator_accelerator,pl:mixin:APP:generator_accelerator.mixins.json:MixinNoiseBasedChunkGenerator$optimize_iterate_noise_column from mod generator_accelerator,pl:mixin:APP:generator_accelerator_density_compiler.mixins.json:NoiseBasedChunkGeneratorMixin from mod generator_accelerator,pl:mixin:APP:bons_and_furious.beardifier.mixins.json:CreateNoiseChunkMixin from mod bons_and_furious,pl:mixin:APP:bons_and_furious.terrain.mixins.json:ColumnHeightShareMixin from mod bons_and_furious,pl:mixin:A}
	at TRANSFORMER/minecraft@1.21.1/net.minecraft.world.level.levelgen.NoiseBasedChunkGenerator.lambda$doCreateBiomes$6(NoiseBasedChunkGenerator.java:98) ~[server-1.21.1-20240808.144430-srg.jar%23120!/:?] {re:mixin,pl:accesstransformer:B,re:mixin,pl:accesstransformer:B,re:mixin,pl:accesstransformer:B,re:classloading,pl:accesstransformer:B,pl:mixin:APP:generator_accelerator.mixins.json:MixinNoiseBasedChunkGenerator$fast_do_fill from mod generator_accelerator,pl:mixin:APP:generator_accelerator.mixins.json:MixinNoiseBasedChunkGenerator$optimize_apply_carvers from mod generator_accelerator,pl:mixin:APP:generator_accelerator.mixins.json:MixinNoiseBasedChunkGenerator$optimize_iterate_noise_column from mod generator_accelerator,pl:mixin:APP:generator_accelerator_density_compiler.mixins.json:NoiseBasedChunkGeneratorMixin from mod generator_accelerator,pl:mixin:APP:bons_and_furious.beardifier.mixins.json:CreateNoiseChunkMixin from mod bons_and_furious,pl:mixin:APP:bons_and_furious.terrain.mixins.json:ColumnHeightShareMixin from mod bons_and_furious,pl:mixin:A}
	at TRANSFORMER/minecraft@1.21.1/net.minecraft.world.level.chunk.ChunkAccess.getOrCreateNoiseChunk(ChunkAccess.java:417) ~[server-1.21.1-20240808.144430-srg.jar%23120!/:?] {re:mixin,re:classloading,pl:mixin:APP:generator_accelerator.mixins.json:accessor.MixinChunkAccessAccessor from mod generator_accelerator,pl:mixin:APP:generator_accelerator_structures.mixins.json:MixinChunkAccess$SynchronizeStructureData from mod generator_accelerator,pl:mixin:APP:generator_accelerator_features.mixins.json:MixinChunkAccess from mod generator_accelerator,pl:mixin:APP:generator_accelerator_features.mixins.json:MixinChunkAccess$fast_block_light_sources from mod generator_accelerator,pl:mixin:A}
	at TRANSFORMER/minecraft@1.21.1/net.minecraft.world.level.levelgen.NoiseBasedChunkGenerator.doCreateBiomes(NoiseBasedChunkGenerator.java:98) ~[server-1.21.1-20240808.144430-srg.jar%23120!/:?] {re:mixin,pl:accesstransformer:B,re:mixin,pl:accesstransformer:B,re:mixin,pl:accesstransformer:B,re:classloading,pl:accesstransformer:B,pl:mixin:APP:generator_accelerator.mixins.json:MixinNoiseBasedChunkGenerator$fast_do_fill from mod generator_accelerator,pl:mixin:APP:generator_accelerator.mixins.json:MixinNoiseBasedChunkGenerator$optimize_apply_carvers from mod generator_accelerator,pl:mixin:APP:generator_accelerator.mixins.json:MixinNoiseBasedChunkGenerator$optimize_iterate_noise_column from mod generator_accelerator,pl:mixin:APP:generator_accelerator_density_compiler.mixins.json:NoiseBasedChunkGeneratorMixin from mod generator_accelerator,pl:mixin:APP:bons_and_furious.beardifier.mixins.json:CreateNoiseChunkMixin from mod bons_and_furious,pl:mixin:APP:bons_and_furious.terrain.mixins.json:ColumnHeightShareMixin from mod bons_and_furious,pl:mixin:A}
	at TRANSFORMER/minecraft@1.21.1/net.minecraft.world.level.levelgen.NoiseBasedChunkGenerator.lambda$createBiomes$5(NoiseBasedChunkGenerator.java:92) ~[server-1.21.1-20240808.144430-srg.jar%23120!/:?] {re:mixin,pl:accesstransformer:B,re:mixin,pl:accesstransformer:B,re:mixin,pl:accesstransformer:B,re:classloading,pl:accesstransformer:B,pl:mixin:APP:generator_accelerator.mixins.json:MixinNoiseBasedChunkGenerator$fast_do_fill from mod generator_accelerator,pl:mixin:APP:generator_accelerator.mixins.json:MixinNoiseBasedChunkGenerator$optimize_apply_carvers from mod generator_accelerator,pl:mixin:APP:generator_accelerator.mixins.json:MixinNoiseBasedChunkGenerator$optimize_iterate_noise_column from mod generator_accelerator,pl:mixin:APP:generator_accelerator_density_compiler.mixins.json:NoiseBasedChunkGeneratorMixin from mod generator_accelerator,pl:mixin:APP:bons_and_furious.beardifier.mixins.json:CreateNoiseChunkMixin from mod bons_and_furious,pl:mixin:APP:bons_and_furious.terrain.mixins.json:ColumnHeightShareMixin from mod bons_and_furious,pl:mixin:A}
	at java.base/java.util.concurrent.CompletableFuture$AsyncSupply.run(CompletableFuture.java:1768) [?:?] {}
	at java.base/java.util.concurrent.CompletableFuture$AsyncSupply.exec(CompletableFuture.java:1760) [?:?] {}
	at java.base/java.util.concurrent.ForkJoinTask.doExec(ForkJoinTask.java:387) [?:?] {}
	at java.base/java.util.concurrent.ForkJoinPool$WorkQueue.topLevelExec(ForkJoinPool.java:1312) [?:?] {}
	at java.base/java.util.concurrent.ForkJoinPool.scan(ForkJoinPool.java:1843) [?:?] {}
	at java.base/java.util.concurrent.ForkJoinPool.runWorker(ForkJoinPool.java:1808) [?:?] {}
	at java.base/java.util.concurrent.ForkJoinWorkerThread.run(ForkJoinWorkerThread.java:188) [?:?] {}
[04:50:49] [Worker-Main-8/FATAL] [mixin/]: Mixin apply for mod bons_and_furious failed bons_and_furious.worldgen_beardifier_bounds.mixins.json:BeardifierBoundsMixin from mod bons_and_furious -> net.minecraft.world.level.levelgen.Beardifier: org.spongepowered.asm.mixin.injection.throwables.InvalidInjectionException @At("FIELD") on net/minecraft/world/level/levelgen/Beardifier::bons$rigids with priority 1000 cannot inject into net/minecraft/world/level/levelgen/Beardifier::compute(Lnet/minecraft/world/level/levelgen/DensityFunction$FunctionContext;)D merged by dev.sixik.generator_accelerator.common.beardifier.mixin.MixinBeardifier with priority 1000 [INJECT_PREPARE Applicator Phase -> bons_and_furious.worldgen_beardifier_bounds.mixins.json:BeardifierBoundsMixin from mod bons_and_furious -> Prepare Injections -> modifyExpressionValue$zgo000$bons_and_furious$bons$rigids(Lit/unimi/dsi/fastutil/objects/ObjectListIterator;III)Lit/unimi/dsi/fastutil/objects/ObjectListIterator; -> Prepare ->  -> { target: compute(Lnet/minecraft/world/level/levelgen/DensityFunction$FunctionContext;)D }]
org.spongepowered.asm.mixin.injection.throwables.InvalidInjectionException: @At("FIELD") on net/minecraft/world/level/levelgen/Beardifier::bons$rigids with priority 1000 cannot inject into net/minecraft/world/level/levelgen/Beardifier::compute(Lnet/minecraft/world/level/levelgen/DensityFunction$FunctionContext;)D merged by dev.sixik.generator_accelerator.common.beardifier.mixin.MixinBeardifier with priority 1000 [INJECT_PREPARE Applicator Phase -> bons_and_furious.worldgen_beardifier_bounds.mixins.json:BeardifierBoundsMixin from mod bons_and_furious -> Prepare Injections -> modifyExpressionValue$zgo000$bons_and_furious$bons$rigids(Lit/unimi/dsi/fastutil/objects/ObjectListIterator;III)Lit/unimi/dsi/fastutil/objects/ObjectListIterator; -> Prepare ->  -> { target: compute(Lnet/minecraft/world/level/levelgen/DensityFunction$FunctionContext;)D }]
	at MC-BOOTSTRAP/org.spongepowered.mixin/org.spongepowered.asm.mixin.injection.code.Injector.findTargetNodes(Injector.java:312) ~[sponge-mixin-0.15.2+mixin.0.8.7.jar%2373!/:0.15.2+mixin.0.8.7] {}
	at MC-BOOTSTRAP/org.spongepowered.mixin/org.spongepowered.asm.mixin.injection.code.Injector.find(Injector.java:248) ~[sponge-mixin-0.15.2+mixin.0.8.7.jar%2373!/:0.15.2+mixin.0.8.7] {}
	at MC-BOOTSTRAP/org.spongepowered.mixin/org.spongepowered.asm.mixin.injection.struct.InjectionInfo.prepare(InjectionInfo.java:475) ~[sponge-mixin-0.15.2+mixin.0.8.7.jar%2373!/:0.15.2+mixin.0.8.7] {}
	at TRANSFORMER/mixinextras.neoforge@0.5.3/com.llamalad7.mixinextras.injector.ModifyExpressionValueInjectionInfo.prepare(ModifyExpressionValueInjectionInfo.java:25) ~[mixinextras-neoforge-0.5.3.jar%23135!/:?] {re:classloading}
	at TRANSFORMER/mixinextras.neoforge@0.5.3/com.llamalad7.mixinextras.wrapper.InjectorWrapperImpl.prepare(InjectorWrapperImpl.java:56) ~[mixinextras-neoforge-0.5.3.jar%23135!/:?] {re:classloading}
	at TRANSFORMER/mixinextras.neoforge@0.5.3/com.llamalad7.mixinextras.sugar.impl.SugarWrapperImpl.prepare(SugarWrapperImpl.java:70) ~[mixinextras-neoforge-0.5.3.jar%23135!/:?] {re:classloading}
	at TRANSFORMER/mixinextras.neoforge@0.5.3/com.llamalad7.mixinextras.wrapper.WrapperInjectionInfo.prepare(WrapperInjectionInfo.java:64) ~[mixinextras-neoforge-0.5.3.jar%23135!/:?] {re:classloading}
	at MC-BOOTSTRAP/org.spongepowered.mixin/org.spongepowered.asm.mixin.transformer.MixinTargetContext.prepareInjections(MixinTargetContext.java:1407) ~[sponge-mixin-0.15.2+mixin.0.8.7.jar%2373!/:0.15.2+mixin.0.8.7] {}
	at MC-BOOTSTRAP/org.spongepowered.mixin/org.spongepowered.asm.mixin.transformer.MixinApplicatorStandard.prepareInjections(MixinApplicatorStandard.java:731) ~[sponge-mixin-0.15.2+mixin.0.8.7.jar%2373!/:0.15.2+mixin.0.8.7] {}
	at MC-BOOTSTRAP/org.spongepowered.mixin/org.spongepowered.asm.mixin.transformer.MixinApplicatorStandard.applyMixin(MixinApplicatorStandard.java:315) ~[sponge-mixin-0.15.2+mixin.0.8.7.jar%2373!/:0.15.2+mixin.0.8.7] {}
	at MC-BOOTSTRAP/org.spongepowered.mixin/org.spongepowered.asm.mixin.transformer.MixinApplicatorStandard.apply(MixinApplicatorStandard.java:246) ~[sponge-mixin-0.15.2+mixin.0.8.7.jar%2373!/:0.15.2+mixin.0.8.7] {}
	at MC-BOOTSTRAP/org.spongepowered.mixin/org.spongepowered.asm.mixin.transformer.TargetClassContext.apply(TargetClassContext.java:437) ~[sponge-mixin-0.15.2+mixin.0.8.7.jar%2373!/:0.15.2+mixin.0.8.7] {}
	at MC-BOOTSTRAP/org.spongepowered.mixin/org.spongepowered.asm.mixin.transformer.TargetClassContext.applyMixins(TargetClassContext.java:418) ~[sponge-mixin-0.15.2+mixin.0.8.7.jar%2373!/:0.15.2+mixin.0.8.7] {}
	at MC-BOOTSTRAP/org.spongepowered.mixin/org.spongepowered.asm.mixin.transformer.MixinProcessor.applyMixins(MixinProcessor.java:363) ~[sponge-mixin-0.15.2+mixin.0.8.7.jar%2373!/:0.15.2+mixin.0.8.7] {}
	at MC-BOOTSTRAP/org.spongepowered.mixin/org.spongepowered.asm.mixin.transformer.MixinTransformer.transformClass(MixinTransformer.java:250) ~[sponge-mixin-0.15.2+mixin.0.8.7.jar%2373!/:0.15.2+mixin.0.8.7] {}
	at MC-BOOTSTRAP/org.spongepowered.mixin/org.spongepowered.asm.service.modlauncher.MixinTransformationHandler.processClass(MixinTransformationHandler.java:131) ~[sponge-mixin-0.15.2+mixin.0.8.7.jar%2373!/:0.15.2+mixin.0.8.7] {}
	at MC-BOOTSTRAP/org.spongepowered.mixin/org.spongepowered.asm.launch.MixinLaunchPluginLegacy.processClass(MixinLaunchPluginLegacy.java:131) ~[sponge-mixin-0.15.2+mixin.0.8.7.jar%2373!/:0.15.2+mixin.0.8.7] {}
	at MC-BOOTSTRAP/cpw.mods.modlauncher@11.0.5/cpw.mods.modlauncher.serviceapi.ILaunchPluginService.processClassWithFlags(ILaunchPluginService.java:156) ~[modlauncher-11.0.5.jar%2364!/:11.0.5+main.901c6ea8] {}
	at MC-BOOTSTRAP/cpw.mods.modlauncher@11.0.5/cpw.mods.modlauncher.LaunchPluginHandler.offerClassNodeToPlugins(LaunchPluginHandler.java:94) ~[modlauncher-11.0.5.jar%2364!/:?] {}
	at MC-BOOTSTRAP/cpw.mods.modlauncher@11.0.5/cpw.mods.modlauncher.ClassTransformer.transform(ClassTransformer.java:120) ~[modlauncher-11.0.5.jar%2364!/:?] {}
	at MC-BOOTSTRAP/cpw.mods.modlauncher@11.0.5/cpw.mods.modlauncher.TransformingClassLoader.maybeTransformClassBytes(TransformingClassLoader.java:57) ~[modlauncher-11.0.5.jar%2364!/:?] {}
	at cpw.mods.securejarhandler/cpw.mods.cl.ModuleClassLoader.readerToClass(ModuleClassLoader.java:190) ~[securejarhandler-3.0.8.jar:?] {}
	at cpw.mods.securejarhandler/cpw.mods.cl.ModuleClassLoader.lambda$findClass$20(ModuleClassLoader.java:298) ~[securejarhandler-3.0.8.jar:?] {}
	at cpw.mods.securejarhandler/cpw.mods.cl.ModuleClassLoader.loadFromModule(ModuleClassLoader.java:311) ~[securejarhandler-3.0.8.jar:?] {}
	at cpw.mods.securejarhandler/cpw.mods.cl.ModuleClassLoader.findClass(ModuleClassLoader.java:298) ~[securejarhandler-3.0.8.jar:?] {}
	at cpw.mods.securejarhandler/cpw.mods.cl.ModuleClassLoader.loadClass(ModuleClassLoader.java:214) ~[securejarhandler-3.0.8.jar:?] {}
	at java.base/java.lang.ClassLoader.loadClass(ClassLoader.java:526) ~[?:?] {}
	at TRANSFORMER/minecraft@1.21.1/net.minecraft.world.level.levelgen.NoiseBasedChunkGenerator.createNoiseChunk(NoiseBasedChunkGenerator.java:106) ~[server-1.21.1-20240808.144430-srg.jar%23120!/:?] {re:mixin,pl:accesstransformer:B,re:mixin,pl:accesstransformer:B,re:mixin,pl:accesstransformer:B,re:classloading,pl:accesstransformer:B,pl:mixin:APP:generator_accelerator.mixins.json:MixinNoiseBasedChunkGenerator$fast_do_fill from mod generator_accelerator,pl:mixin:APP:generator_accelerator.mixins.json:MixinNoiseBasedChunkGenerator$optimize_apply_carvers from mod generator_accelerator,pl:mixin:APP:generator_accelerator.mixins.json:MixinNoiseBasedChunkGenerator$optimize_iterate_noise_column from mod generator_accelerator,pl:mixin:APP:generator_accelerator_density_compiler.mixins.json:NoiseBasedChunkGeneratorMixin from mod generator_accelerator,pl:mixin:APP:bons_and_furious.beardifier.mixins.json:CreateNoiseChunkMixin from mod bons_and_furious,pl:mixin:APP:bons_and_furious.terrain.mixins.json:ColumnHeightShareMixin from mod bons_and_furious,pl:mixin:A}
	at TRANSFORMER/minecraft@1.21.1/net.minecraft.world.level.levelgen.NoiseBasedChunkGenerator.lambda$doCreateBiomes$6(NoiseBasedChunkGenerator.java:98) ~[server-1.21.1-20240808.144430-srg.jar%23120!/:?] {re:mixin,pl:accesstransformer:B,re:mixin,pl:accesstransformer:B,re:mixin,pl:accesstransformer:B,re:classloading,pl:accesstransformer:B,pl:mixin:APP:generator_accelerator.mixins.json:MixinNoiseBasedChunkGenerator$fast_do_fill from mod generator_accelerator,pl:mixin:APP:generator_accelerator.mixins.json:MixinNoiseBasedChunkGenerator$optimize_apply_carvers from mod generator_accelerator,pl:mixin:APP:generator_accelerator.mixins.json:MixinNoiseBasedChunkGenerator$optimize_iterate_noise_column from mod generator_accelerator,pl:mixin:APP:generator_accelerator_density_compiler.mixins.json:NoiseBasedChunkGeneratorMixin from mod generator_accelerator,pl:mixin:APP:bons_and_furious.beardifier.mixins.json:CreateNoiseChunkMixin from mod bons_and_furious,pl:mixin:APP:bons_and_furious.terrain.mixins.json:ColumnHeightShareMixin from mod bons_and_furious,pl:mixin:A}
	at TRANSFORMER/minecraft@1.21.1/net.minecraft.world.level.chunk.ChunkAccess.getOrCreateNoiseChunk(ChunkAccess.java:417) ~[server-1.21.1-20240808.144430-srg.jar%23120!/:?] {re:mixin,re:classloading,pl:mixin:APP:generator_accelerator.mixins.json:accessor.MixinChunkAccessAccessor from mod generator_accelerator,pl:mixin:APP:generator_accelerator_structures.mixins.json:MixinChunkAccess$SynchronizeStructureData from mod generator_accelerator,pl:mixin:APP:generator_accelerator_features.mixins.json:MixinChunkAccess from mod generator_accelerator,pl:mixin:APP:generator_accelerator_features.mixins.json:MixinChunkAccess$fast_block_light_sources from mod generator_accelerator,pl:mixin:A}
	at TRANSFORMER/minecraft@1.21.1/net.minecraft.world.level.levelgen.NoiseBasedChunkGenerator.doCreateBiomes(NoiseBasedChunkGenerator.java:98) ~[server-1.21.1-20240808.144430-srg.jar%23120!/:?] {re:mixin,pl:accesstransformer:B,re:mixin,pl:accesstransformer:B,re:mixin,pl:accesstransformer:B,re:classloading,pl:accesstransformer:B,pl:mixin:APP:generator_accelerator.mixins.json:MixinNoiseBasedChunkGenerator$fast_do_fill from mod generator_accelerator,pl:mixin:APP:generator_accelerator.mixins.json:MixinNoiseBasedChunkGenerator$optimize_apply_carvers from mod generator_accelerator,pl:mixin:APP:generator_accelerator.mixins.json:MixinNoiseBasedChunkGenerator$optimize_iterate_noise_column from mod generator_accelerator,pl:mixin:APP:generator_accelerator_density_compiler.mixins.json:NoiseBasedChunkGeneratorMixin from mod generator_accelerator,pl:mixin:APP:bons_and_furious.beardifier.mixins.json:CreateNoiseChunkMixin from mod bons_and_furious,pl:mixin:APP:bons_and_furious.terrain.mixins.json:ColumnHeightShareMixin from mod bons_and_furious,pl:mixin:A}
	at TRANSFORMER/minecraft@1.21.1/net.minecraft.world.level.levelgen.NoiseBasedChunkGenerator.lambda$createBiomes$5(NoiseBasedChunkGenerator.java:92) ~[server-1.21.1-20240808.144430-srg.jar%23120!/:?] {re:mixin,pl:accesstransformer:B,re:mixin,pl:accesstransformer:B,re:mixin,pl:accesstransformer:B,re:classloading,pl:accesstransformer:B,pl:mixin:APP:generator_accelerator.mixins.json:MixinNoiseBasedChunkGenerator$fast_do_fill from mod generator_accelerator,pl:mixin:APP:generator_accelerator.mixins.json:MixinNoiseBasedChunkGenerator$optimize_apply_carvers from mod generator_accelerator,pl:mixin:APP:generator_accelerator.mixins.json:MixinNoiseBasedChunkGenerator$optimize_iterate_noise_column from mod generator_accelerator,pl:mixin:APP:generator_accelerator_density_compiler.mixins.json:NoiseBasedChunkGeneratorMixin from mod generator_accelerator,pl:mixin:APP:bons_and_furious.beardifier.mixins.json:CreateNoiseChunkMixin from mod bons_and_furious,pl:mixin:APP:bons_and_furious.terrain.mixins.json:ColumnHeightShareMixin from mod bons_and_furious,pl:mixin:A}
	at java.base/java.util.concurrent.CompletableFuture$AsyncSupply.run(CompletableFuture.java:1768) [?:?] {}
	at java.base/java.util.concurrent.CompletableFuture$AsyncSupply.exec(CompletableFuture.java:1760) [?:?] {}
	at java.base/java.util.concurrent.ForkJoinTask.doExec(ForkJoinTask.java:387) [?:?] {}
	at java.base/java.util.concurrent.ForkJoinPool$WorkQueue.topLevelExec(ForkJoinPool.java:1312) [?:?] {}
	at java.base/java.util.concurrent.ForkJoinPool.scan(ForkJoinPool.java:1843) [?:?] {}
	at java.base/java.util.concurrent.ForkJoinPool.runWorker(ForkJoinPool.java:1808) [?:?] {}
	at java.base/java.util.concurrent.ForkJoinWorkerThread.run(ForkJoinWorkerThread.java:188) [?:?] {}
[04:50:49] [Worker-Main-20/FATAL] [mixin/]: Mixin apply for mod bons_and_furious failed bons_and_furious.worldgen_beardifier_bounds.mixins.json:BeardifierBoundsMixin from mod bons_and_furious -> net.minecraft.world.level.levelgen.Beardifier: org.spongepowered.asm.mixin.injection.throwables.InvalidInjectionException @At("FIELD") on net/minecraft/world/level/levelgen/Beardifier::bons$rigids with priority 1000 cannot inject into net/minecraft/world/level/levelgen/Beardifier::compute(Lnet/minecraft/world/level/levelgen/DensityFunction$FunctionContext;)D merged by dev.sixik.generator_accelerator.common.beardifier.mixin.MixinBeardifier with priority 1000 [INJECT_PREPARE Applicator Phase -> bons_and_furious.worldgen_beardifier_bounds.mixins.json:BeardifierBoundsMixin from mod bons_and_furious -> Prepare Injections -> modifyExpressionValue$zgo000$bons_and_furious$bons$rigids(Lit/unimi/dsi/fastutil/objects/ObjectListIterator;III)Lit/unimi/dsi/fastutil/objects/ObjectListIterator; -> Prepare ->  -> { target: compute(Lnet/minecraft/world/level/levelgen/DensityFunction$FunctionContext;)D }]
org.spongepowered.asm.mixin.injection.throwables.InvalidInjectionException: @At("FIELD") on net/minecraft/world/level/levelgen/Beardifier::bons$rigids with priority 1000 cannot inject into net/minecraft/world/level/levelgen/Beardifier::compute(Lnet/minecraft/world/level/levelgen/DensityFunction$FunctionContext;)D merged by dev.sixik.generator_accelerator.common.beardifier.mixin.MixinBeardifier with priority 1000 [INJECT_PREPARE Applicator Phase -> bons_and_furious.worldgen_beardifier_bounds.mixins.json:BeardifierBoundsMixin from mod bons_and_furious -> Prepare Injections -> modifyExpressionValue$zgo000$bons_and_furious$bons$rigids(Lit/unimi/dsi/fastutil/objects/ObjectListIterator;III)Lit/unimi/dsi/fastutil/objects/ObjectListIterator; -> Prepare ->  -> { target: compute(Lnet/minecraft/world/level/levelgen/DensityFunction$FunctionContext;)D }]
	at MC-BOOTSTRAP/org.spongepowered.mixin/org.spongepowered.asm.mixin.injection.code.Injector.findTargetNodes(Injector.java:312) ~[sponge-mixin-0.15.2+mixin.0.8.7.jar%2373!/:0.15.2+mixin.0.8.7] {}
	at MC-BOOTSTRAP/org.spongepowered.mixin/org.spongepowered.asm.mixin.injection.code.Injector.find(Injector.java:248) ~[sponge-mixin-0.15.2+mixin.0.8.7.jar%2373!/:0.15.2+mixin.0.8.7] {}
	at MC-BOOTSTRAP/org.spongepowered.mixin/org.spongepowered.asm.mixin.injection.struct.InjectionInfo.prepare(InjectionInfo.java:475) ~[sponge-mixin-0.15.2+mixin.0.8.7.jar%2373!/:0.15.2+mixin.0.8.7] {}
	at TRANSFORMER/mixinextras.neoforge@0.5.3/com.llamalad7.mixinextras.injector.ModifyExpressionValueInjectionInfo.prepare(ModifyExpressionValueInjectionInfo.java:25) ~[mixinextras-neoforge-0.5.3.jar%23135!/:?] {re:classloading}
	at TRANSFORMER/mixinextras.neoforge@0.5.3/com.llamalad7.mixinextras.wrapper.InjectorWrapperImpl.prepare(InjectorWrapperImpl.java:56) ~[mixinextras-neoforge-0.5.3.jar%23135!/:?] {re:classloading}
	at TRANSFORMER/mixinextras.neoforge@0.5.3/com.llamalad7.mixinextras.sugar.impl.SugarWrapperImpl.prepare(SugarWrapperImpl.java:70) ~[mixinextras-neoforge-0.5.3.jar%23135!/:?] {re:classloading}
	at TRANSFORMER/mixinextras.neoforge@0.5.3/com.llamalad7.mixinextras.wrapper.WrapperInjectionInfo.prepare(WrapperInjectionInfo.java:64) ~[mixinextras-neoforge-0.5.3.jar%23135!/:?] {re:classloading}
	at MC-BOOTSTRAP/org.spongepowered.mixin/org.spongepowered.asm.mixin.transformer.MixinTargetContext.prepareInjections(MixinTargetContext.java:1407) ~[sponge-mixin-0.15.2+mixin.0.8.7.jar%2373!/:0.15.2+mixin.0.8.7] {}
	at MC-BOOTSTRAP/org.spongepowered.mixin/org.spongepowered.asm.mixin.transformer.MixinApplicatorStandard.prepareInjections(MixinApplicatorStandard.java:731) ~[sponge-mixin-0.15.2+mixin.0.8.7.jar%2373!/:0.15.2+mixin.0.8.7] {}
	at MC-BOOTSTRAP/org.spongepowered.mixin/org.spongepowered.asm.mixin.transformer.MixinApplicatorStandard.applyMixin(MixinApplicatorStandard.java:315) ~[sponge-mixin-0.15.2+mixin.0.8.7.jar%2373!/:0.15.2+mixin.0.8.7] {}
	at MC-BOOTSTRAP/org.spongepowered.mixin/org.spongepowered.asm.mixin.transformer.MixinApplicatorStandard.apply(MixinApplicatorStandard.java:246) ~[sponge-mixin-0.15.2+mixin.0.8.7.jar%2373!/:0.15.2+mixin.0.8.7] {}
	at MC-BOOTSTRAP/org.spongepowered.mixin/org.spongepowered.asm.mixin.transformer.TargetClassContext.apply(TargetClassContext.java:437) ~[sponge-mixin-0.15.2+mixin.0.8.7.jar%2373!/:0.15.2+mixin.0.8.7] {}
	at MC-BOOTSTRAP/org.spongepowered.mixin/org.spongepowered.asm.mixin.transformer.TargetClassContext.applyMixins(TargetClassContext.java:418) ~[sponge-mixin-0.15.2+mixin.0.8.7.jar%2373!/:0.15.2+mixin.0.8.7] {}
	at MC-BOOTSTRAP/org.spongepowered.mixin/org.spongepowered.asm.mixin.transformer.MixinProcessor.applyMixins(MixinProcessor.java:363) ~[sponge-mixin-0.15.2+mixin.0.8.7.jar%2373!/:0.15.2+mixin.0.8.7] {}
	at MC-BOOTSTRAP/org.spongepowered.mixin/org.spongepowered.asm.mixin.transformer.MixinTransformer.transformClass(MixinTransformer.java:250) ~[sponge-mixin-0.15.2+mixin.0.8.7.jar%2373!/:0.15.2+mixin.0.8.7] {}
	at MC-BOOTSTRAP/org.spongepowered.mixin/org.spongepowered.asm.service.modlauncher.MixinTransformationHandler.processClass(MixinTransformationHandler.java:131) ~[sponge-mixin-0.15.2+mixin.0.8.7.jar%2373!/:0.15.2+mixin.0.8.7] {}
	at MC-BOOTSTRAP/org.spongepowered.mixin/org.spongepowered.asm.launch.MixinLaunchPluginLegacy.processClass(MixinLaunchPluginLegacy.java:131) ~[sponge-mixin-0.15.2+mixin.0.8.7.jar%2373!/:0.15.2+mixin.0.8.7] {}
	at MC-BOOTSTRAP/cpw.mods.modlauncher@11.0.5/cpw.mods.modlauncher.serviceapi.ILaunchPluginService.processClassWithFlags(ILaunchPluginService.java:156) ~[modlauncher-11.0.5.jar%2364!/:11.0.5+main.901c6ea8] {}
	at MC-BOOTSTRAP/cpw.mods.modlauncher@11.0.5/cpw.mods.modlauncher.LaunchPluginHandler.offerClassNodeToPlugins(LaunchPluginHandler.java:94) ~[modlauncher-11.0.5.jar%2364!/:?] {}
	at MC-BOOTSTRAP/cpw.mods.modlauncher@11.0.5/cpw.mods.modlauncher.ClassTransformer.transform(ClassTransformer.java:120) ~[modlauncher-11.0.5.jar%2364!/:?] {}
	at MC-BOOTSTRAP/cpw.mods.modlauncher@11.0.5/cpw.mods.modlauncher.TransformingClassLoader.maybeTransformClassBytes(TransformingClassLoader.java:57) ~[modlauncher-11.0.5.jar%2364!/:?] {}
	at cpw.mods.securejarhandler/cpw.mods.cl.ModuleClassLoader.readerToClass(ModuleClassLoader.java:190) ~[securejarhandler-3.0.8.jar:?] {}
	at cpw.mods.securejarhandler/cpw.mods.cl.ModuleClassLoader.lambda$findClass$20(ModuleClassLoader.java:298) ~[securejarhandler-3.0.8.jar:?] {}
	at cpw.mods.securejarhandler/cpw.mods.cl.ModuleClassLoader.loadFromModule(ModuleClassLoader.java:311) ~[securejarhandler-3.0.8.jar:?] {}
	at cpw.mods.securejarhandler/cpw.mods.cl.ModuleClassLoader.findClass(ModuleClassLoader.java:298) ~[securejarhandler-3.0.8.jar:?] {}
	at cpw.mods.securejarhandler/cpw.mods.cl.ModuleClassLoader.loadClass(ModuleClassLoader.java:214) ~[securejarhandler-3.0.8.jar:?] {}
	at java.base/java.lang.ClassLoader.loadClass(ClassLoader.java:526) ~[?:?] {}
	at TRANSFORMER/minecraft@1.21.1/net.minecraft.world.level.levelgen.NoiseBasedChunkGenerator.createNoiseChunk(NoiseBasedChunkGenerator.java:106) ~[server-1.21.1-20240808.144430-srg.jar%23120!/:?] {re:mixin,pl:accesstransformer:B,re:mixin,pl:accesstransformer:B,re:mixin,pl:accesstransformer:B,re:classloading,pl:accesstransformer:B,pl:mixin:APP:generator_accelerator.mixins.json:MixinNoiseBasedChunkGenerator$fast_do_fill from mod generator_accelerator,pl:mixin:APP:generator_accelerator.mixins.json:MixinNoiseBasedChunkGenerator$optimize_apply_carvers from mod generator_accelerator,pl:mixin:APP:generator_accelerator.mixins.json:MixinNoiseBasedChunkGenerator$optimize_iterate_noise_column from mod generator_accelerator,pl:mixin:APP:generator_accelerator_density_compiler.mixins.json:NoiseBasedChunkGeneratorMixin from mod generator_accelerator,pl:mixin:APP:bons_and_furious.beardifier.mixins.json:CreateNoiseChunkMixin from mod bons_and_furious,pl:mixin:APP:bons_and_furious.terrain.mixins.json:ColumnHeightShareMixin from mod bons_and_furious,pl:mixin:A}
	at TRANSFORMER/minecraft@1.21.1/net.minecraft.world.level.levelgen.NoiseBasedChunkGenerator.lambda$doCreateBiomes$6(NoiseBasedChunkGenerator.java:98) ~[server-1.21.1-20240808.144430-srg.jar%23120!/:?] {re:mixin,pl:accesstransformer:B,re:mixin,pl:accesstransformer:B,re:mixin,pl:accesstransformer:B,re:classloading,pl:accesstransformer:B,pl:mixin:APP:generator_accelerator.mixins.json:MixinNoiseBasedChunkGenerator$fast_do_fill from mod generator_accelerator,pl:mixin:APP:generator_accelerator.mixins.json:MixinNoiseBasedChunkGenerator$optimize_apply_carvers from mod generator_accelerator,pl:mixin:APP:generator_accelerator.mixins.json:MixinNoiseBasedChunkGenerator$optimize_iterate_noise_column from mod generator_accelerator,pl:mixin:APP:generator_accelerator_density_compiler.mixins.json:NoiseBasedChunkGeneratorMixin from mod generator_accelerator,pl:mixin:APP:bons_and_furious.beardifier.mixins.json:CreateNoiseChunkMixin from mod bons_and_furious,pl:mixin:APP:bons_and_furious.terrain.mixins.json:ColumnHeightShareMixin from mod bons_and_furious,pl:mixin:A}
	at TRANSFORMER/minecraft@1.21.1/net.minecraft.world.level.chunk.ChunkAccess.getOrCreateNoiseChunk(ChunkAccess.java:417) ~[server-1.21.1-20240808.144430-srg.jar%23120!/:?] {re:mixin,re:classloading,pl:mixin:APP:generator_accelerator.mixins.json:accessor.MixinChunkAccessAccessor from mod generator_accelerator,pl:mixin:APP:generator_accelerator_structures.mixins.json:MixinChunkAccess$SynchronizeStructureData from mod generator_accelerator,pl:mixin:APP:generator_accelerator_features.mixins.json:MixinChunkAccess from mod generator_accelerator,pl:mixin:APP:generator_accelerator_features.mixins.json:MixinChunkAccess$fast_block_light_sources from mod generator_accelerator,pl:mixin:A}
	at TRANSFORMER/minecraft@1.21.1/net.minecraft.world.level.levelgen.NoiseBasedChunkGenerator.doCreateBiomes(NoiseBasedChunkGenerator.java:98) ~[server-1.21.1-20240808.144430-srg.jar%23120!/:?] {re:mixin,pl:accesstransformer:B,re:mixin,pl:accesstransformer:B,re:mixin,pl:accesstransformer:B,re:classloading,pl:accesstransformer:B,pl:mixin:APP:generator_accelerator.mixins.json:MixinNoiseBasedChunkGenerator$fast_do_fill from mod generator_accelerator,pl:mixin:APP:generator_accelerator.mixins.json:MixinNoiseBasedChunkGenerator$optimize_apply_carvers from mod generator_accelerator,pl:mixin:APP:generator_accelerator.mixins.json:MixinNoiseBasedChunkGenerator$optimize_iterate_noise_column from mod generator_accelerator,pl:mixin:APP:generator_accelerator_density_compiler.mixins.json:NoiseBasedChunkGeneratorMixin from mod generator_accelerator,pl:mixin:APP:bons_and_furious.beardifier.mixins.json:CreateNoiseChunkMixin from mod bons_and_furious,pl:mixin:APP:bons_and_furious.terrain.mixins.json:ColumnHeightShareMixin from mod bons_and_furious,pl:mixin:A}
	at TRANSFORMER/minecraft@1.21.1/net.minecraft.world.level.levelgen.NoiseBasedChunkGenerator.lambda$createBiomes$5(NoiseBasedChunkGenerator.java:92) ~[server-1.21.1-20240808.144430-srg.jar%23120!/:?] {re:mixin,pl:accesstransformer:B,re:mixin,pl:accesstransformer:B,re:mixin,pl:accesstransformer:B,re:classloading,pl:accesstransformer:B,pl:mixin:APP:generator_accelerator.mixins.json:MixinNoiseBasedChunkGenerator$fast_do_fill from mod generator_accelerator,pl:mixin:APP:generator_accelerator.mixins.json:MixinNoiseBasedChunkGenerator$optimize_apply_carvers from mod generator_accelerator,pl:mixin:APP:generator_accelerator.mixins.json:MixinNoiseBasedChunkGenerator$optimize_iterate_noise_column from mod generator_accelerator,pl:mixin:APP:generator_accelerator_density_compiler.mixins.json:NoiseBasedChunkGeneratorMixin from mod generator_accelerator,pl:mixin:APP:bons_and_furious.beardifier.mixins.json:CreateNoiseChunkMixin from mod bons_and_furious,pl:mixin:APP:bons_and_furious.terrain.mixins.json:ColumnHeightShareMixin from mod bons_and_furious,pl:mixin:A}
	at java.base/java.util.concurrent.CompletableFuture$AsyncSupply.run(CompletableFuture.java:1768) [?:?] {}
	at java.base/java.util.concurrent.CompletableFuture$AsyncSupply.exec(CompletableFuture.java:1760) [?:?] {}
	at java.base/java.util.concurrent.ForkJoinTask.doExec(ForkJoinTask.java:387) [?:?] {}
	at java.base/java.util.concurrent.ForkJoinPool$WorkQueue.topLevelExec(ForkJoinPool.java:1312) [?:?] {}
	at java.base/java.util.concurrent.ForkJoinPool.scan(ForkJoinPool.java:1843) [?:?] {}
	at java.base/java.util.concurrent.ForkJoinPool.runWorker(ForkJoinPool.java:1808) [?:?] {}
	at java.base/java.util.concurrent.ForkJoinWorkerThread.run(ForkJoinWorkerThread.java:188) [?:?] {}
[04:50:49] [Worker-Main-6/FATAL] [mixin/]: Mixin apply for mod bons_and_furious failed bons_and_furious.worldgen_beardifier_bounds.mixins.json:BeardifierBoundsMixin from mod bons_and_furious -> net.minecraft.world.level.levelgen.Beardifier: org.spongepowered.asm.mixin.injection.throwables.InvalidInjectionException @At("FIELD") on net/minecraft/world/level/levelgen/Beardifier::bons$rigids with priority 1000 cannot inject into net/minecraft/world/level/levelgen/Beardifier::compute(Lnet/minecraft/world/level/levelgen/DensityFunction$FunctionContext;)D merged by dev.sixik.generator_accelerator.common.beardifier.mixin.MixinBeardifier with priority 1000 [INJECT_PREPARE Applicator Phase -> bons_and_furious.worldgen_beardifier_bounds.mixins.json:BeardifierBoundsMixin from mod bons_and_furious -> Prepare Injections -> modifyExpressionValue$zgo000$bons_and_furious$bons$rigids(Lit/unimi/dsi/fastutil/objects/ObjectListIterator;III)Lit/unimi/dsi/fastutil/objects/ObjectListIterator; -> Prepare ->  -> { target: compute(Lnet/minecraft/world/level/levelgen/DensityFunction$FunctionContext;)D }]
org.spongepowered.asm.mixin.injection.throwables.InvalidInjectionException: @At("FIELD") on net/minecraft/world/level/levelgen/Beardifier::bons$rigids with priority 1000 cannot inject into net/minecraft/world/level/levelgen/Beardifier::compute(Lnet/minecraft/world/level/levelgen/DensityFunction$FunctionContext;)D merged by dev.sixik.generator_accelerator.common.beardifier.mixin.MixinBeardifier with priority 1000 [INJECT_PREPARE Applicator Phase -> bons_and_furious.worldgen_beardifier_bounds.mixins.json:BeardifierBoundsMixin from mod bons_and_furious -> Prepare Injections -> modifyExpressionValue$zgo000$bons_and_furious$bons$rigids(Lit/unimi/dsi/fastutil/objects/ObjectListIterator;III)Lit/unimi/dsi/fastutil/objects/ObjectListIterator; -> Prepare ->  -> { target: compute(Lnet/minecraft/world/level/levelgen/DensityFunction$FunctionContext;)D }]
	at MC-BOOTSTRAP/org.spongepowered.mixin/org.spongepowered.asm.mixin.injection.code.Injector.findTargetNodes(Injector.java:312) ~[sponge-mixin-0.15.2+mixin.0.8.7.jar%2373!/:0.15.2+mixin.0.8.7] {}
	at MC-BOOTSTRAP/org.spongepowered.mixin/org.spongepowered.asm.mixin.injection.code.Injector.find(Injector.java:248) ~[sponge-mixin-0.15.2+mixin.0.8.7.jar%2373!/:0.15.2+mixin.0.8.7] {}
	at MC-BOOTSTRAP/org.spongepowered.mixin/org.spongepowered.asm.mixin.injection.struct.InjectionInfo.prepare(InjectionInfo.java:475) ~[sponge-mixin-0.15.2+mixin.0.8.7.jar%2373!/:0.15.2+mixin.0.8.7] {}
	at TRANSFORMER/mixinextras.neoforge@0.5.3/com.llamalad7.mixinextras.injector.ModifyExpressionValueInjectionInfo.prepare(ModifyExpressionValueInjectionInfo.java:25) ~[mixinextras-neoforge-0.5.3.jar%23135!/:?] {re:classloading}
	at TRANSFORMER/mixinextras.neoforge@0.5.3/com.llamalad7.mixinextras.wrapper.InjectorWrapperImpl.prepare(InjectorWrapperImpl.java:56) ~[mixinextras-neoforge-0.5.3.jar%23135!/:?] {re:classloading}
	at TRANSFORMER/mixinextras.neoforge@0.5.3/com.llamalad7.mixinextras.sugar.impl.SugarWrapperImpl.prepare(SugarWrapperImpl.java:70) ~[mixinextras-neoforge-0.5.3.jar%23135!/:?] {re:classloading}
	at TRANSFORMER/mixinextras.neoforge@0.5.3/com.llamalad7.mixinextras.wrapper.WrapperInjectionInfo.prepare(WrapperInjectionInfo.java:64) ~[mixinextras-neoforge-0.5.3.jar%23135!/:?] {re:classloading}
	at MC-BOOTSTRAP/org.spongepowered.mixin/org.spongepowered.asm.mixin.transformer.MixinTargetContext.prepareInjections(MixinTargetContext.java:1407) ~[sponge-mixin-0.15.2+mixin.0.8.7.jar%2373!/:0.15.2+mixin.0.8.7] {}
	at MC-BOOTSTRAP/org.spongepowered.mixin/org.spongepowered.asm.mixin.transformer.MixinApplicatorStandard.prepareInjections(MixinApplicatorStandard.java:731) ~[sponge-mixin-0.15.2+mixin.0.8.7.jar%2373!/:0.15.2+mixin.0.8.7] {}
	at MC-BOOTSTRAP/org.spongepowered.mixin/org.spongepowered.asm.mixin.transformer.MixinApplicatorStandard.applyMixin(MixinApplicatorStandard.java:315) ~[sponge-mixin-0.15.2+mixin.0.8.7.jar%2373!/:0.15.2+mixin.0.8.7] {}
	at MC-BOOTSTRAP/org.spongepowered.mixin/org.spongepowered.asm.mixin.transformer.MixinApplicatorStandard.apply(MixinApplicatorStandard.java:246) ~[sponge-mixin-0.15.2+mixin.0.8.7.jar%2373!/:0.15.2+mixin.0.8.7] {}
	at MC-BOOTSTRAP/org.spongepowered.mixin/org.spongepowered.asm.mixin.transformer.TargetClassContext.apply(TargetClassContext.java:437) ~[sponge-mixin-0.15.2+mixin.0.8.7.jar%2373!/:0.15.2+mixin.0.8.7] {}
	at MC-BOOTSTRAP/org.spongepowered.mixin/org.spongepowered.asm.mixin.transformer.TargetClassContext.applyMixins(TargetClassContext.java:418) ~[sponge-mixin-0.15.2+mixin.0.8.7.jar%2373!/:0.15.2+mixin.0.8.7] {}
	at MC-BOOTSTRAP/org.spongepowered.mixin/org.spongepowered.asm.mixin.transformer.MixinProcessor.applyMixins(MixinProcessor.java:363) ~[sponge-mixin-0.15.2+mixin.0.8.7.jar%2373!/:0.15.2+mixin.0.8.7] {}
	at MC-BOOTSTRAP/org.spongepowered.mixin/org.spongepowered.asm.mixin.transformer.MixinTransformer.transformClass(MixinTransformer.java:250) ~[sponge-mixin-0.15.2+mixin.0.8.7.jar%2373!/:0.15.2+mixin.0.8.7] {}
	at MC-BOOTSTRAP/org.spongepowered.mixin/org.spongepowered.asm.service.modlauncher.MixinTransformationHandler.processClass(MixinTransformationHandler.java:131) ~[sponge-mixin-0.15.2+mixin.0.8.7.jar%2373!/:0.15.2+mixin.0.8.7] {}
	at MC-BOOTSTRAP/org.spongepowered.mixin/org.spongepowered.asm.launch.MixinLaunchPluginLegacy.processClass(MixinLaunchPluginLegacy.java:131) ~[sponge-mixin-0.15.2+mixin.0.8.7.jar%2373!/:0.15.2+mixin.0.8.7] {}
	at MC-BOOTSTRAP/cpw.mods.modlauncher@11.0.5/cpw.mods.modlauncher.serviceapi.ILaunchPluginService.processClassWithFlags(ILaunchPluginService.java:156) ~[modlauncher-11.0.5.jar%2364!/:11.0.5+main.901c6ea8] {}
	at MC-BOOTSTRAP/cpw.mods.modlauncher@11.0.5/cpw.mods.modlauncher.LaunchPluginHandler.offerClassNodeToPlugins(LaunchPluginHandler.java:94) ~[modlauncher-11.0.5.jar%2364!/:?] {}
	at MC-BOOTSTRAP/cpw.mods.modlauncher@11.0.5/cpw.mods.modlauncher.ClassTransformer.transform(ClassTransformer.java:120) ~[modlauncher-11.0.5.jar%2364!/:?] {}
	at MC-BOOTSTRAP/cpw.mods.modlauncher@11.0.5/cpw.mods.modlauncher.TransformingClassLoader.maybeTransformClassBytes(TransformingClassLoader.java:57) ~[modlauncher-11.0.5.jar%2364!/:?] {}
	at cpw.mods.securejarhandler/cpw.mods.cl.ModuleClassLoader.readerToClass(ModuleClassLoader.java:190) ~[securejarhandler-3.0.8.jar:?] {}
	at cpw.mods.securejarhandler/cpw.mods.cl.ModuleClassLoader.lambda$findClass$20(ModuleClassLoader.java:298) ~[securejarhandler-3.0.8.jar:?] {}
	at cpw.mods.securejarhandler/cpw.mods.cl.ModuleClassLoader.loadFromModule(ModuleClassLoader.java:311) ~[securejarhandler-3.0.8.jar:?] {}
	at cpw.mods.securejarhandler/cpw.mods.cl.ModuleClassLoader.findClass(ModuleClassLoader.java:298) ~[securejarhandler-3.0.8.jar:?] {}
	at cpw.mods.securejarhandler/cpw.mods.cl.ModuleClassLoader.loadClass(ModuleClassLoader.java:214) ~[securejarhandler-3.0.8.jar:?] {}
	at java.base/java.lang.ClassLoader.loadClass(ClassLoader.java:526) ~[?:?] {}
	at TRANSFORMER/minecraft@1.21.1/net.minecraft.world.level.levelgen.NoiseBasedChunkGenerator.createNoiseChunk(NoiseBasedChunkGenerator.java:106) ~[server-1.21.1-20240808.144430-srg.jar%23120!/:?] {re:mixin,pl:accesstransformer:B,re:mixin,pl:accesstransformer:B,re:mixin,pl:accesstransformer:B,re:classloading,pl:accesstransformer:B,pl:mixin:APP:generator_accelerator.mixins.json:MixinNoiseBasedChunkGenerator$fast_do_fill from mod generator_accelerator,pl:mixin:APP:generator_accelerator.mixins.json:MixinNoiseBasedChunkGenerator$optimize_apply_carvers from mod generator_accelerator,pl:mixin:APP:generator_accelerator.mixins.json:MixinNoiseBasedChunkGenerator$optimize_iterate_noise_column from mod generator_accelerator,pl:mixin:APP:generator_accelerator_density_compiler.mixins.json:NoiseBasedChunkGeneratorMixin from mod generator_accelerator,pl:mixin:APP:bons_and_furious.beardifier.mixins.json:CreateNoiseChunkMixin from mod bons_and_furious,pl:mixin:APP:bons_and_furious.terrain.mixins.json:ColumnHeightShareMixin from mod bons_and_furious,pl:mixin:A}
	at TRANSFORMER/minecraft@1.21.1/net.minecraft.world.level.levelgen.NoiseBasedChunkGenerator.lambda$doCreateBiomes$6(NoiseBasedChunkGenerator.java:98) ~[server-1.21.1-20240808.144430-srg.jar%23120!/:?] {re:mixin,pl:accesstransformer:B,re:mixin,pl:accesstransformer:B,re:mixin,pl:accesstransformer:B,re:classloading,pl:accesstransformer:B,pl:mixin:APP:generator_accelerator.mixins.json:MixinNoiseBasedChunkGenerator$fast_do_fill from mod generator_accelerator,pl:mixin:APP:generator_accelerator.mixins.json:MixinNoiseBasedChunkGenerator$optimize_apply_carvers from mod generator_accelerator,pl:mixin:APP:generator_accelerator.mixins.json:MixinNoiseBasedChunkGenerator$optimize_iterate_noise_column from mod generator_accelerator,pl:mixin:APP:generator_accelerator_density_compiler.mixins.json:NoiseBasedChunkGeneratorMixin from mod generator_accelerator,pl:mixin:APP:bons_and_furious.beardifier.mixins.json:CreateNoiseChunkMixin from mod bons_and_furious,pl:mixin:APP:bons_and_furious.terrain.mixins.json:ColumnHeightShareMixin from mod bons_and_furious,pl:mixin:A}
	at TRANSFORMER/minecraft@1.21.1/net.minecraft.world.level.chunk.ChunkAccess.getOrCreateNoiseChunk(ChunkAccess.java:417) ~[server-1.21.1-20240808.144430-srg.jar%23120!/:?] {re:mixin,re:classloading,pl:mixin:APP:generator_accelerator.mixins.json:accessor.MixinChunkAccessAccessor from mod generator_accelerator,pl:mixin:APP:generator_accelerator_structures.mixins.json:MixinChunkAccess$SynchronizeStructureData from mod generator_accelerator,pl:mixin:APP:generator_accelerator_features.mixins.json:MixinChunkAccess from mod generator_accelerator,pl:mixin:APP:generator_accelerator_features.mixins.json:MixinChunkAccess$fast_block_light_sources from mod generator_accelerator,pl:mixin:A}
	at TRANSFORMER/minecraft@1.21.1/net.minecraft.world.level.levelgen.NoiseBasedChunkGenerator.doCreateBiomes(NoiseBasedChunkGenerator.java:98) ~[server-1.21.1-20240808.144430-srg.jar%23120!/:?] {re:mixin,pl:accesstransformer:B,re:mixin,pl:accesstransformer:B,re:mixin,pl:accesstransformer:B,re:classloading,pl:accesstransformer:B,pl:mixin:APP:generator_accelerator.mixins.json:MixinNoiseBasedChunkGenerator$fast_do_fill from mod generator_accelerator,pl:mixin:APP:generator_accelerator.mixins.json:MixinNoiseBasedChunkGenerator$optimize_apply_carvers from mod generator_accelerator,pl:mixin:APP:generator_accelerator.mixins.json:MixinNoiseBasedChunkGenerator$optimize_iterate_noise_column from mod generator_accelerator,pl:mixin:APP:generator_accelerator_density_compiler.mixins.json:NoiseBasedChunkGeneratorMixin from mod generator_accelerator,pl:mixin:APP:bons_and_furious.beardifier.mixins.json:CreateNoiseChunkMixin from mod bons_and_furious,pl:mixin:APP:bons_and_furious.terrain.mixins.json:ColumnHeightShareMixin from mod bons_and_furious,pl:mixin:A}
	at TRANSFORMER/minecraft@1.21.1/net.minecraft.world.level.levelgen.NoiseBasedChunkGenerator.lambda$createBiomes$5(NoiseBasedChunkGenerator.java:92) ~[server-1.21.1-20240808.144430-srg.jar%23120!/:?] {re:mixin,pl:accesstransformer:B,re:mixin,pl:accesstransformer:B,re:mixin,pl:accesstransformer:B,re:classloading,pl:accesstransformer:B,pl:mixin:APP:generator_accelerator.mixins.json:MixinNoiseBasedChunkGenerator$fast_do_fill from mod generator_accelerator,pl:mixin:APP:generator_accelerator.mixins.json:MixinNoiseBasedChunkGenerator$optimize_apply_carvers from mod generator_accelerator,pl:mixin:APP:generator_accelerator.mixins.json:MixinNoiseBasedChunkGenerator$optimize_iterate_noise_column from mod generator_accelerator,pl:mixin:APP:generator_accelerator_density_compiler.mixins.json:NoiseBasedChunkGeneratorMixin from mod generator_accelerator,pl:mixin:APP:bons_and_furious.beardifier.mixins.json:CreateNoiseChunkMixin from mod bons_and_furious,pl:mixin:APP:bons_and_furious.terrain.mixins.json:ColumnHeightShareMixin from mod bons_and_furious,pl:mixin:A}
	at java.base/java.util.concurrent.CompletableFuture$AsyncSupply.run(CompletableFuture.java:1768) [?:?] {}
	at java.base/java.util.concurrent.CompletableFuture$AsyncSupply.exec(CompletableFuture.java:1760) [?:?] {}
	at java.base/java.util.concurrent.ForkJoinTask.doExec(ForkJoinTask.java:387) [?:?] {}
	at java.base/java.util.concurrent.ForkJoinPool$WorkQueue.topLevelExec(ForkJoinPool.java:1312) [?:?] {}
	at java.base/java.util.concurrent.ForkJoinPool.scan(ForkJoinPool.java:1843) [?:?] {}
	at java.base/java.util.concurrent.ForkJoinPool.runWorker(ForkJoinPool.java:1808) [?:?] {}
	at java.base/java.util.concurrent.ForkJoinWorkerThread.run(ForkJoinWorkerThread.java:188) [?:?] {}
[04:50:49] [Worker-Main-1/FATAL] [mixin/]: Mixin apply for mod bons_and_furious failed bons_and_furious.worldgen_beardifier_bounds.mixins.json:BeardifierBoundsMixin from mod bons_and_furious -> net.minecraft.world.level.levelgen.Beardifier: org.spongepowered.asm.mixin.injection.throwables.InvalidInjectionException @At("FIELD") on net/minecraft/world/level/levelgen/Beardifier::bons$rigids with priority 1000 cannot inject into net/minecraft/world/level/levelgen/Beardifier::compute(Lnet/minecraft/world/level/levelgen/DensityFunction$FunctionContext;)D merged by dev.sixik.generator_accelerator.common.beardifier.mixin.MixinBeardifier with priority 1000 [INJECT_PREPARE Applicator Phase -> bons_and_furious.worldgen_beardifier_bounds.mixins.json:BeardifierBoundsMixin from mod bons_and_furious -> Prepare Injections -> modifyExpressionValue$zgo000$bons_and_furious$bons$rigids(Lit/unimi/dsi/fastutil/objects/ObjectListIterator;III)Lit/unimi/dsi/fastutil/objects/ObjectListIterator; -> Prepare ->  -> { target: compute(Lnet/minecraft/world/level/levelgen/DensityFunction$FunctionContext;)D }]
org.spongepowered.asm.mixin.injection.throwables.InvalidInjectionException: @At("FIELD") on net/minecraft/world/level/levelgen/Beardifier::bons$rigids with priority 1000 cannot inject into net/minecraft/world/level/levelgen/Beardifier::compute(Lnet/minecraft/world/level/levelgen/DensityFunction$FunctionContext;)D merged by dev.sixik.generator_accelerator.common.beardifier.mixin.MixinBeardifier with priority 1000 [INJECT_PREPARE Applicator Phase -> bons_and_furious.worldgen_beardifier_bounds.mixins.json:BeardifierBoundsMixin from mod bons_and_furious -> Prepare Injections -> modifyExpressionValue$zgo000$bons_and_furious$bons$rigids(Lit/unimi/dsi/fastutil/objects/ObjectListIterator;III)Lit/unimi/dsi/fastutil/objects/ObjectListIterator; -> Prepare ->  -> { target: compute(Lnet/minecraft/world/level/levelgen/DensityFunction$FunctionContext;)D }]
	at MC-BOOTSTRAP/org.spongepowered.mixin/org.spongepowered.asm.mixin.injection.code.Injector.findTargetNodes(Injector.java:312) ~[sponge-mixin-0.15.2+mixin.0.8.7.jar%2373!/:0.15.2+mixin.0.8.7] {}
	at MC-BOOTSTRAP/org.spongepowered.mixin/org.spongepowered.asm.mixin.injection.code.Injector.find(Injector.java:248) ~[sponge-mixin-0.15.2+mixin.0.8.7.jar%2373!/:0.15.2+mixin.0.8.7] {}
	at MC-BOOTSTRAP/org.spongepowered.mixin/org.spongepowered.asm.mixin.injection.struct.InjectionInfo.prepare(InjectionInfo.java:475) ~[sponge-mixin-0.15.2+mixin.0.8.7.jar%2373!/:0.15.2+mixin.0.8.7] {}
	at TRANSFORMER/mixinextras.neoforge@0.5.3/com.llamalad7.mixinextras.injector.ModifyExpressionValueInjectionInfo.prepare(ModifyExpressionValueInjectionInfo.java:25) ~[mixinextras-neoforge-0.5.3.jar%23135!/:?] {re:classloading}
	at TRANSFORMER/mixinextras.neoforge@0.5.3/com.llamalad7.mixinextras.wrapper.InjectorWrapperImpl.prepare(InjectorWrapperImpl.java:56) ~[mixinextras-neoforge-0.5.3.jar%23135!/:?] {re:classloading}
	at TRANSFORMER/mixinextras.neoforge@0.5.3/com.llamalad7.mixinextras.sugar.impl.SugarWrapperImpl.prepare(SugarWrapperImpl.java:70) ~[mixinextras-neoforge-0.5.3.jar%23135!/:?] {re:classloading}
	at TRANSFORMER/mixinextras.neoforge@0.5.3/com.llamalad7.mixinextras.wrapper.WrapperInjectionInfo.prepare(WrapperInjectionInfo.java:64) ~[mixinextras-neoforge-0.5.3.jar%23135!/:?] {re:classloading}
	at MC-BOOTSTRAP/org.spongepowered.mixin/org.spongepowered.asm.mixin.transformer.MixinTargetContext.prepareInjections(MixinTargetContext.java:1407) ~[sponge-mixin-0.15.2+mixin.0.8.7.jar%2373!/:0.15.2+mixin.0.8.7] {}
	at MC-BOOTSTRAP/org.spongepowered.mixin/org.spongepowered.asm.mixin.transformer.MixinApplicatorStandard.prepareInjections(MixinApplicatorStandard.java:731) ~[sponge-mixin-0.15.2+mixin.0.8.7.jar%2373!/:0.15.2+mixin.0.8.7] {}
	at MC-BOOTSTRAP/org.spongepowered.mixin/org.spongepowered.asm.mixin.transformer.MixinApplicatorStandard.applyMixin(MixinApplicatorStandard.java:315) ~[sponge-mixin-0.15.2+mixin.0.8.7.jar%2373!/:0.15.2+mixin.0.8.7] {}
	at MC-BOOTSTRAP/org.spongepowered.mixin/org.spongepowered.asm.mixin.transformer.MixinApplicatorStandard.apply(MixinApplicatorStandard.java:246) ~[sponge-mixin-0.15.2+mixin.0.8.7.jar%2373!/:0.15.2+mixin.0.8.7] {}
	at MC-BOOTSTRAP/org.spongepowered.mixin/org.spongepowered.asm.mixin.transformer.TargetClassContext.apply(TargetClassContext.java:437) ~[sponge-mixin-0.15.2+mixin.0.8.7.jar%2373!/:0.15.2+mixin.0.8.7] {}
	at MC-BOOTSTRAP/org.spongepowered.mixin/org.spongepowered.asm.mixin.transformer.TargetClassContext.applyMixins(TargetClassContext.java:418) ~[sponge-mixin-0.15.2+mixin.0.8.7.jar%2373!/:0.15.2+mixin.0.8.7] {}
	at MC-BOOTSTRAP/org.spongepowered.mixin/org.spongepowered.asm.mixin.transformer.MixinProcessor.applyMixins(MixinProcessor.java:363) ~[sponge-mixin-0.15.2+mixin.0.8.7.jar%2373!/:0.15.2+mixin.0.8.7] {}
	at MC-BOOTSTRAP/org.spongepowered.mixin/org.spongepowered.asm.mixin.transformer.MixinTransformer.transformClass(MixinTransformer.java:250) ~[sponge-mixin-0.15.2+mixin.0.8.7.jar%2373!/:0.15.2+mixin.0.8.7] {}
	at MC-BOOTSTRAP/org.spongepowered.mixin/org.spongepowered.asm.service.modlauncher.MixinTransformationHandler.processClass(MixinTransformationHandler.java:131) ~[sponge-mixin-0.15.2+mixin.0.8.7.jar%2373!/:0.15.2+mixin.0.8.7] {}
	at MC-BOOTSTRAP/org.spongepowered.mixin/org.spongepowered.asm.launch.MixinLaunchPluginLegacy.processClass(MixinLaunchPluginLegacy.java:131) ~[sponge-mixin-0.15.2+mixin.0.8.7.jar%2373!/:0.15.2+mixin.0.8.7] {}
	at MC-BOOTSTRAP/cpw.mods.modlauncher@11.0.5/cpw.mods.modlauncher.serviceapi.ILaunchPluginService.processClassWithFlags(ILaunchPluginService.java:156) ~[modlauncher-11.0.5.jar%2364!/:11.0.5+main.901c6ea8] {}
	at MC-BOOTSTRAP/cpw.mods.modlauncher@11.0.5/cpw.mods.modlauncher.LaunchPluginHandler.offerClassNodeToPlugins(LaunchPluginHandler.java:94) ~[modlauncher-11.0.5.jar%2364!/:?] {}
	at MC-BOOTSTRAP/cpw.mods.modlauncher@11.0.5/cpw.mods.modlauncher.ClassTransformer.transform(ClassTransformer.java:120) ~[modlauncher-11.0.5.jar%2364!/:?] {}
	at MC-BOOTSTRAP/cpw.mods.modlauncher@11.0.5/cpw.mods.modlauncher.TransformingClassLoader.maybeTransformClassBytes(TransformingClassLoader.java:57) ~[modlauncher-11.0.5.jar%2364!/:?] {}
	at cpw.mods.securejarhandler/cpw.mods.cl.ModuleClassLoader.readerToClass(ModuleClassLoader.java:190) ~[securejarhandler-3.0.8.jar:?] {}
	at cpw.mods.securejarhandler/cpw.mods.cl.ModuleClassLoader.lambda$findClass$20(ModuleClassLoader.java:298) ~[securejarhandler-3.0.8.jar:?] {}
	at cpw.mods.securejarhandler/cpw.mods.cl.ModuleClassLoader.loadFromModule(ModuleClassLoader.java:311) ~[securejarhandler-3.0.8.jar:?] {}
	at cpw.mods.securejarhandler/cpw.mods.cl.ModuleClassLoader.findClass(ModuleClassLoader.java:298) ~[securejarhandler-3.0.8.jar:?] {}
	at cpw.mods.securejarhandler/cpw.mods.cl.ModuleClassLoader.loadClass(ModuleClassLoader.java:214) ~[securejarhandler-3.0.8.jar:?] {}
	at java.base/java.lang.ClassLoader.loadClass(ClassLoader.java:526) ~[?:?] {}
	at TRANSFORMER/minecraft@1.21.1/net.minecraft.world.level.levelgen.NoiseBasedChunkGenerator.createNoiseChunk(NoiseBasedChunkGenerator.java:106) ~[server-1.21.1-20240808.144430-srg.jar%23120!/:?] {re:mixin,pl:accesstransformer:B,re:mixin,pl:accesstransformer:B,re:mixin,pl:accesstransformer:B,re:classloading,pl:accesstransformer:B,pl:mixin:APP:generator_accelerator.mixins.json:MixinNoiseBasedChunkGenerator$fast_do_fill from mod generator_accelerator,pl:mixin:APP:generator_accelerator.mixins.json:MixinNoiseBasedChunkGenerator$optimize_apply_carvers from mod generator_accelerator,pl:mixin:APP:generator_accelerator.mixins.json:MixinNoiseBasedChunkGenerator$optimize_iterate_noise_column from mod generator_accelerator,pl:mixin:APP:generator_accelerator_density_compiler.mixins.json:NoiseBasedChunkGeneratorMixin from mod generator_accelerator,pl:mixin:APP:bons_and_furious.beardifier.mixins.json:CreateNoiseChunkMixin from mod bons_and_furious,pl:mixin:APP:bons_and_furious.terrain.mixins.json:ColumnHeightShareMixin from mod bons_and_furious,pl:mixin:A}
	at TRANSFORMER/minecraft@1.21.1/net.minecraft.world.level.levelgen.NoiseBasedChunkGenerator.lambda$doCreateBiomes$6(NoiseBasedChunkGenerator.java:98) ~[server-1.21.1-20240808.144430-srg.jar%23120!/:?] {re:mixin,pl:accesstransformer:B,re:mixin,pl:accesstransformer:B,re:mixin,pl:accesstransformer:B,re:classloading,pl:accesstransformer:B,pl:mixin:APP:generator_accelerator.mixins.json:MixinNoiseBasedChunkGenerator$fast_do_fill from mod generator_accelerator,pl:mixin:APP:generator_accelerator.mixins.json:MixinNoiseBasedChunkGenerator$optimize_apply_carvers from mod generator_accelerator,pl:mixin:APP:generator_accelerator.mixins.json:MixinNoiseBasedChunkGenerator$optimize_iterate_noise_column from mod generator_accelerator,pl:mixin:APP:generator_accelerator_density_compiler.mixins.json:NoiseBasedChunkGeneratorMixin from mod generator_accelerator,pl:mixin:APP:bons_and_furious.beardifier.mixins.json:CreateNoiseChunkMixin from mod bons_and_furious,pl:mixin:APP:bons_and_furious.terrain.mixins.json:ColumnHeightShareMixin from mod bons_and_furious,pl:mixin:A}
	at TRANSFORMER/minecraft@1.21.1/net.minecraft.world.level.chunk.ChunkAccess.getOrCreateNoiseChunk(ChunkAccess.java:417) ~[server-1.21.1-20240808.144430-srg.jar%23120!/:?] {re:mixin,re:classloading,pl:mixin:APP:generator_accelerator.mixins.json:accessor.MixinChunkAccessAccessor from mod generator_accelerator,pl:mixin:APP:generator_accelerator_structures.mixins.json:MixinChunkAccess$SynchronizeStructureData from mod generator_accelerator,pl:mixin:APP:generator_accelerator_features.mixins.json:MixinChunkAccess from mod generator_accelerator,pl:mixin:APP:generator_accelerator_features.mixins.json:MixinChunkAccess$fast_block_light_sources from mod generator_accelerator,pl:mixin:A}
	at TRANSFORMER/minecraft@1.21.1/net.minecraft.world.level.levelgen.NoiseBasedChunkGenerator.doCreateBiomes(NoiseBasedChunkGenerator.java:98) ~[server-1.21.1-20240808.144430-srg.jar%23120!/:?] {re:mixin,pl:accesstransformer:B,re:mixin,pl:accesstransformer:B,re:mixin,pl:accesstransformer:B,re:classloading,pl:accesstransformer:B,pl:mixin:APP:generator_accelerator.mixins.json:MixinNoiseBasedChunkGenerator$fast_do_fill from mod generator_accelerator,pl:mixin:APP:generator_accelerator.mixins.json:MixinNoiseBasedChunkGenerator$optimize_apply_carvers from mod generator_accelerator,pl:mixin:APP:generator_accelerator.mixins.json:MixinNoiseBasedChunkGenerator$optimize_iterate_noise_column from mod generator_accelerator,pl:mixin:APP:generator_accelerator_density_compiler.mixins.json:NoiseBasedChunkGeneratorMixin from mod generator_accelerator,pl:mixin:APP:bons_and_furious.beardifier.mixins.json:CreateNoiseChunkMixin from mod bons_and_furious,pl:mixin:APP:bons_and_furious.terrain.mixins.json:ColumnHeightShareMixin from mod bons_and_furious,pl:mixin:A}
	at TRANSFORMER/minecraft@1.21.1/net.minecraft.world.level.levelgen.NoiseBasedChunkGenerator.lambda$createBiomes$5(NoiseBasedChunkGenerator.java:92) ~[server-1.21.1-20240808.144430-srg.jar%23120!/:?] {re:mixin,pl:accesstransformer:B,re:mixin,pl:accesstransformer:B,re:mixin,pl:accesstransformer:B,re:classloading,pl:accesstransformer:B,pl:mixin:APP:generator_accelerator.mixins.json:MixinNoiseBasedChunkGenerator$fast_do_fill from mod generator_accelerator,pl:mixin:APP:generator_accelerator.mixins.json:MixinNoiseBasedChunkGenerator$optimize_apply_carvers from mod generator_accelerator,pl:mixin:APP:generator_accelerator.mixins.json:MixinNoiseBasedChunkGenerator$optimize_iterate_noise_column from mod generator_accelerator,pl:mixin:APP:generator_accelerator_density_compiler.mixins.json:NoiseBasedChunkGeneratorMixin from mod generator_accelerator,pl:mixin:APP:bons_and_furious.beardifier.mixins.json:CreateNoiseChunkMixin from mod bons_and_furious,pl:mixin:APP:bons_and_furious.terrain.mixins.json:ColumnHeightShareMixin from mod bons_and_furious,pl:mixin:A}
	at java.base/java.util.concurrent.CompletableFuture$AsyncSupply.run(CompletableFuture.java:1768) [?:?] {}
	at java.base/java.util.concurrent.CompletableFuture$AsyncSupply.exec(CompletableFuture.java:1760) [?:?] {}
	at java.base/java.util.concurrent.ForkJoinTask.doExec(ForkJoinTask.java:387) [?:?] {}
	at java.base/java.util.concurrent.ForkJoinPool$WorkQueue.topLevelExec(ForkJoinPool.java:1312) [?:?] {}
	at java.base/java.util.concurrent.ForkJoinPool.scan(ForkJoinPool.java:1843) [?:?] {}
	at java.base/java.util.concurrent.ForkJoinPool.runWorker(ForkJoinPool.java:1808) [?:?] {}
	at java.base/java.util.concurrent.ForkJoinWorkerThread.run(ForkJoinWorkerThread.java:188) [?:?] {}
[04:50:49] [Worker-Main-10/FATAL] [mixin/]: Mixin apply for mod bons_and_furious failed bons_and_furious.worldgen_beardifier_bounds.mixins.json:BeardifierBoundsMixin from mod bons_and_furious -> net.minecraft.world.level.levelgen.Beardifier: org.spongepowered.asm.mixin.injection.throwables.InvalidInjectionException @At("FIELD") on net/minecraft/world/level/levelgen/Beardifier::bons$rigids with priority 1000 cannot inject into net/minecraft/world/level/levelgen/Beardifier::compute(Lnet/minecraft/world/level/levelgen/DensityFunction$FunctionContext;)D merged by dev.sixik.generator_accelerator.common.beardifier.mixin.MixinBeardifier with priority 1000 [INJECT_PREPARE Applicator Phase -> bons_and_furious.worldgen_beardifier_bounds.mixins.json:BeardifierBoundsMixin from mod bons_and_furious -> Prepare Injections -> modifyExpressionValue$zgo000$bons_and_furious$bons$rigids(Lit/unimi/dsi/fastutil/objects/ObjectListIterator;III)Lit/unimi/dsi/fastutil/objects/ObjectListIterator; -> Prepare ->  -> { target: compute(Lnet/minecraft/world/level/levelgen/DensityFunction$FunctionContext;)D }]
org.spongepowered.asm.mixin.injection.throwables.InvalidInjectionException: @At("FIELD") on net/minecraft/world/level/levelgen/Beardifier::bons$rigids with priority 1000 cannot inject into net/minecraft/world/level/levelgen/Beardifier::compute(Lnet/minecraft/world/level/levelgen/DensityFunction$FunctionContext;)D merged by dev.sixik.generator_accelerator.common.beardifier.mixin.MixinBeardifier with priority 1000 [INJECT_PREPARE Applicator Phase -> bons_and_furious.worldgen_beardifier_bounds.mixins.json:BeardifierBoundsMixin from mod bons_and_furious -> Prepare Injections -> modifyExpressionValue$zgo000$bons_and_furious$bons$rigids(Lit/unimi/dsi/fastutil/objects/ObjectListIterator;III)Lit/unimi/dsi/fastutil/objects/ObjectListIterator; -> Prepare ->  -> { target: compute(Lnet/minecraft/world/level/levelgen/DensityFunction$FunctionContext;)D }]
	at MC-BOOTSTRAP/org.spongepowered.mixin/org.spongepowered.asm.mixin.injection.code.Injector.findTargetNodes(Injector.java:312) ~[sponge-mixin-0.15.2+mixin.0.8.7.jar%2373!/:0.15.2+mixin.0.8.7] {}
	at MC-BOOTSTRAP/org.spongepowered.mixin/org.spongepowered.asm.mixin.injection.code.Injector.find(Injector.java:248) ~[sponge-mixin-0.15.2+mixin.0.8.7.jar%2373!/:0.15.2+mixin.0.8.7] {}
	at MC-BOOTSTRAP/org.spongepowered.mixin/org.spongepowered.asm.mixin.injection.struct.InjectionInfo.prepare(InjectionInfo.java:475) ~[sponge-mixin-0.15.2+mixin.0.8.7.jar%2373!/:0.15.2+mixin.0.8.7] {}
	at TRANSFORMER/mixinextras.neoforge@0.5.3/com.llamalad7.mixinextras.injector.ModifyExpressionValueInjectionInfo.prepare(ModifyExpressionValueInjectionInfo.java:25) ~[mixinextras-neoforge-0.5.3.jar%23135!/:?] {re:classloading}
	at TRANSFORMER/mixinextras.neoforge@0.5.3/com.llamalad7.mixinextras.wrapper.InjectorWrapperImpl.prepare(InjectorWrapperImpl.java:56) ~[mixinextras-neoforge-0.5.3.jar%23135!/:?] {re:classloading}
	at TRANSFORMER/mixinextras.neoforge@0.5.3/com.llamalad7.mixinextras.sugar.impl.SugarWrapperImpl.prepare(SugarWrapperImpl.java:70) ~[mixinextras-neoforge-0.5.3.jar%23135!/:?] {re:classloading}
	at TRANSFORMER/mixinextras.neoforge@0.5.3/com.llamalad7.mixinextras.wrapper.WrapperInjectionInfo.prepare(WrapperInjectionInfo.java:64) ~[mixinextras-neoforge-0.5.3.jar%23135!/:?] {re:classloading}
	at MC-BOOTSTRAP/org.spongepowered.mixin/org.spongepowered.asm.mixin.transformer.MixinTargetContext.prepareInjections(MixinTargetContext.java:1407) ~[sponge-mixin-0.15.2+mixin.0.8.7.jar%2373!/:0.15.2+mixin.0.8.7] {}
	at MC-BOOTSTRAP/org.spongepowered.mixin/org.spongepowered.asm.mixin.transformer.MixinApplicatorStandard.prepareInjections(MixinApplicatorStandard.java:731) ~[sponge-mixin-0.15.2+mixin.0.8.7.jar%2373!/:0.15.2+mixin.0.8.7] {}
	at MC-BOOTSTRAP/org.spongepowered.mixin/org.spongepowered.asm.mixin.transformer.MixinApplicatorStandard.applyMixin(MixinApplicatorStandard.java:315) ~[sponge-mixin-0.15.2+mixin.0.8.7.jar%2373!/:0.15.2+mixin.0.8.7] {}
	at MC-BOOTSTRAP/org.spongepowered.mixin/org.spongepowered.asm.mixin.transformer.MixinApplicatorStandard.apply(MixinApplicatorStandard.java:246) ~[sponge-mixin-0.15.2+mixin.0.8.7.jar%2373!/:0.15.2+mixin.0.8.7] {}
	at MC-BOOTSTRAP/org.spongepowered.mixin/org.spongepowered.asm.mixin.transformer.TargetClassContext.apply(TargetClassContext.java:437) ~[sponge-mixin-0.15.2+mixin.0.8.7.jar%2373!/:0.15.2+mixin.0.8.7] {}
	at MC-BOOTSTRAP/org.spongepowered.mixin/org.spongepowered.asm.mixin.transformer.TargetClassContext.applyMixins(TargetClassContext.java:418) ~[sponge-mixin-0.15.2+mixin.0.8.7.jar%2373!/:0.15.2+mixin.0.8.7] {}
	at MC-BOOTSTRAP/org.spongepowered.mixin/org.spongepowered.asm.mixin.transformer.MixinProcessor.applyMixins(MixinProcessor.java:363) ~[sponge-mixin-0.15.2+mixin.0.8.7.jar%2373!/:0.15.2+mixin.0.8.7] {}
	at MC-BOOTSTRAP/org.spongepowered.mixin/org.spongepowered.asm.mixin.transformer.MixinTransformer.transformClass(MixinTransformer.java:250) ~[sponge-mixin-0.15.2+mixin.0.8.7.jar%2373!/:0.15.2+mixin.0.8.7] {}
	at MC-BOOTSTRAP/org.spongepowered.mixin/org.spongepowered.asm.service.modlauncher.MixinTransformationHandler.processClass(MixinTransformationHandler.java:131) ~[sponge-mixin-0.15.2+mixin.0.8.7.jar%2373!/:0.15.2+mixin.0.8.7] {}
	at MC-BOOTSTRAP/org.spongepowered.mixin/org.spongepowered.asm.launch.MixinLaunchPluginLegacy.processClass(MixinLaunchPluginLegacy.java:131) ~[sponge-mixin-0.15.2+mixin.0.8.7.jar%2373!/:0.15.2+mixin.0.8.7] {}
	at MC-BOOTSTRAP/cpw.mods.modlauncher@11.0.5/cpw.mods.modlauncher.serviceapi.ILaunchPluginService.processClassWithFlags(ILaunchPluginService.java:156) ~[modlauncher-11.0.5.jar%2364!/:11.0.5+main.901c6ea8] {}
	at MC-BOOTSTRAP/cpw.mods.modlauncher@11.0.5/cpw.mods.modlauncher.LaunchPluginHandler.offerClassNodeToPlugins(LaunchPluginHandler.java:94) ~[modlauncher-11.0.5.jar%2364!/:?] {}
	at MC-BOOTSTRAP/cpw.mods.modlauncher@11.0.5/cpw.mods.modlauncher.ClassTransformer.transform(ClassTransformer.java:120) ~[modlauncher-11.0.5.jar%2364!/:?] {}
	at MC-BOOTSTRAP/cpw.mods.modlauncher@11.0.5/cpw.mods.modlauncher.TransformingClassLoader.maybeTransformClassBytes(TransformingClassLoader.java:57) ~[modlauncher-11.0.5.jar%2364!/:?] {}
	at cpw.mods.securejarhandler/cpw.mods.cl.ModuleClassLoader.readerToClass(ModuleClassLoader.java:190) ~[securejarhandler-3.0.8.jar:?] {}
	at cpw.mods.securejarhandler/cpw.mods.cl.ModuleClassLoader.lambda$findClass$20(ModuleClassLoader.java:298) ~[securejarhandler-3.0.8.jar:?] {}
	at cpw.mods.securejarhandler/cpw.mods.cl.ModuleClassLoader.loadFromModule(ModuleClassLoader.java:311) ~[securejarhandler-3.0.8.jar:?] {}
	at cpw.mods.securejarhandler/cpw.mods.cl.ModuleClassLoader.findClass(ModuleClassLoader.java:298) ~[securejarhandler-3.0.8.jar:?] {}
	at cpw.mods.securejarhandler/cpw.mods.cl.ModuleClassLoader.loadClass(ModuleClassLoader.java:214) ~[securejarhandler-3.0.8.jar:?] {}
	at java.base/java.lang.ClassLoader.loadClass(ClassLoader.java:526) ~[?:?] {}
	at TRANSFORMER/minecraft@1.21.1/net.minecraft.world.level.levelgen.NoiseBasedChunkGenerator.createNoiseChunk(NoiseBasedChunkGenerator.java:106) ~[server-1.21.1-20240808.144430-srg.jar%23120!/:?] {re:mixin,pl:accesstransformer:B,re:mixin,pl:accesstransformer:B,re:mixin,pl:accesstransformer:B,re:classloading,pl:accesstransformer:B,pl:mixin:APP:generator_accelerator.mixins.json:MixinNoiseBasedChunkGenerator$fast_do_fill from mod generator_accelerator,pl:mixin:APP:generator_accelerator.mixins.json:MixinNoiseBasedChunkGenerator$optimize_apply_carvers from mod generator_accelerator,pl:mixin:APP:generator_accelerator.mixins.json:MixinNoiseBasedChunkGenerator$optimize_iterate_noise_column from mod generator_accelerator,pl:mixin:APP:generator_accelerator_density_compiler.mixins.json:NoiseBasedChunkGeneratorMixin from mod generator_accelerator,pl:mixin:APP:bons_and_furious.beardifier.mixins.json:CreateNoiseChunkMixin from mod bons_and_furious,pl:mixin:APP:bons_and_furious.terrain.mixins.json:ColumnHeightShareMixin from mod bons_and_furious,pl:mixin:A}
	at TRANSFORMER/minecraft@1.21.1/net.minecraft.world.level.levelgen.NoiseBasedChunkGenerator.lambda$doCreateBiomes$6(NoiseBasedChunkGenerator.java:98) ~[server-1.21.1-20240808.144430-srg.jar%23120!/:?] {re:mixin,pl:accesstransformer:B,re:mixin,pl:accesstransformer:B,re:mixin,pl:accesstransformer:B,re:classloading,pl:accesstransformer:B,pl:mixin:APP:generator_accelerator.mixins.json:MixinNoiseBasedChunkGenerator$fast_do_fill from mod generator_accelerator,pl:mixin:APP:generator_accelerator.mixins.json:MixinNoiseBasedChunkGenerator$optimize_apply_carvers from mod generator_accelerator,pl:mixin:APP:generator_accelerator.mixins.json:MixinNoiseBasedChunkGenerator$optimize_iterate_noise_column from mod generator_accelerator,pl:mixin:APP:generator_accelerator_density_compiler.mixins.json:NoiseBasedChunkGeneratorMixin from mod generator_accelerator,pl:mixin:APP:bons_and_furious.beardifier.mixins.json:CreateNoiseChunkMixin from mod bons_and_furious,pl:mixin:APP:bons_and_furious.terrain.mixins.json:ColumnHeightShareMixin from mod bons_and_furious,pl:mixin:A}
	at TRANSFORMER/minecraft@1.21.1/net.minecraft.world.level.chunk.ChunkAccess.getOrCreateNoiseChunk(ChunkAccess.java:417) ~[server-1.21.1-20240808.144430-srg.jar%23120!/:?] {re:mixin,re:classloading,pl:mixin:APP:generator_accelerator.mixins.json:accessor.MixinChunkAccessAccessor from mod generator_accelerator,pl:mixin:APP:generator_accelerator_structures.mixins.json:MixinChunkAccess$SynchronizeStructureData from mod generator_accelerator,pl:mixin:APP:generator_accelerator_features.mixins.json:MixinChunkAccess from mod generator_accelerator,pl:mixin:APP:generator_accelerator_features.mixins.json:MixinChunkAccess$fast_block_light_sources from mod generator_accelerator,pl:mixin:A}
	at TRANSFORMER/minecraft@1.21.1/net.minecraft.world.level.levelgen.NoiseBasedChunkGenerator.doCreateBiomes(NoiseBasedChunkGenerator.java:98) ~[server-1.21.1-20240808.144430-srg.jar%23120!/:?] {re:mixin,pl:accesstransformer:B,re:mixin,pl:accesstransformer:B,re:mixin,pl:accesstransformer:B,re:classloading,pl:accesstransformer:B,pl:mixin:APP:generator_accelerator.mixins.json:MixinNoiseBasedChunkGenerator$fast_do_fill from mod generator_accelerator,pl:mixin:APP:generator_accelerator.mixins.json:MixinNoiseBasedChunkGenerator$optimize_apply_carvers from mod generator_accelerator,pl:mixin:APP:generator_accelerator.mixins.json:MixinNoiseBasedChunkGenerator$optimize_iterate_noise_column from mod generator_accelerator,pl:mixin:APP:generator_accelerator_density_compiler.mixins.json:NoiseBasedChunkGeneratorMixin from mod generator_accelerator,pl:mixin:APP:bons_and_furious.beardifier.mixins.json:CreateNoiseChunkMixin from mod bons_and_furious,pl:mixin:APP:bons_and_furious.terrain.mixins.json:ColumnHeightShareMixin from mod bons_and_furious,pl:mixin:A}
	at TRANSFORMER/minecraft@1.21.1/net.minecraft.world.level.levelgen.NoiseBasedChunkGenerator.lambda$createBiomes$5(NoiseBasedChunkGenerator.java:92) ~[server-1.21.1-20240808.144430-srg.jar%23120!/:?] {re:mixin,pl:accesstransformer:B,re:mixin,pl:accesstransformer:B,re:mixin,pl:accesstransformer:B,re:classloading,pl:accesstransformer:B,pl:mixin:APP:generator_accelerator.mixins.json:MixinNoiseBasedChunkGenerator$fast_do_fill from mod generator_accelerator,pl:mixin:APP:generator_accelerator.mixins.json:MixinNoiseBasedChunkGenerator$optimize_apply_carvers from mod generator_accelerator,pl:mixin:APP:generator_accelerator.mixins.json:MixinNoiseBasedChunkGenerator$optimize_iterate_noise_column from mod generator_accelerator,pl:mixin:APP:generator_accelerator_density_compiler.mixins.json:NoiseBasedChunkGeneratorMixin from mod generator_accelerator,pl:mixin:APP:bons_and_furious.beardifier.mixins.json:CreateNoiseChunkMixin from mod bons_and_furious,pl:mixin:APP:bons_and_furious.terrain.mixins.json:ColumnHeightShareMixin from mod bons_and_furious,pl:mixin:A}
	at java.base/java.util.concurrent.CompletableFuture$AsyncSupply.run(CompletableFuture.java:1768) [?:?] {}
	at java.base/java.util.concurrent.CompletableFuture$AsyncSupply.exec(CompletableFuture.java:1760) [?:?] {}
	at java.base/java.util.concurrent.ForkJoinTask.doExec(ForkJoinTask.java:387) [?:?] {}
	at java.base/java.util.concurrent.ForkJoinPool$WorkQueue.topLevelExec(ForkJoinPool.java:1312) [?:?] {}
	at java.base/java.util.concurrent.ForkJoinPool.scan(ForkJoinPool.java:1843) [?:?] {}
	at java.base/java.util.concurrent.ForkJoinPool.runWorker(ForkJoinPool.java:1808) [?:?] {}
	at java.base/java.util.concurrent.ForkJoinWorkerThread.run(ForkJoinWorkerThread.java:188) [?:?] {}
[04:50:49] [Worker-Main-4/FATAL] [mixin/]: Mixin apply for mod bons_and_furious failed bons_and_furious.worldgen_beardifier_bounds.mixins.json:BeardifierBoundsMixin from mod bons_and_furious -> net.minecraft.world.level.levelgen.Beardifier: org.spongepowered.asm.mixin.injection.throwables.InvalidInjectionException @At("FIELD") on net/minecraft/world/level/levelgen/Beardifier::bons$rigids with priority 1000 cannot inject into net/minecraft/world/level/levelgen/Beardifier::compute(Lnet/minecraft/world/level/levelgen/DensityFunction$FunctionContext;)D merged by dev.sixik.generator_accelerator.common.beardifier.mixin.MixinBeardifier with priority 1000 [INJECT_PREPARE Applicator Phase -> bons_and_furious.worldgen_beardifier_bounds.mixins.json:BeardifierBoundsMixin from mod bons_and_furious -> Prepare Injections -> modifyExpressionValue$zgo000$bons_and_furious$bons$rigids(Lit/unimi/dsi/fastutil/objects/ObjectListIterator;III)Lit/unimi/dsi/fastutil/objects/ObjectListIterator; -> Prepare ->  -> { target: compute(Lnet/minecraft/world/level/levelgen/DensityFunction$FunctionContext;)D }]
org.spongepowered.asm.mixin.injection.throwables.InvalidInjectionException: @At("FIELD") on net/minecraft/world/level/levelgen/Beardifier::bons$rigids with priority 1000 cannot inject into net/minecraft/world/level/levelgen/Beardifier::compute(Lnet/minecraft/world/level/levelgen/DensityFunction$FunctionContext;)D merged by dev.sixik.generator_accelerator.common.beardifier.mixin.MixinBeardifier with priority 1000 [INJECT_PREPARE Applicator Phase -> bons_and_furious.worldgen_beardifier_bounds.mixins.json:BeardifierBoundsMixin from mod bons_and_furious -> Prepare Injections -> modifyExpressionValue$zgo000$bons_and_furious$bons$rigids(Lit/unimi/dsi/fastutil/objects/ObjectListIterator;III)Lit/unimi/dsi/fastutil/objects/ObjectListIterator; -> Prepare ->  -> { target: compute(Lnet/minecraft/world/level/levelgen/DensityFunction$FunctionContext;)D }]
	at MC-BOOTSTRAP/org.spongepowered.mixin/org.spongepowered.asm.mixin.injection.code.Injector.findTargetNodes(Injector.java:312) ~[sponge-mixin-0.15.2+mixin.0.8.7.jar%2373!/:0.15.2+mixin.0.8.7] {}
	at MC-BOOTSTRAP/org.spongepowered.mixin/org.spongepowered.asm.mixin.injection.code.Injector.find(Injector.java:248) ~[sponge-mixin-0.15.2+mixin.0.8.7.jar%2373!/:0.15.2+mixin.0.8.7] {}
	at MC-BOOTSTRAP/org.spongepowered.mixin/org.spongepowered.asm.mixin.injection.struct.InjectionInfo.prepare(InjectionInfo.java:475) ~[sponge-mixin-0.15.2+mixin.0.8.7.jar%2373!/:0.15.2+mixin.0.8.7] {}
	at TRANSFORMER/mixinextras.neoforge@0.5.3/com.llamalad7.mixinextras.injector.ModifyExpressionValueInjectionInfo.prepare(ModifyExpressionValueInjectionInfo.java:25) ~[mixinextras-neoforge-0.5.3.jar%23135!/:?] {re:classloading}
	at TRANSFORMER/mixinextras.neoforge@0.5.3/com.llamalad7.mixinextras.wrapper.InjectorWrapperImpl.prepare(InjectorWrapperImpl.java:56) ~[mixinextras-neoforge-0.5.3.jar%23135!/:?] {re:classloading}
	at TRANSFORMER/mixinextras.neoforge@0.5.3/com.llamalad7.mixinextras.sugar.impl.SugarWrapperImpl.prepare(SugarWrapperImpl.java:70) ~[mixinextras-neoforge-0.5.3.jar%23135!/:?] {re:classloading}
	at TRANSFORMER/mixinextras.neoforge@0.5.3/com.llamalad7.mixinextras.wrapper.WrapperInjectionInfo.prepare(WrapperInjectionInfo.java:64) ~[mixinextras-neoforge-0.5.3.jar%23135!/:?] {re:classloading}
	at MC-BOOTSTRAP/org.spongepowered.mixin/org.spongepowered.asm.mixin.transformer.MixinTargetContext.prepareInjections(MixinTargetContext.java:1407) ~[sponge-mixin-0.15.2+mixin.0.8.7.jar%2373!/:0.15.2+mixin.0.8.7] {}
	at MC-BOOTSTRAP/org.spongepowered.mixin/org.spongepowered.asm.mixin.transformer.MixinApplicatorStandard.prepareInjections(MixinApplicatorStandard.java:731) ~[sponge-mixin-0.15.2+mixin.0.8.7.jar%2373!/:0.15.2+mixin.0.8.7] {}
	at MC-BOOTSTRAP/org.spongepowered.mixin/org.spongepowered.asm.mixin.transformer.MixinApplicatorStandard.applyMixin(MixinApplicatorStandard.java:315) ~[sponge-mixin-0.15.2+mixin.0.8.7.jar%2373!/:0.15.2+mixin.0.8.7] {}
	at MC-BOOTSTRAP/org.spongepowered.mixin/org.spongepowered.asm.mixin.transformer.MixinApplicatorStandard.apply(MixinApplicatorStandard.java:246) ~[sponge-mixin-0.15.2+mixin.0.8.7.jar%2373!/:0.15.2+mixin.0.8.7] {}
	at MC-BOOTSTRAP/org.spongepowered.mixin/org.spongepowered.asm.mixin.transformer.TargetClassContext.apply(TargetClassContext.java:437) ~[sponge-mixin-0.15.2+mixin.0.8.7.jar%2373!/:0.15.2+mixin.0.8.7] {}
	at MC-BOOTSTRAP/org.spongepowered.mixin/org.spongepowered.asm.mixin.transformer.TargetClassContext.applyMixins(TargetClassContext.java:418) ~[sponge-mixin-0.15.2+mixin.0.8.7.jar%2373!/:0.15.2+mixin.0.8.7] {}
	at MC-BOOTSTRAP/org.spongepowered.mixin/org.spongepowered.asm.mixin.transformer.MixinProcessor.applyMixins(MixinProcessor.java:363) ~[sponge-mixin-0.15.2+mixin.0.8.7.jar%2373!/:0.15.2+mixin.0.8.7] {}
	at MC-BOOTSTRAP/org.spongepowered.mixin/org.spongepowered.asm.mixin.transformer.MixinTransformer.transformClass(MixinTransformer.java:250) ~[sponge-mixin-0.15.2+mixin.0.8.7.jar%2373!/:0.15.2+mixin.0.8.7] {}
	at MC-BOOTSTRAP/org.spongepowered.mixin/org.spongepowered.asm.service.modlauncher.MixinTransformationHandler.processClass(MixinTransformationHandler.java:131) ~[sponge-mixin-0.15.2+mixin.0.8.7.jar%2373!/:0.15.2+mixin.0.8.7] {}
	at MC-BOOTSTRAP/org.spongepowered.mixin/org.spongepowered.asm.launch.MixinLaunchPluginLegacy.processClass(MixinLaunchPluginLegacy.java:131) ~[sponge-mixin-0.15.2+mixin.0.8.7.jar%2373!/:0.15.2+mixin.0.8.7] {}
	at MC-BOOTSTRAP/cpw.mods.modlauncher@11.0.5/cpw.mods.modlauncher.serviceapi.ILaunchPluginService.processClassWithFlags(ILaunchPluginService.java:156) ~[modlauncher-11.0.5.jar%2364!/:11.0.5+main.901c6ea8] {}
	at MC-BOOTSTRAP/cpw.mods.modlauncher@11.0.5/cpw.mods.modlauncher.LaunchPluginHandler.offerClassNodeToPlugins(LaunchPluginHandler.java:94) ~[modlauncher-11.0.5.jar%2364!/:?] {}
	at MC-BOOTSTRAP/cpw.mods.modlauncher@11.0.5/cpw.mods.modlauncher.ClassTransformer.transform(ClassTransformer.java:120) ~[modlauncher-11.0.5.jar%2364!/:?] {}
	at MC-BOOTSTRAP/cpw.mods.modlauncher@11.0.5/cpw.mods.modlauncher.TransformingClassLoader.maybeTransformClassBytes(TransformingClassLoader.java:57) ~[modlauncher-11.0.5.jar%2364!/:?] {}
	at cpw.mods.securejarhandler/cpw.mods.cl.ModuleClassLoader.readerToClass(ModuleClassLoader.java:190) ~[securejarhandler-3.0.8.jar:?] {}
	at cpw.mods.securejarhandler/cpw.mods.cl.ModuleClassLoader.lambda$findClass$20(ModuleClassLoader.java:298) ~[securejarhandler-3.0.8.jar:?] {}
	at cpw.mods.securejarhandler/cpw.mods.cl.ModuleClassLoader.loadFromModule(ModuleClassLoader.java:311) ~[securejarhandler-3.0.8.jar:?] {}
	at cpw.mods.securejarhandler/cpw.mods.cl.ModuleClassLoader.findClass(ModuleClassLoader.java:298) ~[securejarhandler-3.0.8.jar:?] {}
	at cpw.mods.securejarhandler/cpw.mods.cl.ModuleClassLoader.loadClass(ModuleClassLoader.java:214) ~[securejarhandler-3.0.8.jar:?] {}
	at java.base/java.lang.ClassLoader.loadClass(ClassLoader.java:526) ~[?:?] {}
	at TRANSFORMER/minecraft@1.21.1/net.minecraft.world.level.levelgen.NoiseBasedChunkGenerator.createNoiseChunk(NoiseBasedChunkGenerator.java:106) ~[server-1.21.1-20240808.144430-srg.jar%23120!/:?] {re:mixin,pl:accesstransformer:B,re:mixin,pl:accesstransformer:B,re:mixin,pl:accesstransformer:B,re:classloading,pl:accesstransformer:B,pl:mixin:APP:generator_accelerator.mixins.json:MixinNoiseBasedChunkGenerator$fast_do_fill from mod generator_accelerator,pl:mixin:APP:generator_accelerator.mixins.json:MixinNoiseBasedChunkGenerator$optimize_apply_carvers from mod generator_accelerator,pl:mixin:APP:generator_accelerator.mixins.json:MixinNoiseBasedChunkGenerator$optimize_iterate_noise_column from mod generator_accelerator,pl:mixin:APP:generator_accelerator_density_compiler.mixins.json:NoiseBasedChunkGeneratorMixin from mod generator_accelerator,pl:mixin:APP:bons_and_furious.beardifier.mixins.json:CreateNoiseChunkMixin from mod bons_and_furious,pl:mixin:APP:bons_and_furious.terrain.mixins.json:ColumnHeightShareMixin from mod bons_and_furious,pl:mixin:A}
	at TRANSFORMER/minecraft@1.21.1/net.minecraft.world.level.levelgen.NoiseBasedChunkGenerator.lambda$doCreateBiomes$6(NoiseBasedChunkGenerator.java:98) ~[server-1.21.1-20240808.144430-srg.jar%23120!/:?] {re:mixin,pl:accesstransformer:B,re:mixin,pl:accesstransformer:B,re:mixin,pl:accesstransformer:B,re:classloading,pl:accesstransformer:B,pl:mixin:APP:generator_accelerator.mixins.json:MixinNoiseBasedChunkGenerator$fast_do_fill from mod generator_accelerator,pl:mixin:APP:generator_accelerator.mixins.json:MixinNoiseBasedChunkGenerator$optimize_apply_carvers from mod generator_accelerator,pl:mixin:APP:generator_accelerator.mixins.json:MixinNoiseBasedChunkGenerator$optimize_iterate_noise_column from mod generator_accelerator,pl:mixin:APP:generator_accelerator_density_compiler.mixins.json:NoiseBasedChunkGeneratorMixin from mod generator_accelerator,pl:mixin:APP:bons_and_furious.beardifier.mixins.json:CreateNoiseChunkMixin from mod bons_and_furious,pl:mixin:APP:bons_and_furious.terrain.mixins.json:ColumnHeightShareMixin from mod bons_and_furious,pl:mixin:A}
	at TRANSFORMER/minecraft@1.21.1/net.minecraft.world.level.chunk.ChunkAccess.getOrCreateNoiseChunk(ChunkAccess.java:417) ~[server-1.21.1-20240808.144430-srg.jar%23120!/:?] {re:mixin,re:classloading,pl:mixin:APP:generator_accelerator.mixins.json:accessor.MixinChunkAccessAccessor from mod generator_accelerator,pl:mixin:APP:generator_accelerator_structures.mixins.json:MixinChunkAccess$SynchronizeStructureData from mod generator_accelerator,pl:mixin:APP:generator_accelerator_features.mixins.json:MixinChunkAccess from mod generator_accelerator,pl:mixin:APP:generator_accelerator_features.mixins.json:MixinChunkAccess$fast_block_light_sources from mod generator_accelerator,pl:mixin:A}
	at TRANSFORMER/minecraft@1.21.1/net.minecraft.world.level.levelgen.NoiseBasedChunkGenerator.doCreateBiomes(NoiseBasedChunkGenerator.java:98) ~[server-1.21.1-20240808.144430-srg.jar%23120!/:?] {re:mixin,pl:accesstransformer:B,re:mixin,pl:accesstransformer:B,re:mixin,pl:accesstransformer:B,re:classloading,pl:accesstransformer:B,pl:mixin:APP:generator_accelerator.mixins.json:MixinNoiseBasedChunkGenerator$fast_do_fill from mod generator_accelerator,pl:mixin:APP:generator_accelerator.mixins.json:MixinNoiseBasedChunkGenerator$optimize_apply_carvers from mod generator_accelerator,pl:mixin:APP:generator_accelerator.mixins.json:MixinNoiseBasedChunkGenerator$optimize_iterate_noise_column from mod generator_accelerator,pl:mixin:APP:generator_accelerator_density_compiler.mixins.json:NoiseBasedChunkGeneratorMixin from mod generator_accelerator,pl:mixin:APP:bons_and_furious.beardifier.mixins.json:CreateNoiseChunkMixin from mod bons_and_furious,pl:mixin:APP:bons_and_furious.terrain.mixins.json:ColumnHeightShareMixin from mod bons_and_furious,pl:mixin:A}
	at TRANSFORMER/minecraft@1.21.1/net.minecraft.world.level.levelgen.NoiseBasedChunkGenerator.lambda$createBiomes$5(NoiseBasedChunkGenerator.java:92) ~[server-1.21.1-20240808.144430-srg.jar%23120!/:?] {re:mixin,pl:accesstransformer:B,re:mixin,pl:accesstransformer:B,re:mixin,pl:accesstransformer:B,re:classloading,pl:accesstransformer:B,pl:mixin:APP:generator_accelerator.mixins.json:MixinNoiseBasedChunkGenerator$fast_do_fill from mod generator_accelerator,pl:mixin:APP:generator_accelerator.mixins.json:MixinNoiseBasedChunkGenerator$optimize_apply_carvers from mod generator_accelerator,pl:mixin:APP:generator_accelerator.mixins.json:MixinNoiseBasedChunkGenerator$optimize_iterate_noise_column from mod generator_accelerator,pl:mixin:APP:generator_accelerator_density_compiler.mixins.json:NoiseBasedChunkGeneratorMixin from mod generator_accelerator,pl:mixin:APP:bons_and_furious.beardifier.mixins.json:CreateNoiseChunkMixin from mod bons_and_furious,pl:mixin:APP:bons_and_furious.terrain.mixins.json:ColumnHeightShareMixin from mod bons_and_furious,pl:mixin:A}
	at java.base/java.util.concurrent.CompletableFuture$AsyncSupply.run(CompletableFuture.java:1768) [?:?] {}
	at java.base/java.util.concurrent.CompletableFuture$AsyncSupply.exec(CompletableFuture.java:1760) [?:?] {}
	at java.base/java.util.concurrent.ForkJoinTask.doExec(ForkJoinTask.java:387) [?:?] {}
	at java.base/java.util.concurrent.ForkJoinPool$WorkQueue.topLevelExec(ForkJoinPool.java:1312) [?:?] {}
	at java.base/java.util.concurrent.ForkJoinPool.scan(ForkJoinPool.java:1843) [?:?] {}
	at java.base/java.util.concurrent.ForkJoinPool.runWorker(ForkJoinPool.java:1808) [?:?] {}
	at java.base/java.util.concurrent.ForkJoinWorkerThread.run(ForkJoinWorkerThread.java:188) [?:?] {}
[04:50:49] [Worker-Main-7/FATAL] [mixin/]: Mixin apply for mod bons_and_furious failed bons_and_furious.worldgen_beardifier_bounds.mixins.json:BeardifierBoundsMixin from mod bons_and_furious -> net.minecraft.world.level.levelgen.Beardifier: org.spongepowered.asm.mixin.injection.throwables.InvalidInjectionException @At("FIELD") on net/minecraft/world/level/levelgen/Beardifier::bons$rigids with priority 1000 cannot inject into net/minecraft/world/level/levelgen/Beardifier::compute(Lnet/minecraft/world/level/levelgen/DensityFunction$FunctionContext;)D merged by dev.sixik.generator_accelerator.common.beardifier.mixin.MixinBeardifier with priority 1000 [INJECT_PREPARE Applicator Phase -> bons_and_furious.worldgen_beardifier_bounds.mixins.json:BeardifierBoundsMixin from mod bons_and_furious -> Prepare Injections -> modifyExpressionValue$zgo000$bons_and_furious$bons$rigids(Lit/unimi/dsi/fastutil/objects/ObjectListIterator;III)Lit/unimi/dsi/fastutil/objects/ObjectListIterator; -> Prepare ->  -> { target: compute(Lnet/minecraft/world/level/levelgen/DensityFunction$FunctionContext;)D }]
org.spongepowered.asm.mixin.injection.throwables.InvalidInjectionException: @At("FIELD") on net/minecraft/world/level/levelgen/Beardifier::bons$rigids with priority 1000 cannot inject into net/minecraft/world/level/levelgen/Beardifier::compute(Lnet/minecraft/world/level/levelgen/DensityFunction$FunctionContext;)D merged by dev.sixik.generator_accelerator.common.beardifier.mixin.MixinBeardifier with priority 1000 [INJECT_PREPARE Applicator Phase -> bons_and_furious.worldgen_beardifier_bounds.mixins.json:BeardifierBoundsMixin from mod bons_and_furious -> Prepare Injections -> modifyExpressionValue$zgo000$bons_and_furious$bons$rigids(Lit/unimi/dsi/fastutil/objects/ObjectListIterator;III)Lit/unimi/dsi/fastutil/objects/ObjectListIterator; -> Prepare ->  -> { target: compute(Lnet/minecraft/world/level/levelgen/DensityFunction$FunctionContext;)D }]
	at MC-BOOTSTRAP/org.spongepowered.mixin/org.spongepowered.asm.mixin.injection.code.Injector.findTargetNodes(Injector.java:312) ~[sponge-mixin-0.15.2+mixin.0.8.7.jar%2373!/:0.15.2+mixin.0.8.7] {}
	at MC-BOOTSTRAP/org.spongepowered.mixin/org.spongepowered.asm.mixin.injection.code.Injector.find(Injector.java:248) ~[sponge-mixin-0.15.2+mixin.0.8.7.jar%2373!/:0.15.2+mixin.0.8.7] {}
	at MC-BOOTSTRAP/org.spongepowered.mixin/org.spongepowered.asm.mixin.injection.struct.InjectionInfo.prepare(InjectionInfo.java:475) ~[sponge-mixin-0.15.2+mixin.0.8.7.jar%2373!/:0.15.2+mixin.0.8.7] {}
	at TRANSFORMER/mixinextras.neoforge@0.5.3/com.llamalad7.mixinextras.injector.ModifyExpressionValueInjectionInfo.prepare(ModifyExpressionValueInjectionInfo.java:25) ~[mixinextras-neoforge-0.5.3.jar%23135!/:?] {re:classloading}
	at TRANSFORMER/mixinextras.neoforge@0.5.3/com.llamalad7.mixinextras.wrapper.InjectorWrapperImpl.prepare(InjectorWrapperImpl.java:56) ~[mixinextras-neoforge-0.5.3.jar%23135!/:?] {re:classloading}
	at TRANSFORMER/mixinextras.neoforge@0.5.3/com.llamalad7.mixinextras.sugar.impl.SugarWrapperImpl.prepare(SugarWrapperImpl.java:70) ~[mixinextras-neoforge-0.5.3.jar%23135!/:?] {re:classloading}
	at TRANSFORMER/mixinextras.neoforge@0.5.3/com.llamalad7.mixinextras.wrapper.WrapperInjectionInfo.prepare(WrapperInjectionInfo.java:64) ~[mixinextras-neoforge-0.5.3.jar%23135!/:?] {re:classloading}
	at MC-BOOTSTRAP/org.spongepowered.mixin/org.spongepowered.asm.mixin.transformer.MixinTargetContext.prepareInjections(MixinTargetContext.java:1407) ~[sponge-mixin-0.15.2+mixin.0.8.7.jar%2373!/:0.15.2+mixin.0.8.7] {}
	at MC-BOOTSTRAP/org.spongepowered.mixin/org.spongepowered.asm.mixin.transformer.MixinApplicatorStandard.prepareInjections(MixinApplicatorStandard.java:731) ~[sponge-mixin-0.15.2+mixin.0.8.7.jar%2373!/:0.15.2+mixin.0.8.7] {}
	at MC-BOOTSTRAP/org.spongepowered.mixin/org.spongepowered.asm.mixin.transformer.MixinApplicatorStandard.applyMixin(MixinApplicatorStandard.java:315) ~[sponge-mixin-0.15.2+mixin.0.8.7.jar%2373!/:0.15.2+mixin.0.8.7] {}
	at MC-BOOTSTRAP/org.spongepowered.mixin/org.spongepowered.asm.mixin.transformer.MixinApplicatorStandard.apply(MixinApplicatorStandard.java:246) ~[sponge-mixin-0.15.2+mixin.0.8.7.jar%2373!/:0.15.2+mixin.0.8.7] {}
	at MC-BOOTSTRAP/org.spongepowered.mixin/org.spongepowered.asm.mixin.transformer.TargetClassContext.apply(TargetClassContext.java:437) ~[sponge-mixin-0.15.2+mixin.0.8.7.jar%2373!/:0.15.2+mixin.0.8.7] {}
	at MC-BOOTSTRAP/org.spongepowered.mixin/org.spongepowered.asm.mixin.transformer.TargetClassContext.applyMixins(TargetClassContext.java:418) ~[sponge-mixin-0.15.2+mixin.0.8.7.jar%2373!/:0.15.2+mixin.0.8.7] {}
	at MC-BOOTSTRAP/org.spongepowered.mixin/org.spongepowered.asm.mixin.transformer.MixinProcessor.applyMixins(MixinProcessor.java:363) ~[sponge-mixin-0.15.2+mixin.0.8.7.jar%2373!/:0.15.2+mixin.0.8.7] {}
	at MC-BOOTSTRAP/org.spongepowered.mixin/org.spongepowered.asm.mixin.transformer.MixinTransformer.transformClass(MixinTransformer.java:250) ~[sponge-mixin-0.15.2+mixin.0.8.7.jar%2373!/:0.15.2+mixin.0.8.7] {}
	at MC-BOOTSTRAP/org.spongepowered.mixin/org.spongepowered.asm.service.modlauncher.MixinTransformationHandler.processClass(MixinTransformationHandler.java:131) ~[sponge-mixin-0.15.2+mixin.0.8.7.jar%2373!/:0.15.2+mixin.0.8.7] {}
	at MC-BOOTSTRAP/org.spongepowered.mixin/org.spongepowered.asm.launch.MixinLaunchPluginLegacy.processClass(MixinLaunchPluginLegacy.java:131) ~[sponge-mixin-0.15.2+mixin.0.8.7.jar%2373!/:0.15.2+mixin.0.8.7] {}
	at MC-BOOTSTRAP/cpw.mods.modlauncher@11.0.5/cpw.mods.modlauncher.serviceapi.ILaunchPluginService.processClassWithFlags(ILaunchPluginService.java:156) ~[modlauncher-11.0.5.jar%2364!/:11.0.5+main.901c6ea8] {}
	at MC-BOOTSTRAP/cpw.mods.modlauncher@11.0.5/cpw.mods.modlauncher.LaunchPluginHandler.offerClassNodeToPlugins(LaunchPluginHandler.java:94) ~[modlauncher-11.0.5.jar%2364!/:?] {}
	at MC-BOOTSTRAP/cpw.mods.modlauncher@11.0.5/cpw.mods.modlauncher.ClassTransformer.transform(ClassTransformer.java:120) ~[modlauncher-11.0.5.jar%2364!/:?] {}
	at MC-BOOTSTRAP/cpw.mods.modlauncher@11.0.5/cpw.mods.modlauncher.TransformingClassLoader.maybeTransformClassBytes(TransformingClassLoader.java:57) ~[modlauncher-11.0.5.jar%2364!/:?] {}
	at cpw.mods.securejarhandler/cpw.mods.cl.ModuleClassLoader.readerToClass(ModuleClassLoader.java:190) ~[securejarhandler-3.0.8.jar:?] {}
	at cpw.mods.securejarhandler/cpw.mods.cl.ModuleClassLoader.lambda$findClass$20(ModuleClassLoader.java:298) ~[securejarhandler-3.0.8.jar:?] {}
	at cpw.mods.securejarhandler/cpw.mods.cl.ModuleClassLoader.loadFromModule(ModuleClassLoader.java:311) ~[securejarhandler-3.0.8.jar:?] {}
	at cpw.mods.securejarhandler/cpw.mods.cl.ModuleClassLoader.findClass(ModuleClassLoader.java:298) ~[securejarhandler-3.0.8.jar:?] {}
	at cpw.mods.securejarhandler/cpw.mods.cl.ModuleClassLoader.loadClass(ModuleClassLoader.java:214) ~[securejarhandler-3.0.8.jar:?] {}
	at java.base/java.lang.ClassLoader.loadClass(ClassLoader.java:526) ~[?:?] {}
	at TRANSFORMER/minecraft@1.21.1/net.minecraft.world.level.levelgen.NoiseBasedChunkGenerator.createNoiseChunk(NoiseBasedChunkGenerator.java:106) ~[server-1.21.1-20240808.144430-srg.jar%23120!/:?] {re:mixin,pl:accesstransformer:B,re:mixin,pl:accesstransformer:B,re:mixin,pl:accesstransformer:B,re:classloading,pl:accesstransformer:B,pl:mixin:APP:generator_accelerator.mixins.json:MixinNoiseBasedChunkGenerator$fast_do_fill from mod generator_accelerator,pl:mixin:APP:generator_accelerator.mixins.json:MixinNoiseBasedChunkGenerator$optimize_apply_carvers from mod generator_accelerator,pl:mixin:APP:generator_accelerator.mixins.json:MixinNoiseBasedChunkGenerator$optimize_iterate_noise_column from mod generator_accelerator,pl:mixin:APP:generator_accelerator_density_compiler.mixins.json:NoiseBasedChunkGeneratorMixin from mod generator_accelerator,pl:mixin:APP:bons_and_furious.beardifier.mixins.json:CreateNoiseChunkMixin from mod bons_and_furious,pl:mixin:APP:bons_and_furious.terrain.mixins.json:ColumnHeightShareMixin from mod bons_and_furious,pl:mixin:A}
	at TRANSFORMER/minecraft@1.21.1/net.minecraft.world.level.levelgen.NoiseBasedChunkGenerator.lambda$doCreateBiomes$6(NoiseBasedChunkGenerator.java:98) ~[server-1.21.1-20240808.144430-srg.jar%23120!/:?] {re:mixin,pl:accesstransformer:B,re:mixin,pl:accesstransformer:B,re:mixin,pl:accesstransformer:B,re:classloading,pl:accesstransformer:B,pl:mixin:APP:generator_accelerator.mixins.json:MixinNoiseBasedChunkGenerator$fast_do_fill from mod generator_accelerator,pl:mixin:APP:generator_accelerator.mixins.json:MixinNoiseBasedChunkGenerator$optimize_apply_carvers from mod generator_accelerator,pl:mixin:APP:generator_accelerator.mixins.json:MixinNoiseBasedChunkGenerator$optimize_iterate_noise_column from mod generator_accelerator,pl:mixin:APP:generator_accelerator_density_compiler.mixins.json:NoiseBasedChunkGeneratorMixin from mod generator_accelerator,pl:mixin:APP:bons_and_furious.beardifier.mixins.json:CreateNoiseChunkMixin from mod bons_and_furious,pl:mixin:APP:bons_and_furious.terrain.mixins.json:ColumnHeightShareMixin from mod bons_and_furious,pl:mixin:A}
	at TRANSFORMER/minecraft@1.21.1/net.minecraft.world.level.chunk.ChunkAccess.getOrCreateNoiseChunk(ChunkAccess.java:417) ~[server-1.21.1-20240808.144430-srg.jar%23120!/:?] {re:mixin,re:classloading,pl:mixin:APP:generator_accelerator.mixins.json:accessor.MixinChunkAccessAccessor from mod generator_accelerator,pl:mixin:APP:generator_accelerator_structures.mixins.json:MixinChunkAccess$SynchronizeStructureData from mod generator_accelerator,pl:mixin:APP:generator_accelerator_features.mixins.json:MixinChunkAccess from mod generator_accelerator,pl:mixin:APP:generator_accelerator_features.mixins.json:MixinChunkAccess$fast_block_light_sources from mod generator_accelerator,pl:mixin:A}
	at TRANSFORMER/minecraft@1.21.1/net.minecraft.world.level.levelgen.NoiseBasedChunkGenerator.doCreateBiomes(NoiseBasedChunkGenerator.java:98) ~[server-1.21.1-20240808.144430-srg.jar%23120!/:?] {re:mixin,pl:accesstransformer:B,re:mixin,pl:accesstransformer:B,re:mixin,pl:accesstransformer:B,re:classloading,pl:accesstransformer:B,pl:mixin:APP:generator_accelerator.mixins.json:MixinNoiseBasedChunkGenerator$fast_do_fill from mod generator_accelerator,pl:mixin:APP:generator_accelerator.mixins.json:MixinNoiseBasedChunkGenerator$optimize_apply_carvers from mod generator_accelerator,pl:mixin:APP:generator_accelerator.mixins.json:MixinNoiseBasedChunkGenerator$optimize_iterate_noise_column from mod generator_accelerator,pl:mixin:APP:generator_accelerator_density_compiler.mixins.json:NoiseBasedChunkGeneratorMixin from mod generator_accelerator,pl:mixin:APP:bons_and_furious.beardifier.mixins.json:CreateNoiseChunkMixin from mod bons_and_furious,pl:mixin:APP:bons_and_furious.terrain.mixins.json:ColumnHeightShareMixin from mod bons_and_furious,pl:mixin:A}
	at TRANSFORMER/minecraft@1.21.1/net.minecraft.world.level.levelgen.NoiseBasedChunkGenerator.lambda$createBiomes$5(NoiseBasedChunkGenerator.java:92) ~[server-1.21.1-20240808.144430-srg.jar%23120!/:?] {re:mixin,pl:accesstransformer:B,re:mixin,pl:accesstransformer:B,re:mixin,pl:accesstransformer:B,re:classloading,pl:accesstransformer:B,pl:mixin:APP:generator_accelerator.mixins.json:MixinNoiseBasedChunkGenerator$fast_do_fill from mod generator_accelerator,pl:mixin:APP:generator_accelerator.mixins.json:MixinNoiseBasedChunkGenerator$optimize_apply_carvers from mod generator_accelerator,pl:mixin:APP:generator_accelerator.mixins.json:MixinNoiseBasedChunkGenerator$optimize_iterate_noise_column from mod generator_accelerator,pl:mixin:APP:generator_accelerator_density_compiler.mixins.json:NoiseBasedChunkGeneratorMixin from mod generator_accelerator,pl:mixin:APP:bons_and_furious.beardifier.mixins.json:CreateNoiseChunkMixin from mod bons_and_furious,pl:mixin:APP:bons_and_furious.terrain.mixins.json:ColumnHeightShareMixin from mod bons_and_furious,pl:mixin:A}
	at java.base/java.util.concurrent.CompletableFuture$AsyncSupply.run(CompletableFuture.java:1768) [?:?] {}
	at java.base/java.util.concurrent.CompletableFuture$AsyncSupply.exec(CompletableFuture.java:1760) [?:?] {}
	at java.base/java.util.concurrent.ForkJoinTask.doExec(ForkJoinTask.java:387) [?:?] {}
	at java.base/java.util.concurrent.ForkJoinPool$WorkQueue.topLevelExec(ForkJoinPool.java:1312) [?:?] {}
	at java.base/java.util.concurrent.ForkJoinPool.scan(ForkJoinPool.java:1843) [?:?] {}
	at java.base/java.util.concurrent.ForkJoinPool.runWorker(ForkJoinPool.java:1808) [?:?] {}
	at java.base/java.util.concurrent.ForkJoinWorkerThread.run(ForkJoinWorkerThread.java:188) [?:?] {}
[04:50:49] [Worker-Main-16/FATAL] [mixin/]: Mixin apply for mod bons_and_furious failed bons_and_furious.worldgen_beardifier_bounds.mixins.json:BeardifierBoundsMixin from mod bons_and_furious -> net.minecraft.world.level.levelgen.Beardifier: org.spongepowered.asm.mixin.injection.throwables.InvalidInjectionException @At("FIELD") on net/minecraft/world/level/levelgen/Beardifier::bons$rigids with priority 1000 cannot inject into net/minecraft/world/level/levelgen/Beardifier::compute(Lnet/minecraft/world/level/levelgen/DensityFunction$FunctionContext;)D merged by dev.sixik.generator_accelerator.common.beardifier.mixin.MixinBeardifier with priority 1000 [INJECT_PREPARE Applicator Phase -> bons_and_furious.worldgen_beardifier_bounds.mixins.json:BeardifierBoundsMixin from mod bons_and_furious -> Prepare Injections -> modifyExpressionValue$zgo000$bons_and_furious$bons$rigids(Lit/unimi/dsi/fastutil/objects/ObjectListIterator;III)Lit/unimi/dsi/fastutil/objects/ObjectListIterator; -> Prepare ->  -> { target: compute(Lnet/minecraft/world/level/levelgen/DensityFunction$FunctionContext;)D }]
org.spongepowered.asm.mixin.injection.throwables.InvalidInjectionException: @At("FIELD") on net/minecraft/world/level/levelgen/Beardifier::bons$rigids with priority 1000 cannot inject into net/minecraft/world/level/levelgen/Beardifier::compute(Lnet/minecraft/world/level/levelgen/DensityFunction$FunctionContext;)D merged by dev.sixik.generator_accelerator.common.beardifier.mixin.MixinBeardifier with priority 1000 [INJECT_PREPARE Applicator Phase -> bons_and_furious.worldgen_beardifier_bounds.mixins.json:BeardifierBoundsMixin from mod bons_and_furious -> Prepare Injections -> modifyExpressionValue$zgo000$bons_and_furious$bons$rigids(Lit/unimi/dsi/fastutil/objects/ObjectListIterator;III)Lit/unimi/dsi/fastutil/objects/ObjectListIterator; -> Prepare ->  -> { target: compute(Lnet/minecraft/world/level/levelgen/DensityFunction$FunctionContext;)D }]
	at MC-BOOTSTRAP/org.spongepowered.mixin/org.spongepowered.asm.mixin.injection.code.Injector.findTargetNodes(Injector.java:312) ~[sponge-mixin-0.15.2+mixin.0.8.7.jar%2373!/:0.15.2+mixin.0.8.7] {}
	at MC-BOOTSTRAP/org.spongepowered.mixin/org.spongepowered.asm.mixin.injection.code.Injector.find(Injector.java:248) ~[sponge-mixin-0.15.2+mixin.0.8.7.jar%2373!/:0.15.2+mixin.0.8.7] {}
	at MC-BOOTSTRAP/org.spongepowered.mixin/org.spongepowered.asm.mixin.injection.struct.InjectionInfo.prepare(InjectionInfo.java:475) ~[sponge-mixin-0.15.2+mixin.0.8.7.jar%2373!/:0.15.2+mixin.0.8.7] {}
	at TRANSFORMER/mixinextras.neoforge@0.5.3/com.llamalad7.mixinextras.injector.ModifyExpressionValueInjectionInfo.prepare(ModifyExpressionValueInjectionInfo.java:25) ~[mixinextras-neoforge-0.5.3.jar%23135!/:?] {re:classloading}
	at TRANSFORMER/mixinextras.neoforge@0.5.3/com.llamalad7.mixinextras.wrapper.InjectorWrapperImpl.prepare(InjectorWrapperImpl.java:56) ~[mixinextras-neoforge-0.5.3.jar%23135!/:?] {re:classloading}
	at TRANSFORMER/mixinextras.neoforge@0.5.3/com.llamalad7.mixinextras.sugar.impl.SugarWrapperImpl.prepare(SugarWrapperImpl.java:70) ~[mixinextras-neoforge-0.5.3.jar%23135!/:?] {re:classloading}
	at TRANSFORMER/mixinextras.neoforge@0.5.3/com.llamalad7.mixinextras.wrapper.WrapperInjectionInfo.prepare(WrapperInjectionInfo.java:64) ~[mixinextras-neoforge-0.5.3.jar%23135!/:?] {re:classloading}
	at MC-BOOTSTRAP/org.spongepowered.mixin/org.spongepowered.asm.mixin.transformer.MixinTargetContext.prepareInjections(MixinTargetContext.java:1407) ~[sponge-mixin-0.15.2+mixin.0.8.7.jar%2373!/:0.15.2+mixin.0.8.7] {}
	at MC-BOOTSTRAP/org.spongepowered.mixin/org.spongepowered.asm.mixin.transformer.MixinApplicatorStandard.prepareInjections(MixinApplicatorStandard.java:731) ~[sponge-mixin-0.15.2+mixin.0.8.7.jar%2373!/:0.15.2+mixin.0.8.7] {}
	at MC-BOOTSTRAP/org.spongepowered.mixin/org.spongepowered.asm.mixin.transformer.MixinApplicatorStandard.applyMixin(MixinApplicatorStandard.java:315) ~[sponge-mixin-0.15.2+mixin.0.8.7.jar%2373!/:0.15.2+mixin.0.8.7] {}
	at MC-BOOTSTRAP/org.spongepowered.mixin/org.spongepowered.asm.mixin.transformer.MixinApplicatorStandard.apply(MixinApplicatorStandard.java:246) ~[sponge-mixin-0.15.2+mixin.0.8.7.jar%2373!/:0.15.2+mixin.0.8.7] {}
	at MC-BOOTSTRAP/org.spongepowered.mixin/org.spongepowered.asm.mixin.transformer.TargetClassContext.apply(TargetClassContext.java:437) ~[sponge-mixin-0.15.2+mixin.0.8.7.jar%2373!/:0.15.2+mixin.0.8.7] {}
	at MC-BOOTSTRAP/org.spongepowered.mixin/org.spongepowered.asm.mixin.transformer.TargetClassContext.applyMixins(TargetClassContext.java:418) ~[sponge-mixin-0.15.2+mixin.0.8.7.jar%2373!/:0.15.2+mixin.0.8.7] {}
	at MC-BOOTSTRAP/org.spongepowered.mixin/org.spongepowered.asm.mixin.transformer.MixinProcessor.applyMixins(MixinProcessor.java:363) ~[sponge-mixin-0.15.2+mixin.0.8.7.jar%2373!/:0.15.2+mixin.0.8.7] {}
	at MC-BOOTSTRAP/org.spongepowered.mixin/org.spongepowered.asm.mixin.transformer.MixinTransformer.transformClass(MixinTransformer.java:250) ~[sponge-mixin-0.15.2+mixin.0.8.7.jar%2373!/:0.15.2+mixin.0.8.7] {}
	at MC-BOOTSTRAP/org.spongepowered.mixin/org.spongepowered.asm.service.modlauncher.MixinTransformationHandler.processClass(MixinTransformationHandler.java:131) ~[sponge-mixin-0.15.2+mixin.0.8.7.jar%2373!/:0.15.2+mixin.0.8.7] {}
	at MC-BOOTSTRAP/org.spongepowered.mixin/org.spongepowered.asm.launch.MixinLaunchPluginLegacy.processClass(MixinLaunchPluginLegacy.java:131) ~[sponge-mixin-0.15.2+mixin.0.8.7.jar%2373!/:0.15.2+mixin.0.8.7] {}
	at MC-BOOTSTRAP/cpw.mods.modlauncher@11.0.5/cpw.mods.modlauncher.serviceapi.ILaunchPluginService.processClassWithFlags(ILaunchPluginService.java:156) ~[modlauncher-11.0.5.jar%2364!/:11.0.5+main.901c6ea8] {}
	at MC-BOOTSTRAP/cpw.mods.modlauncher@11.0.5/cpw.mods.modlauncher.LaunchPluginHandler.offerClassNodeToPlugins(LaunchPluginHandler.java:94) ~[modlauncher-11.0.5.jar%2364!/:?] {}
	at MC-BOOTSTRAP/cpw.mods.modlauncher@11.0.5/cpw.mods.modlauncher.ClassTransformer.transform(ClassTransformer.java:120) ~[modlauncher-11.0.5.jar%2364!/:?] {}
	at MC-BOOTSTRAP/cpw.mods.modlauncher@11.0.5/cpw.mods.modlauncher.TransformingClassLoader.maybeTransformClassBytes(TransformingClassLoader.java:57) ~[modlauncher-11.0.5.jar%2364!/:?] {}
	at cpw.mods.securejarhandler/cpw.mods.cl.ModuleClassLoader.readerToClass(ModuleClassLoader.java:190) ~[securejarhandler-3.0.8.jar:?] {}
	at cpw.mods.securejarhandler/cpw.mods.cl.ModuleClassLoader.lambda$findClass$20(ModuleClassLoader.java:298) ~[securejarhandler-3.0.8.jar:?] {}
	at cpw.mods.securejarhandler/cpw.mods.cl.ModuleClassLoader.loadFromModule(ModuleClassLoader.java:311) ~[securejarhandler-3.0.8.jar:?] {}
	at cpw.mods.securejarhandler/cpw.mods.cl.ModuleClassLoader.findClass(ModuleClassLoader.java:298) ~[securejarhandler-3.0.8.jar:?] {}
	at cpw.mods.securejarhandler/cpw.mods.cl.ModuleClassLoader.loadClass(ModuleClassLoader.java:214) ~[securejarhandler-3.0.8.jar:?] {}
	at java.base/java.lang.ClassLoader.loadClass(ClassLoader.java:526) ~[?:?] {}
	at TRANSFORMER/minecraft@1.21.1/net.minecraft.world.level.levelgen.NoiseBasedChunkGenerator.createNoiseChunk(NoiseBasedChunkGenerator.java:106) ~[server-1.21.1-20240808.144430-srg.jar%23120!/:?] {re:mixin,pl:accesstransformer:B,re:mixin,pl:accesstransformer:B,re:mixin,pl:accesstransformer:B,re:classloading,pl:accesstransformer:B,pl:mixin:APP:generator_accelerator.mixins.json:MixinNoiseBasedChunkGenerator$fast_do_fill from mod generator_accelerator,pl:mixin:APP:generator_accelerator.mixins.json:MixinNoiseBasedChunkGenerator$optimize_apply_carvers from mod generator_accelerator,pl:mixin:APP:generator_accelerator.mixins.json:MixinNoiseBasedChunkGenerator$optimize_iterate_noise_column from mod generator_accelerator,pl:mixin:APP:generator_accelerator_density_compiler.mixins.json:NoiseBasedChunkGeneratorMixin from mod generator_accelerator,pl:mixin:APP:bons_and_furious.beardifier.mixins.json:CreateNoiseChunkMixin from mod bons_and_furious,pl:mixin:APP:bons_and_furious.terrain.mixins.json:ColumnHeightShareMixin from mod bons_and_furious,pl:mixin:A}
	at TRANSFORMER/minecraft@1.21.1/net.minecraft.world.level.levelgen.NoiseBasedChunkGenerator.lambda$doCreateBiomes$6(NoiseBasedChunkGenerator.java:98) ~[server-1.21.1-20240808.144430-srg.jar%23120!/:?] {re:mixin,pl:accesstransformer:B,re:mixin,pl:accesstransformer:B,re:mixin,pl:accesstransformer:B,re:classloading,pl:accesstransformer:B,pl:mixin:APP:generator_accelerator.mixins.json:MixinNoiseBasedChunkGenerator$fast_do_fill from mod generator_accelerator,pl:mixin:APP:generator_accelerator.mixins.json:MixinNoiseBasedChunkGenerator$optimize_apply_carvers from mod generator_accelerator,pl:mixin:APP:generator_accelerator.mixins.json:MixinNoiseBasedChunkGenerator$optimize_iterate_noise_column from mod generator_accelerator,pl:mixin:APP:generator_accelerator_density_compiler.mixins.json:NoiseBasedChunkGeneratorMixin from mod generator_accelerator,pl:mixin:APP:bons_and_furious.beardifier.mixins.json:CreateNoiseChunkMixin from mod bons_and_furious,pl:mixin:APP:bons_and_furious.terrain.mixins.json:ColumnHeightShareMixin from mod bons_and_furious,pl:mixin:A}
	at TRANSFORMER/minecraft@1.21.1/net.minecraft.world.level.chunk.ChunkAccess.getOrCreateNoiseChunk(ChunkAccess.java:417) ~[server-1.21.1-20240808.144430-srg.jar%23120!/:?] {re:mixin,re:classloading,pl:mixin:APP:generator_accelerator.mixins.json:accessor.MixinChunkAccessAccessor from mod generator_accelerator,pl:mixin:APP:generator_accelerator_structures.mixins.json:MixinChunkAccess$SynchronizeStructureData from mod generator_accelerator,pl:mixin:APP:generator_accelerator_features.mixins.json:MixinChunkAccess from mod generator_accelerator,pl:mixin:APP:generator_accelerator_features.mixins.json:MixinChunkAccess$fast_block_light_sources from mod generator_accelerator,pl:mixin:A}
	at TRANSFORMER/minecraft@1.21.1/net.minecraft.world.level.levelgen.NoiseBasedChunkGenerator.doCreateBiomes(NoiseBasedChunkGenerator.java:98) ~[server-1.21.1-20240808.144430-srg.jar%23120!/:?] {re:mixin,pl:accesstransformer:B,re:mixin,pl:accesstransformer:B,re:mixin,pl:accesstransformer:B,re:classloading,pl:accesstransformer:B,pl:mixin:APP:generator_accelerator.mixins.json:MixinNoiseBasedChunkGenerator$fast_do_fill from mod generator_accelerator,pl:mixin:APP:generator_accelerator.mixins.json:MixinNoiseBasedChunkGenerator$optimize_apply_carvers from mod generator_accelerator,pl:mixin:APP:generator_accelerator.mixins.json:MixinNoiseBasedChunkGenerator$optimize_iterate_noise_column from mod generator_accelerator,pl:mixin:APP:generator_accelerator_density_compiler.mixins.json:NoiseBasedChunkGeneratorMixin from mod generator_accelerator,pl:mixin:APP:bons_and_furious.beardifier.mixins.json:CreateNoiseChunkMixin from mod bons_and_furious,pl:mixin:APP:bons_and_furious.terrain.mixins.json:ColumnHeightShareMixin from mod bons_and_furious,pl:mixin:A}
	at TRANSFORMER/minecraft@1.21.1/net.minecraft.world.level.levelgen.NoiseBasedChunkGenerator.lambda$createBiomes$5(NoiseBasedChunkGenerator.java:92) ~[server-1.21.1-20240808.144430-srg.jar%23120!/:?] {re:mixin,pl:accesstransformer:B,re:mixin,pl:accesstransformer:B,re:mixin,pl:accesstransformer:B,re:classloading,pl:accesstransformer:B,pl:mixin:APP:generator_accelerator.mixins.json:MixinNoiseBasedChunkGenerator$fast_do_fill from mod generator_accelerator,pl:mixin:APP:generator_accelerator.mixins.json:MixinNoiseBasedChunkGenerator$optimize_apply_carvers from mod generator_accelerator,pl:mixin:APP:generator_accelerator.mixins.json:MixinNoiseBasedChunkGenerator$optimize_iterate_noise_column from mod generator_accelerator,pl:mixin:APP:generator_accelerator_density_compiler.mixins.json:NoiseBasedChunkGeneratorMixin from mod generator_accelerator,pl:mixin:APP:bons_and_furious.beardifier.mixins.json:CreateNoiseChunkMixin from mod bons_and_furious,pl:mixin:APP:bons_and_furious.terrain.mixins.json:ColumnHeightShareMixin from mod bons_and_furious,pl:mixin:A}
	at java.base/java.util.concurrent.CompletableFuture$AsyncSupply.run(CompletableFuture.java:1768) [?:?] {}
	at java.base/java.util.concurrent.CompletableFuture$AsyncSupply.exec(CompletableFuture.java:1760) [?:?] {}
	at java.base/java.util.concurrent.ForkJoinTask.doExec(ForkJoinTask.java:387) [?:?] {}
	at java.base/java.util.concurrent.ForkJoinPool$WorkQueue.topLevelExec(ForkJoinPool.java:1312) [?:?] {}
	at java.base/java.util.concurrent.ForkJoinPool.scan(ForkJoinPool.java:1843) [?:?] {}
	at java.base/java.util.concurrent.ForkJoinPool.runWorker(ForkJoinPool.java:1808) [?:?] {}
	at java.base/java.util.concurrent.ForkJoinWorkerThread.run(ForkJoinWorkerThread.java:188) [?:?] {}
[04:50:49] [Worker-Main-22/FATAL] [mixin/]: Mixin apply for mod bons_and_furious failed bons_and_furious.worldgen_beardifier_bounds.mixins.json:BeardifierBoundsMixin from mod bons_and_furious -> net.minecraft.world.level.levelgen.Beardifier: org.spongepowered.asm.mixin.injection.throwables.InvalidInjectionException @At("FIELD") on net/minecraft/world/level/levelgen/Beardifier::bons$rigids with priority 1000 cannot inject into net/minecraft/world/level/levelgen/Beardifier::compute(Lnet/minecraft/world/level/levelgen/DensityFunction$FunctionContext;)D merged by dev.sixik.generator_accelerator.common.beardifier.mixin.MixinBeardifier with priority 1000 [INJECT_PREPARE Applicator Phase -> bons_and_furious.worldgen_beardifier_bounds.mixins.json:BeardifierBoundsMixin from mod bons_and_furious -> Prepare Injections -> modifyExpressionValue$zgo000$bons_and_furious$bons$rigids(Lit/unimi/dsi/fastutil/objects/ObjectListIterator;III)Lit/unimi/dsi/fastutil/objects/ObjectListIterator; -> Prepare ->  -> { target: compute(Lnet/minecraft/world/level/levelgen/DensityFunction$FunctionContext;)D }]
org.spongepowered.asm.mixin.injection.throwables.InvalidInjectionException: @At("FIELD") on net/minecraft/world/level/levelgen/Beardifier::bons$rigids with priority 1000 cannot inject into net/minecraft/world/level/levelgen/Beardifier::compute(Lnet/minecraft/world/level/levelgen/DensityFunction$FunctionContext;)D merged by dev.sixik.generator_accelerator.common.beardifier.mixin.MixinBeardifier with priority 1000 [INJECT_PREPARE Applicator Phase -> bons_and_furious.worldgen_beardifier_bounds.mixins.json:BeardifierBoundsMixin from mod bons_and_furious -> Prepare Injections -> modifyExpressionValue$zgo000$bons_and_furious$bons$rigids(Lit/unimi/dsi/fastutil/objects/ObjectListIterator;III)Lit/unimi/dsi/fastutil/objects/ObjectListIterator; -> Prepare ->  -> { target: compute(Lnet/minecraft/world/level/levelgen/DensityFunction$FunctionContext;)D }]
	at MC-BOOTSTRAP/org.spongepowered.mixin/org.spongepowered.asm.mixin.injection.code.Injector.findTargetNodes(Injector.java:312) ~[sponge-mixin-0.15.2+mixin.0.8.7.jar%2373!/:0.15.2+mixin.0.8.7] {}
	at MC-BOOTSTRAP/org.spongepowered.mixin/org.spongepowered.asm.mixin.injection.code.Injector.find(Injector.java:248) ~[sponge-mixin-0.15.2+mixin.0.8.7.jar%2373!/:0.15.2+mixin.0.8.7] {}
	at MC-BOOTSTRAP/org.spongepowered.mixin/org.spongepowered.asm.mixin.injection.struct.InjectionInfo.prepare(InjectionInfo.java:475) ~[sponge-mixin-0.15.2+mixin.0.8.7.jar%2373!/:0.15.2+mixin.0.8.7] {}
	at TRANSFORMER/mixinextras.neoforge@0.5.3/com.llamalad7.mixinextras.injector.ModifyExpressionValueInjectionInfo.prepare(ModifyExpressionValueInjectionInfo.java:25) ~[mixinextras-neoforge-0.5.3.jar%23135!/:?] {re:classloading}
	at TRANSFORMER/mixinextras.neoforge@0.5.3/com.llamalad7.mixinextras.wrapper.InjectorWrapperImpl.prepare(InjectorWrapperImpl.java:56) ~[mixinextras-neoforge-0.5.3.jar%23135!/:?] {re:classloading}
	at TRANSFORMER/mixinextras.neoforge@0.5.3/com.llamalad7.mixinextras.sugar.impl.SugarWrapperImpl.prepare(SugarWrapperImpl.java:70) ~[mixinextras-neoforge-0.5.3.jar%23135!/:?] {re:classloading}
	at TRANSFORMER/mixinextras.neoforge@0.5.3/com.llamalad7.mixinextras.wrapper.WrapperInjectionInfo.prepare(WrapperInjectionInfo.java:64) ~[mixinextras-neoforge-0.5.3.jar%23135!/:?] {re:classloading}
	at MC-BOOTSTRAP/org.spongepowered.mixin/org.spongepowered.asm.mixin.transformer.MixinTargetContext.prepareInjections(MixinTargetContext.java:1407) ~[sponge-mixin-0.15.2+mixin.0.8.7.jar%2373!/:0.15.2+mixin.0.8.7] {}
	at MC-BOOTSTRAP/org.spongepowered.mixin/org.spongepowered.asm.mixin.transformer.MixinApplicatorStandard.prepareInjections(MixinApplicatorStandard.java:731) ~[sponge-mixin-0.15.2+mixin.0.8.7.jar%2373!/:0.15.2+mixin.0.8.7] {}
	at MC-BOOTSTRAP/org.spongepowered.mixin/org.spongepowered.asm.mixin.transformer.MixinApplicatorStandard.applyMixin(MixinApplicatorStandard.java:315) ~[sponge-mixin-0.15.2+mixin.0.8.7.jar%2373!/:0.15.2+mixin.0.8.7] {}
	at MC-BOOTSTRAP/org.spongepowered.mixin/org.spongepowered.asm.mixin.transformer.MixinApplicatorStandard.apply(MixinApplicatorStandard.java:246) ~[sponge-mixin-0.15.2+mixin.0.8.7.jar%2373!/:0.15.2+mixin.0.8.7] {}
	at MC-BOOTSTRAP/org.spongepowered.mixin/org.spongepowered.asm.mixin.transformer.TargetClassContext.apply(TargetClassContext.java:437) ~[sponge-mixin-0.15.2+mixin.0.8.7.jar%2373!/:0.15.2+mixin.0.8.7] {}
	at MC-BOOTSTRAP/org.spongepowered.mixin/org.spongepowered.asm.mixin.transformer.TargetClassContext.applyMixins(TargetClassContext.java:418) ~[sponge-mixin-0.15.2+mixin.0.8.7.jar%2373!/:0.15.2+mixin.0.8.7] {}
	at MC-BOOTSTRAP/org.spongepowered.mixin/org.spongepowered.asm.mixin.transformer.MixinProcessor.applyMixins(MixinProcessor.java:363) ~[sponge-mixin-0.15.2+mixin.0.8.7.jar%2373!/:0.15.2+mixin.0.8.7] {}
	at MC-BOOTSTRAP/org.spongepowered.mixin/org.spongepowered.asm.mixin.transformer.MixinTransformer.transformClass(MixinTransformer.java:250) ~[sponge-mixin-0.15.2+mixin.0.8.7.jar%2373!/:0.15.2+mixin.0.8.7] {}
	at MC-BOOTSTRAP/org.spongepowered.mixin/org.spongepowered.asm.service.modlauncher.MixinTransformationHandler.processClass(MixinTransformationHandler.java:131) ~[sponge-mixin-0.15.2+mixin.0.8.7.jar%2373!/:0.15.2+mixin.0.8.7] {}
	at MC-BOOTSTRAP/org.spongepowered.mixin/org.spongepowered.asm.launch.MixinLaunchPluginLegacy.processClass(MixinLaunchPluginLegacy.java:131) ~[sponge-mixin-0.15.2+mixin.0.8.7.jar%2373!/:0.15.2+mixin.0.8.7] {}
	at MC-BOOTSTRAP/cpw.mods.modlauncher@11.0.5/cpw.mods.modlauncher.serviceapi.ILaunchPluginService.processClassWithFlags(ILaunchPluginService.java:156) ~[modlauncher-11.0.5.jar%2364!/:11.0.5+main.901c6ea8] {}
	at MC-BOOTSTRAP/cpw.mods.modlauncher@11.0.5/cpw.mods.modlauncher.LaunchPluginHandler.offerClassNodeToPlugins(LaunchPluginHandler.java:94) ~[modlauncher-11.0.5.jar%2364!/:?] {}
	at MC-BOOTSTRAP/cpw.mods.modlauncher@11.0.5/cpw.mods.modlauncher.ClassTransformer.transform(ClassTransformer.java:120) ~[modlauncher-11.0.5.jar%2364!/:?] {}
	at MC-BOOTSTRAP/cpw.mods.modlauncher@11.0.5/cpw.mods.modlauncher.TransformingClassLoader.maybeTransformClassBytes(TransformingClassLoader.java:57) ~[modlauncher-11.0.5.jar%2364!/:?] {}
	at cpw.mods.securejarhandler/cpw.mods.cl.ModuleClassLoader.readerToClass(ModuleClassLoader.java:190) ~[securejarhandler-3.0.8.jar:?] {}
	at cpw.mods.securejarhandler/cpw.mods.cl.ModuleClassLoader.lambda$findClass$20(ModuleClassLoader.java:298) ~[securejarhandler-3.0.8.jar:?] {}
	at cpw.mods.securejarhandler/cpw.mods.cl.ModuleClassLoader.loadFromModule(ModuleClassLoader.java:311) ~[securejarhandler-3.0.8.jar:?] {}
	at cpw.mods.securejarhandler/cpw.mods.cl.ModuleClassLoader.findClass(ModuleClassLoader.java:298) ~[securejarhandler-3.0.8.jar:?] {}
	at cpw.mods.securejarhandler/cpw.mods.cl.ModuleClassLoader.loadClass(ModuleClassLoader.java:214) ~[securejarhandler-3.0.8.jar:?] {}
	at java.base/java.lang.ClassLoader.loadClass(ClassLoader.java:526) ~[?:?] {}
	at TRANSFORMER/minecraft@1.21.1/net.minecraft.world.level.levelgen.NoiseBasedChunkGenerator.createNoiseChunk(NoiseBasedChunkGenerator.java:106) ~[server-1.21.1-20240808.144430-srg.jar%23120!/:?] {re:mixin,pl:accesstransformer:B,re:mixin,pl:accesstransformer:B,re:mixin,pl:accesstransformer:B,re:classloading,pl:accesstransformer:B,pl:mixin:APP:generator_accelerator.mixins.json:MixinNoiseBasedChunkGenerator$fast_do_fill from mod generator_accelerator,pl:mixin:APP:generator_accelerator.mixins.json:MixinNoiseBasedChunkGenerator$optimize_apply_carvers from mod generator_accelerator,pl:mixin:APP:generator_accelerator.mixins.json:MixinNoiseBasedChunkGenerator$optimize_iterate_noise_column from mod generator_accelerator,pl:mixin:APP:generator_accelerator_density_compiler.mixins.json:NoiseBasedChunkGeneratorMixin from mod generator_accelerator,pl:mixin:APP:bons_and_furious.beardifier.mixins.json:CreateNoiseChunkMixin from mod bons_and_furious,pl:mixin:APP:bons_and_furious.terrain.mixins.json:ColumnHeightShareMixin from mod bons_and_furious,pl:mixin:A}
	at TRANSFORMER/minecraft@1.21.1/net.minecraft.world.level.levelgen.NoiseBasedChunkGenerator.lambda$doCreateBiomes$6(NoiseBasedChunkGenerator.java:98) ~[server-1.21.1-20240808.144430-srg.jar%23120!/:?] {re:mixin,pl:accesstransformer:B,re:mixin,pl:accesstransformer:B,re:mixin,pl:accesstransformer:B,re:classloading,pl:accesstransformer:B,pl:mixin:APP:generator_accelerator.mixins.json:MixinNoiseBasedChunkGenerator$fast_do_fill from mod generator_accelerator,pl:mixin:APP:generator_accelerator.mixins.json:MixinNoiseBasedChunkGenerator$optimize_apply_carvers from mod generator_accelerator,pl:mixin:APP:generator_accelerator.mixins.json:MixinNoiseBasedChunkGenerator$optimize_iterate_noise_column from mod generator_accelerator,pl:mixin:APP:generator_accelerator_density_compiler.mixins.json:NoiseBasedChunkGeneratorMixin from mod generator_accelerator,pl:mixin:APP:bons_and_furious.beardifier.mixins.json:CreateNoiseChunkMixin from mod bons_and_furious,pl:mixin:APP:bons_and_furious.terrain.mixins.json:ColumnHeightShareMixin from mod bons_and_furious,pl:mixin:A}
	at TRANSFORMER/minecraft@1.21.1/net.minecraft.world.level.chunk.ChunkAccess.getOrCreateNoiseChunk(ChunkAccess.java:417) ~[server-1.21.1-20240808.144430-srg.jar%23120!/:?] {re:mixin,re:classloading,pl:mixin:APP:generator_accelerator.mixins.json:accessor.MixinChunkAccessAccessor from mod generator_accelerator,pl:mixin:APP:generator_accelerator_structures.mixins.json:MixinChunkAccess$SynchronizeStructureData from mod generator_accelerator,pl:mixin:APP:generator_accelerator_features.mixins.json:MixinChunkAccess from mod generator_accelerator,pl:mixin:APP:generator_accelerator_features.mixins.json:MixinChunkAccess$fast_block_light_sources from mod generator_accelerator,pl:mixin:A}
	at TRANSFORMER/minecraft@1.21.1/net.minecraft.world.level.levelgen.NoiseBasedChunkGenerator.doCreateBiomes(NoiseBasedChunkGenerator.java:98) ~[server-1.21.1-20240808.144430-srg.jar%23120!/:?] {re:mixin,pl:accesstransformer:B,re:mixin,pl:accesstransformer:B,re:mixin,pl:accesstransformer:B,re:classloading,pl:accesstransformer:B,pl:mixin:APP:generator_accelerator.mixins.json:MixinNoiseBasedChunkGenerator$fast_do_fill from mod generator_accelerator,pl:mixin:APP:generator_accelerator.mixins.json:MixinNoiseBasedChunkGenerator$optimize_apply_carvers from mod generator_accelerator,pl:mixin:APP:generator_accelerator.mixins.json:MixinNoiseBasedChunkGenerator$optimize_iterate_noise_column from mod generator_accelerator,pl:mixin:APP:generator_accelerator_density_compiler.mixins.json:NoiseBasedChunkGeneratorMixin from mod generator_accelerator,pl:mixin:APP:bons_and_furious.beardifier.mixins.json:CreateNoiseChunkMixin from mod bons_and_furious,pl:mixin:APP:bons_and_furious.terrain.mixins.json:ColumnHeightShareMixin from mod bons_and_furious,pl:mixin:A}
	at TRANSFORMER/minecraft@1.21.1/net.minecraft.world.level.levelgen.NoiseBasedChunkGenerator.lambda$createBiomes$5(NoiseBasedChunkGenerator.java:92) ~[server-1.21.1-20240808.144430-srg.jar%23120!/:?] {re:mixin,pl:accesstransformer:B,re:mixin,pl:accesstransformer:B,re:mixin,pl:accesstransformer:B,re:classloading,pl:accesstransformer:B,pl:mixin:APP:generator_accelerator.mixins.json:MixinNoiseBasedChunkGenerator$fast_do_fill from mod generator_accelerator,pl:mixin:APP:generator_accelerator.mixins.json:MixinNoiseBasedChunkGenerator$optimize_apply_carvers from mod generator_accelerator,pl:mixin:APP:generator_accelerator.mixins.json:MixinNoiseBasedChunkGenerator$optimize_iterate_noise_column from mod generator_accelerator,pl:mixin:APP:generator_accelerator_density_compiler.mixins.json:NoiseBasedChunkGeneratorMixin from mod generator_accelerator,pl:mixin:APP:bons_and_furious.beardifier.mixins.json:CreateNoiseChunkMixin from mod bons_and_furious,pl:mixin:APP:bons_and_furious.terrain.mixins.json:ColumnHeightShareMixin from mod bons_and_furious,pl:mixin:A}
	at java.base/java.util.concurrent.CompletableFuture$AsyncSupply.run(CompletableFuture.java:1768) [?:?] {}
	at java.base/java.util.concurrent.CompletableFuture$AsyncSupply.exec(CompletableFuture.java:1760) [?:?] {}
	at java.base/java.util.concurrent.ForkJoinTask.doExec(ForkJoinTask.java:387) [?:?] {}
	at java.base/java.util.concurrent.ForkJoinPool$WorkQueue.topLevelExec(ForkJoinPool.java:1312) [?:?] {}
	at java.base/java.util.concurrent.ForkJoinPool.scan(ForkJoinPool.java:1843) [?:?] {}
	at java.base/java.util.concurrent.ForkJoinPool.runWorker(ForkJoinPool.java:1808) [?:?] {}
	at java.base/java.util.concurrent.ForkJoinWorkerThread.run(ForkJoinWorkerThread.java:188) [?:?] {}
[04:50:49] [Worker-Main-21/FATAL] [mixin/]: Mixin apply for mod bons_and_furious failed bons_and_furious.worldgen_beardifier_bounds.mixins.json:BeardifierBoundsMixin from mod bons_and_furious -> net.minecraft.world.level.levelgen.Beardifier: org.spongepowered.asm.mixin.injection.throwables.InvalidInjectionException @At("FIELD") on net/minecraft/world/level/levelgen/Beardifier::bons$rigids with priority 1000 cannot inject into net/minecraft/world/level/levelgen/Beardifier::compute(Lnet/minecraft/world/level/levelgen/DensityFunction$FunctionContext;)D merged by dev.sixik.generator_accelerator.common.beardifier.mixin.MixinBeardifier with priority 1000 [INJECT_PREPARE Applicator Phase -> bons_and_furious.worldgen_beardifier_bounds.mixins.json:BeardifierBoundsMixin from mod bons_and_furious -> Prepare Injections -> modifyExpressionValue$zgo000$bons_and_furious$bons$rigids(Lit/unimi/dsi/fastutil/objects/ObjectListIterator;III)Lit/unimi/dsi/fastutil/objects/ObjectListIterator; -> Prepare ->  -> { target: compute(Lnet/minecraft/world/level/levelgen/DensityFunction$FunctionContext;)D }]
org.spongepowered.asm.mixin.injection.throwables.InvalidInjectionException: @At("FIELD") on net/minecraft/world/level/levelgen/Beardifier::bons$rigids with priority 1000 cannot inject into net/minecraft/world/level/levelgen/Beardifier::compute(Lnet/minecraft/world/level/levelgen/DensityFunction$FunctionContext;)D merged by dev.sixik.generator_accelerator.common.beardifier.mixin.MixinBeardifier with priority 1000 [INJECT_PREPARE Applicator Phase -> bons_and_furious.worldgen_beardifier_bounds.mixins.json:BeardifierBoundsMixin from mod bons_and_furious -> Prepare Injections -> modifyExpressionValue$zgo000$bons_and_furious$bons$rigids(Lit/unimi/dsi/fastutil/objects/ObjectListIterator;III)Lit/unimi/dsi/fastutil/objects/ObjectListIterator; -> Prepare ->  -> { target: compute(Lnet/minecraft/world/level/levelgen/DensityFunction$FunctionContext;)D }]
	at MC-BOOTSTRAP/org.spongepowered.mixin/org.spongepowered.asm.mixin.injection.code.Injector.findTargetNodes(Injector.java:312) ~[sponge-mixin-0.15.2+mixin.0.8.7.jar%2373!/:0.15.2+mixin.0.8.7] {}
	at MC-BOOTSTRAP/org.spongepowered.mixin/org.spongepowered.asm.mixin.injection.code.Injector.find(Injector.java:248) ~[sponge-mixin-0.15.2+mixin.0.8.7.jar%2373!/:0.15.2+mixin.0.8.7] {}
	at MC-BOOTSTRAP/org.spongepowered.mixin/org.spongepowered.asm.mixin.injection.struct.InjectionInfo.prepare(InjectionInfo.java:475) ~[sponge-mixin-0.15.2+mixin.0.8.7.jar%2373!/:0.15.2+mixin.0.8.7] {}
	at TRANSFORMER/mixinextras.neoforge@0.5.3/com.llamalad7.mixinextras.injector.ModifyExpressionValueInjectionInfo.prepare(ModifyExpressionValueInjectionInfo.java:25) ~[mixinextras-neoforge-0.5.3.jar%23135!/:?] {re:classloading}
	at TRANSFORMER/mixinextras.neoforge@0.5.3/com.llamalad7.mixinextras.wrapper.InjectorWrapperImpl.prepare(InjectorWrapperImpl.java:56) ~[mixinextras-neoforge-0.5.3.jar%23135!/:?] {re:classloading}
	at TRANSFORMER/mixinextras.neoforge@0.5.3/com.llamalad7.mixinextras.sugar.impl.SugarWrapperImpl.prepare(SugarWrapperImpl.java:70) ~[mixinextras-neoforge-0.5.3.jar%23135!/:?] {re:classloading}
	at TRANSFORMER/mixinextras.neoforge@0.5.3/com.llamalad7.mixinextras.wrapper.WrapperInjectionInfo.prepare(WrapperInjectionInfo.java:64) ~[mixinextras-neoforge-0.5.3.jar%23135!/:?] {re:classloading}
	at MC-BOOTSTRAP/org.spongepowered.mixin/org.spongepowered.asm.mixin.transformer.MixinTargetContext.prepareInjections(MixinTargetContext.java:1407) ~[sponge-mixin-0.15.2+mixin.0.8.7.jar%2373!/:0.15.2+mixin.0.8.7] {}
	at MC-BOOTSTRAP/org.spongepowered.mixin/org.spongepowered.asm.mixin.transformer.MixinApplicatorStandard.prepareInjections(MixinApplicatorStandard.java:731) ~[sponge-mixin-0.15.2+mixin.0.8.7.jar%2373!/:0.15.2+mixin.0.8.7] {}
	at MC-BOOTSTRAP/org.spongepowered.mixin/org.spongepowered.asm.mixin.transformer.MixinApplicatorStandard.applyMixin(MixinApplicatorStandard.java:315) ~[sponge-mixin-0.15.2+mixin.0.8.7.jar%2373!/:0.15.2+mixin.0.8.7] {}
	at MC-BOOTSTRAP/org.spongepowered.mixin/org.spongepowered.asm.mixin.transformer.MixinApplicatorStandard.apply(MixinApplicatorStandard.java:246) ~[sponge-mixin-0.15.2+mixin.0.8.7.jar%2373!/:0.15.2+mixin.0.8.7] {}
	at MC-BOOTSTRAP/org.spongepowered.mixin/org.spongepowered.asm.mixin.transformer.TargetClassContext.apply(TargetClassContext.java:437) ~[sponge-mixin-0.15.2+mixin.0.8.7.jar%2373!/:0.15.2+mixin.0.8.7] {}
	at MC-BOOTSTRAP/org.spongepowered.mixin/org.spongepowered.asm.mixin.transformer.TargetClassContext.applyMixins(TargetClassContext.java:418) ~[sponge-mixin-0.15.2+mixin.0.8.7.jar%2373!/:0.15.2+mixin.0.8.7] {}
	at MC-BOOTSTRAP/org.spongepowered.mixin/org.spongepowered.asm.mixin.transformer.MixinProcessor.applyMixins(MixinProcessor.java:363) ~[sponge-mixin-0.15.2+mixin.0.8.7.jar%2373!/:0.15.2+mixin.0.8.7] {}
	at MC-BOOTSTRAP/org.spongepowered.mixin/org.spongepowered.asm.mixin.transformer.MixinTransformer.transformClass(MixinTransformer.java:250) ~[sponge-mixin-0.15.2+mixin.0.8.7.jar%2373!/:0.15.2+mixin.0.8.7] {}
	at MC-BOOTSTRAP/org.spongepowered.mixin/org.spongepowered.asm.service.modlauncher.MixinTransformationHandler.processClass(MixinTransformationHandler.java:131) ~[sponge-mixin-0.15.2+mixin.0.8.7.jar%2373!/:0.15.2+mixin.0.8.7] {}
	at MC-BOOTSTRAP/org.spongepowered.mixin/org.spongepowered.asm.launch.MixinLaunchPluginLegacy.processClass(MixinLaunchPluginLegacy.java:131) ~[sponge-mixin-0.15.2+mixin.0.8.7.jar%2373!/:0.15.2+mixin.0.8.7] {}
	at MC-BOOTSTRAP/cpw.mods.modlauncher@11.0.5/cpw.mods.modlauncher.serviceapi.ILaunchPluginService.processClassWithFlags(ILaunchPluginService.java:156) ~[modlauncher-11.0.5.jar%2364!/:11.0.5+main.901c6ea8] {}
	at MC-BOOTSTRAP/cpw.mods.modlauncher@11.0.5/cpw.mods.modlauncher.LaunchPluginHandler.offerClassNodeToPlugins(LaunchPluginHandler.java:94) ~[modlauncher-11.0.5.jar%2364!/:?] {}
	at MC-BOOTSTRAP/cpw.mods.modlauncher@11.0.5/cpw.mods.modlauncher.ClassTransformer.transform(ClassTransformer.java:120) ~[modlauncher-11.0.5.jar%2364!/:?] {}
	at MC-BOOTSTRAP/cpw.mods.modlauncher@11.0.5/cpw.mods.modlauncher.TransformingClassLoader.maybeTransformClassBytes(TransformingClassLoader.java:57) ~[modlauncher-11.0.5.jar%2364!/:?] {}
	at cpw.mods.securejarhandler/cpw.mods.cl.ModuleClassLoader.readerToClass(ModuleClassLoader.java:190) ~[securejarhandler-3.0.8.jar:?] {}
	at cpw.mods.securejarhandler/cpw.mods.cl.ModuleClassLoader.lambda$findClass$20(ModuleClassLoader.java:298) ~[securejarhandler-3.0.8.jar:?] {}
	at cpw.mods.securejarhandler/cpw.mods.cl.ModuleClassLoader.loadFromModule(ModuleClassLoader.java:311) ~[securejarhandler-3.0.8.jar:?] {}
	at cpw.mods.securejarhandler/cpw.mods.cl.ModuleClassLoader.findClass(ModuleClassLoader.java:298) ~[securejarhandler-3.0.8.jar:?] {}
	at cpw.mods.securejarhandler/cpw.mods.cl.ModuleClassLoader.loadClass(ModuleClassLoader.java:214) ~[securejarhandler-3.0.8.jar:?] {}
	at java.base/java.lang.ClassLoader.loadClass(ClassLoader.java:526) ~[?:?] {}
	at TRANSFORMER/minecraft@1.21.1/net.minecraft.world.level.levelgen.NoiseBasedChunkGenerator.createNoiseChunk(NoiseBasedChunkGenerator.java:106) ~[server-1.21.1-20240808.144430-srg.jar%23120!/:?] {re:mixin,pl:accesstransformer:B,re:mixin,pl:accesstransformer:B,re:mixin,pl:accesstransformer:B,re:classloading,pl:accesstransformer:B,pl:mixin:APP:generator_accelerator.mixins.json:MixinNoiseBasedChunkGenerator$fast_do_fill from mod generator_accelerator,pl:mixin:APP:generator_accelerator.mixins.json:MixinNoiseBasedChunkGenerator$optimize_apply_carvers from mod generator_accelerator,pl:mixin:APP:generator_accelerator.mixins.json:MixinNoiseBasedChunkGenerator$optimize_iterate_noise_column from mod generator_accelerator,pl:mixin:APP:generator_accelerator_density_compiler.mixins.json:NoiseBasedChunkGeneratorMixin from mod generator_accelerator,pl:mixin:APP:bons_and_furious.beardifier.mixins.json:CreateNoiseChunkMixin from mod bons_and_furious,pl:mixin:APP:bons_and_furious.terrain.mixins.json:ColumnHeightShareMixin from mod bons_and_furious,pl:mixin:A}
	at TRANSFORMER/minecraft@1.21.1/net.minecraft.world.level.levelgen.NoiseBasedChunkGenerator.lambda$doCreateBiomes$6(NoiseBasedChunkGenerator.java:98) ~[server-1.21.1-20240808.144430-srg.jar%23120!/:?] {re:mixin,pl:accesstransformer:B,re:mixin,pl:accesstransformer:B,re:mixin,pl:accesstransformer:B,re:classloading,pl:accesstransformer:B,pl:mixin:APP:generator_accelerator.mixins.json:MixinNoiseBasedChunkGenerator$fast_do_fill from mod generator_accelerator,pl:mixin:APP:generator_accelerator.mixins.json:MixinNoiseBasedChunkGenerator$optimize_apply_carvers from mod generator_accelerator,pl:mixin:APP:generator_accelerator.mixins.json:MixinNoiseBasedChunkGenerator$optimize_iterate_noise_column from mod generator_accelerator,pl:mixin:APP:generator_accelerator_density_compiler.mixins.json:NoiseBasedChunkGeneratorMixin from mod generator_accelerator,pl:mixin:APP:bons_and_furious.beardifier.mixins.json:CreateNoiseChunkMixin from mod bons_and_furious,pl:mixin:APP:bons_and_furious.terrain.mixins.json:ColumnHeightShareMixin from mod bons_and_furious,pl:mixin:A}
	at TRANSFORMER/minecraft@1.21.1/net.minecraft.world.level.chunk.ChunkAccess.getOrCreateNoiseChunk(ChunkAccess.java:417) ~[server-1.21.1-20240808.144430-srg.jar%23120!/:?] {re:mixin,re:classloading,pl:mixin:APP:generator_accelerator.mixins.json:accessor.MixinChunkAccessAccessor from mod generator_accelerator,pl:mixin:APP:generator_accelerator_structures.mixins.json:MixinChunkAccess$SynchronizeStructureData from mod generator_accelerator,pl:mixin:APP:generator_accelerator_features.mixins.json:MixinChunkAccess from mod generator_accelerator,pl:mixin:APP:generator_accelerator_features.mixins.json:MixinChunkAccess$fast_block_light_sources from mod generator_accelerator,pl:mixin:A}
	at TRANSFORMER/minecraft@1.21.1/net.minecraft.world.level.levelgen.NoiseBasedChunkGenerator.doCreateBiomes(NoiseBasedChunkGenerator.java:98) ~[server-1.21.1-20240808.144430-srg.jar%23120!/:?] {re:mixin,pl:accesstransformer:B,re:mixin,pl:accesstransformer:B,re:mixin,pl:accesstransformer:B,re:classloading,pl:accesstransformer:B,pl:mixin:APP:generator_accelerator.mixins.json:MixinNoiseBasedChunkGenerator$fast_do_fill from mod generator_accelerator,pl:mixin:APP:generator_accelerator.mixins.json:MixinNoiseBasedChunkGenerator$optimize_apply_carvers from mod generator_accelerator,pl:mixin:APP:generator_accelerator.mixins.json:MixinNoiseBasedChunkGenerator$optimize_iterate_noise_column from mod generator_accelerator,pl:mixin:APP:generator_accelerator_density_compiler.mixins.json:NoiseBasedChunkGeneratorMixin from mod generator_accelerator,pl:mixin:APP:bons_and_furious.beardifier.mixins.json:CreateNoiseChunkMixin from mod bons_and_furious,pl:mixin:APP:bons_and_furious.terrain.mixins.json:ColumnHeightShareMixin from mod bons_and_furious,pl:mixin:A}
	at TRANSFORMER/minecraft@1.21.1/net.minecraft.world.level.levelgen.NoiseBasedChunkGenerator.lambda$createBiomes$5(NoiseBasedChunkGenerator.java:92) ~[server-1.21.1-20240808.144430-srg.jar%23120!/:?] {re:mixin,pl:accesstransformer:B,re:mixin,pl:accesstransformer:B,re:mixin,pl:accesstransformer:B,re:classloading,pl:accesstransformer:B,pl:mixin:APP:generator_accelerator.mixins.json:MixinNoiseBasedChunkGenerator$fast_do_fill from mod generator_accelerator,pl:mixin:APP:generator_accelerator.mixins.json:MixinNoiseBasedChunkGenerator$optimize_apply_carvers from mod generator_accelerator,pl:mixin:APP:generator_accelerator.mixins.json:MixinNoiseBasedChunkGenerator$optimize_iterate_noise_column from mod generator_accelerator,pl:mixin:APP:generator_accelerator_density_compiler.mixins.json:NoiseBasedChunkGeneratorMixin from mod generator_accelerator,pl:mixin:APP:bons_and_furious.beardifier.mixins.json:CreateNoiseChunkMixin from mod bons_and_furious,pl:mixin:APP:bons_and_furious.terrain.mixins.json:ColumnHeightShareMixin from mod bons_and_furious,pl:mixin:A}
	at java.base/java.util.concurrent.CompletableFuture$AsyncSupply.run(CompletableFuture.java:1768) [?:?] {}
	at java.base/java.util.concurrent.CompletableFuture$AsyncSupply.exec(CompletableFuture.java:1760) [?:?] {}
	at java.base/java.util.concurrent.ForkJoinTask.doExec(ForkJoinTask.java:387) [?:?] {}
	at java.base/java.util.concurrent.ForkJoinPool$WorkQueue.topLevelExec(ForkJoinPool.java:1312) [?:?] {}
	at java.base/java.util.concurrent.ForkJoinPool.scan(ForkJoinPool.java:1843) [?:?] {}
	at java.base/java.util.concurrent.ForkJoinPool.runWorker(ForkJoinPool.java:1808) [?:?] {}
	at java.base/java.util.concurrent.ForkJoinWorkerThread.run(ForkJoinWorkerThread.java:188) [?:?] {}
[04:50:49] [Worker-Main-3/FATAL] [mixin/]: Mixin apply for mod bons_and_furious failed bons_and_furious.worldgen_beardifier_bounds.mixins.json:BeardifierBoundsMixin from mod bons_and_furious -> net.minecraft.world.level.levelgen.Beardifier: org.spongepowered.asm.mixin.injection.throwables.InvalidInjectionException @At("FIELD") on net/minecraft/world/level/levelgen/Beardifier::bons$rigids with priority 1000 cannot inject into net/minecraft/world/level/levelgen/Beardifier::compute(Lnet/minecraft/world/level/levelgen/DensityFunction$FunctionContext;)D merged by dev.sixik.generator_accelerator.common.beardifier.mixin.MixinBeardifier with priority 1000 [INJECT_PREPARE Applicator Phase -> bons_and_furious.worldgen_beardifier_bounds.mixins.json:BeardifierBoundsMixin from mod bons_and_furious -> Prepare Injections -> modifyExpressionValue$zgo000$bons_and_furious$bons$rigids(Lit/unimi/dsi/fastutil/objects/ObjectListIterator;III)Lit/unimi/dsi/fastutil/objects/ObjectListIterator; -> Prepare ->  -> { target: compute(Lnet/minecraft/world/level/levelgen/DensityFunction$FunctionContext;)D }]
org.spongepowered.asm.mixin.injection.throwables.InvalidInjectionException: @At("FIELD") on net/minecraft/world/level/levelgen/Beardifier::bons$rigids with priority 1000 cannot inject into net/minecraft/world/level/levelgen/Beardifier::compute(Lnet/minecraft/world/level/levelgen/DensityFunction$FunctionContext;)D merged by dev.sixik.generator_accelerator.common.beardifier.mixin.MixinBeardifier with priority 1000 [INJECT_PREPARE Applicator Phase -> bons_and_furious.worldgen_beardifier_bounds.mixins.json:BeardifierBoundsMixin from mod bons_and_furious -> Prepare Injections -> modifyExpressionValue$zgo000$bons_and_furious$bons$rigids(Lit/unimi/dsi/fastutil/objects/ObjectListIterator;III)Lit/unimi/dsi/fastutil/objects/ObjectListIterator; -> Prepare ->  -> { target: compute(Lnet/minecraft/world/level/levelgen/DensityFunction$FunctionContext;)D }]
	at MC-BOOTSTRAP/org.spongepowered.mixin/org.spongepowered.asm.mixin.injection.code.Injector.findTargetNodes(Injector.java:312) ~[sponge-mixin-0.15.2+mixin.0.8.7.jar%2373!/:0.15.2+mixin.0.8.7] {}
	at MC-BOOTSTRAP/org.spongepowered.mixin/org.spongepowered.asm.mixin.injection.code.Injector.find(Injector.java:248) ~[sponge-mixin-0.15.2+mixin.0.8.7.jar%2373!/:0.15.2+mixin.0.8.7] {}
	at MC-BOOTSTRAP/org.spongepowered.mixin/org.spongepowered.asm.mixin.injection.struct.InjectionInfo.prepare(InjectionInfo.java:475) ~[sponge-mixin-0.15.2+mixin.0.8.7.jar%2373!/:0.15.2+mixin.0.8.7] {}
	at TRANSFORMER/mixinextras.neoforge@0.5.3/com.llamalad7.mixinextras.injector.ModifyExpressionValueInjectionInfo.prepare(ModifyExpressionValueInjectionInfo.java:25) ~[mixinextras-neoforge-0.5.3.jar%23135!/:?] {re:classloading}
	at TRANSFORMER/mixinextras.neoforge@0.5.3/com.llamalad7.mixinextras.wrapper.InjectorWrapperImpl.prepare(InjectorWrapperImpl.java:56) ~[mixinextras-neoforge-0.5.3.jar%23135!/:?] {re:classloading}
	at TRANSFORMER/mixinextras.neoforge@0.5.3/com.llamalad7.mixinextras.sugar.impl.SugarWrapperImpl.prepare(SugarWrapperImpl.java:70) ~[mixinextras-neoforge-0.5.3.jar%23135!/:?] {re:classloading}
	at TRANSFORMER/mixinextras.neoforge@0.5.3/com.llamalad7.mixinextras.wrapper.WrapperInjectionInfo.prepare(WrapperInjectionInfo.java:64) ~[mixinextras-neoforge-0.5.3.jar%23135!/:?] {re:classloading}
	at MC-BOOTSTRAP/org.spongepowered.mixin/org.spongepowered.asm.mixin.transformer.MixinTargetContext.prepareInjections(MixinTargetContext.java:1407) ~[sponge-mixin-0.15.2+mixin.0.8.7.jar%2373!/:0.15.2+mixin.0.8.7] {}
	at MC-BOOTSTRAP/org.spongepowered.mixin/org.spongepowered.asm.mixin.transformer.MixinApplicatorStandard.prepareInjections(MixinApplicatorStandard.java:731) ~[sponge-mixin-0.15.2+mixin.0.8.7.jar%2373!/:0.15.2+mixin.0.8.7] {}
	at MC-BOOTSTRAP/org.spongepowered.mixin/org.spongepowered.asm.mixin.transformer.MixinApplicatorStandard.applyMixin(MixinApplicatorStandard.java:315) ~[sponge-mixin-0.15.2+mixin.0.8.7.jar%2373!/:0.15.2+mixin.0.8.7] {}
	at MC-BOOTSTRAP/org.spongepowered.mixin/org.spongepowered.asm.mixin.transformer.MixinApplicatorStandard.apply(MixinApplicatorStandard.java:246) ~[sponge-mixin-0.15.2+mixin.0.8.7.jar%2373!/:0.15.2+mixin.0.8.7] {}
	at MC-BOOTSTRAP/org.spongepowered.mixin/org.spongepowered.asm.mixin.transformer.TargetClassContext.apply(TargetClassContext.java:437) ~[sponge-mixin-0.15.2+mixin.0.8.7.jar%2373!/:0.15.2+mixin.0.8.7] {}
	at MC-BOOTSTRAP/org.spongepowered.mixin/org.spongepowered.asm.mixin.transformer.TargetClassContext.applyMixins(TargetClassContext.java:418) ~[sponge-mixin-0.15.2+mixin.0.8.7.jar%2373!/:0.15.2+mixin.0.8.7] {}
	at MC-BOOTSTRAP/org.spongepowered.mixin/org.spongepowered.asm.mixin.transformer.MixinProcessor.applyMixins(MixinProcessor.java:363) ~[sponge-mixin-0.15.2+mixin.0.8.7.jar%2373!/:0.15.2+mixin.0.8.7] {}
	at MC-BOOTSTRAP/org.spongepowered.mixin/org.spongepowered.asm.mixin.transformer.MixinTransformer.transformClass(MixinTransformer.java:250) ~[sponge-mixin-0.15.2+mixin.0.8.7.jar%2373!/:0.15.2+mixin.0.8.7] {}
	at MC-BOOTSTRAP/org.spongepowered.mixin/org.spongepowered.asm.service.modlauncher.MixinTransformationHandler.processClass(MixinTransformationHandler.java:131) ~[sponge-mixin-0.15.2+mixin.0.8.7.jar%2373!/:0.15.2+mixin.0.8.7] {}
	at MC-BOOTSTRAP/org.spongepowered.mixin/org.spongepowered.asm.launch.MixinLaunchPluginLegacy.processClass(MixinLaunchPluginLegacy.java:131) ~[sponge-mixin-0.15.2+mixin.0.8.7.jar%2373!/:0.15.2+mixin.0.8.7] {}
	at MC-BOOTSTRAP/cpw.mods.modlauncher@11.0.5/cpw.mods.modlauncher.serviceapi.ILaunchPluginService.processClassWithFlags(ILaunchPluginService.java:156) ~[modlauncher-11.0.5.jar%2364!/:11.0.5+main.901c6ea8] {}
	at MC-BOOTSTRAP/cpw.mods.modlauncher@11.0.5/cpw.mods.modlauncher.LaunchPluginHandler.offerClassNodeToPlugins(LaunchPluginHandler.java:94) ~[modlauncher-11.0.5.jar%2364!/:?] {}
	at MC-BOOTSTRAP/cpw.mods.modlauncher@11.0.5/cpw.mods.modlauncher.ClassTransformer.transform(ClassTransformer.java:120) ~[modlauncher-11.0.5.jar%2364!/:?] {}
	at MC-BOOTSTRAP/cpw.mods.modlauncher@11.0.5/cpw.mods.modlauncher.TransformingClassLoader.maybeTransformClassBytes(TransformingClassLoader.java:57) ~[modlauncher-11.0.5.jar%2364!/:?] {}
	at cpw.mods.securejarhandler/cpw.mods.cl.ModuleClassLoader.readerToClass(ModuleClassLoader.java:190) ~[securejarhandler-3.0.8.jar:?] {}
	at cpw.mods.securejarhandler/cpw.mods.cl.ModuleClassLoader.lambda$findClass$20(ModuleClassLoader.java:298) ~[securejarhandler-3.0.8.jar:?] {}
	at cpw.mods.securejarhandler/cpw.mods.cl.ModuleClassLoader.loadFromModule(ModuleClassLoader.java:311) ~[securejarhandler-3.0.8.jar:?] {}
	at cpw.mods.securejarhandler/cpw.mods.cl.ModuleClassLoader.findClass(ModuleClassLoader.java:298) ~[securejarhandler-3.0.8.jar:?] {}
	at cpw.mods.securejarhandler/cpw.mods.cl.ModuleClassLoader.loadClass(ModuleClassLoader.java:214) ~[securejarhandler-3.0.8.jar:?] {}
	at java.base/java.lang.ClassLoader.loadClass(ClassLoader.java:526) ~[?:?] {}
	at TRANSFORMER/minecraft@1.21.1/net.minecraft.world.level.levelgen.NoiseBasedChunkGenerator.createNoiseChunk(NoiseBasedChunkGenerator.java:106) ~[server-1.21.1-20240808.144430-srg.jar%23120!/:?] {re:mixin,pl:accesstransformer:B,re:mixin,pl:accesstransformer:B,re:mixin,pl:accesstransformer:B,re:classloading,pl:accesstransformer:B,pl:mixin:APP:generator_accelerator.mixins.json:MixinNoiseBasedChunkGenerator$fast_do_fill from mod generator_accelerator,pl:mixin:APP:generator_accelerator.mixins.json:MixinNoiseBasedChunkGenerator$optimize_apply_carvers from mod generator_accelerator,pl:mixin:APP:generator_accelerator.mixins.json:MixinNoiseBasedChunkGenerator$optimize_iterate_noise_column from mod generator_accelerator,pl:mixin:APP:generator_accelerator_density_compiler.mixins.json:NoiseBasedChunkGeneratorMixin from mod generator_accelerator,pl:mixin:APP:bons_and_furious.beardifier.mixins.json:CreateNoiseChunkMixin from mod bons_and_furious,pl:mixin:APP:bons_and_furious.terrain.mixins.json:ColumnHeightShareMixin from mod bons_and_furious,pl:mixin:A}
	at TRANSFORMER/minecraft@1.21.1/net.minecraft.world.level.levelgen.NoiseBasedChunkGenerator.lambda$doCreateBiomes$6(NoiseBasedChunkGenerator.java:98) ~[server-1.21.1-20240808.144430-srg.jar%23120!/:?] {re:mixin,pl:accesstransformer:B,re:mixin,pl:accesstransformer:B,re:mixin,pl:accesstransformer:B,re:classloading,pl:accesstransformer:B,pl:mixin:APP:generator_accelerator.mixins.json:MixinNoiseBasedChunkGenerator$fast_do_fill from mod generator_accelerator,pl:mixin:APP:generator_accelerator.mixins.json:MixinNoiseBasedChunkGenerator$optimize_apply_carvers from mod generator_accelerator,pl:mixin:APP:generator_accelerator.mixins.json:MixinNoiseBasedChunkGenerator$optimize_iterate_noise_column from mod generator_accelerator,pl:mixin:APP:generator_accelerator_density_compiler.mixins.json:NoiseBasedChunkGeneratorMixin from mod generator_accelerator,pl:mixin:APP:bons_and_furious.beardifier.mixins.json:CreateNoiseChunkMixin from mod bons_and_furious,pl:mixin:APP:bons_and_furious.terrain.mixins.json:ColumnHeightShareMixin from mod bons_and_furious,pl:mixin:A}
	at TRANSFORMER/minecraft@1.21.1/net.minecraft.world.level.chunk.ChunkAccess.getOrCreateNoiseChunk(ChunkAccess.java:417) ~[server-1.21.1-20240808.144430-srg.jar%23120!/:?] {re:mixin,re:classloading,pl:mixin:APP:generator_accelerator.mixins.json:accessor.MixinChunkAccessAccessor from mod generator_accelerator,pl:mixin:APP:generator_accelerator_structures.mixins.json:MixinChunkAccess$SynchronizeStructureData from mod generator_accelerator,pl:mixin:APP:generator_accelerator_features.mixins.json:MixinChunkAccess from mod generator_accelerator,pl:mixin:APP:generator_accelerator_features.mixins.json:MixinChunkAccess$fast_block_light_sources from mod generator_accelerator,pl:mixin:A}
	at TRANSFORMER/minecraft@1.21.1/net.minecraft.world.level.levelgen.NoiseBasedChunkGenerator.doCreateBiomes(NoiseBasedChunkGenerator.java:98) ~[server-1.21.1-20240808.144430-srg.jar%23120!/:?] {re:mixin,pl:accesstransformer:B,re:mixin,pl:accesstransformer:B,re:mixin,pl:accesstransformer:B,re:classloading,pl:accesstransformer:B,pl:mixin:APP:generator_accelerator.mixins.json:MixinNoiseBasedChunkGenerator$fast_do_fill from mod generator_accelerator,pl:mixin:APP:generator_accelerator.mixins.json:MixinNoiseBasedChunkGenerator$optimize_apply_carvers from mod generator_accelerator,pl:mixin:APP:generator_accelerator.mixins.json:MixinNoiseBasedChunkGenerator$optimize_iterate_noise_column from mod generator_accelerator,pl:mixin:APP:generator_accelerator_density_compiler.mixins.json:NoiseBasedChunkGeneratorMixin from mod generator_accelerator,pl:mixin:APP:bons_and_furious.beardifier.mixins.json:CreateNoiseChunkMixin from mod bons_and_furious,pl:mixin:APP:bons_and_furious.terrain.mixins.json:ColumnHeightShareMixin from mod bons_and_furious,pl:mixin:A}
	at TRANSFORMER/minecraft@1.21.1/net.minecraft.world.level.levelgen.NoiseBasedChunkGenerator.lambda$createBiomes$5(NoiseBasedChunkGenerator.java:92) ~[server-1.21.1-20240808.144430-srg.jar%23120!/:?] {re:mixin,pl:accesstransformer:B,re:mixin,pl:accesstransformer:B,re:mixin,pl:accesstransformer:B,re:classloading,pl:accesstransformer:B,pl:mixin:APP:generator_accelerator.mixins.json:MixinNoiseBasedChunkGenerator$fast_do_fill from mod generator_accelerator,pl:mixin:APP:generator_accelerator.mixins.json:MixinNoiseBasedChunkGenerator$optimize_apply_carvers from mod generator_accelerator,pl:mixin:APP:generator_accelerator.mixins.json:MixinNoiseBasedChunkGenerator$optimize_iterate_noise_column from mod generator_accelerator,pl:mixin:APP:generator_accelerator_density_compiler.mixins.json:NoiseBasedChunkGeneratorMixin from mod generator_accelerator,pl:mixin:APP:bons_and_furious.beardifier.mixins.json:CreateNoiseChunkMixin from mod bons_and_furious,pl:mixin:APP:bons_and_furious.terrain.mixins.json:ColumnHeightShareMixin from mod bons_and_furious,pl:mixin:A}
	at java.base/java.util.concurrent.CompletableFuture$AsyncSupply.run(CompletableFuture.java:1768) [?:?] {}
	at java.base/java.util.concurrent.CompletableFuture$AsyncSupply.exec(CompletableFuture.java:1760) [?:?] {}
	at java.base/java.util.concurrent.ForkJoinTask.doExec(ForkJoinTask.java:387) [?:?] {}
	at java.base/java.util.concurrent.ForkJoinPool$WorkQueue.topLevelExec(ForkJoinPool.java:1312) [?:?] {}
	at java.base/java.util.concurrent.ForkJoinPool.scan(ForkJoinPool.java:1843) [?:?] {}
	at java.base/java.util.concurrent.ForkJoinPool.runWorker(ForkJoinPool.java:1808) [?:?] {}
	at java.base/java.util.concurrent.ForkJoinWorkerThread.run(ForkJoinWorkerThread.java:188) [?:?] {}
[04:50:50] [Worker-Main-13/FATAL] [mixin/]: Mixin apply for mod bons_and_furious failed bons_and_furious.worldgen_beardifier_bounds.mixins.json:BeardifierBoundsMixin from mod bons_and_furious -> net.minecraft.world.level.levelgen.Beardifier: org.spongepowered.asm.mixin.injection.throwables.InvalidInjectionException @At("FIELD") on net/minecraft/world/level/levelgen/Beardifier::bons$rigids with priority 1000 cannot inject into net/minecraft/world/level/levelgen/Beardifier::compute(Lnet/minecraft/world/level/levelgen/DensityFunction$FunctionContext;)D merged by dev.sixik.generator_accelerator.common.beardifier.mixin.MixinBeardifier with priority 1000 [INJECT_PREPARE Applicator Phase -> bons_and_furious.worldgen_beardifier_bounds.mixins.json:BeardifierBoundsMixin from mod bons_and_furious -> Prepare Injections -> modifyExpressionValue$zgo000$bons_and_furious$bons$rigids(Lit/unimi/dsi/fastutil/objects/ObjectListIterator;III)Lit/unimi/dsi/fastutil/objects/ObjectListIterator; -> Prepare ->  -> { target: compute(Lnet/minecraft/world/level/levelgen/DensityFunction$FunctionContext;)D }]
org.spongepowered.asm.mixin.injection.throwables.InvalidInjectionException: @At("FIELD") on net/minecraft/world/level/levelgen/Beardifier::bons$rigids with priority 1000 cannot inject into net/minecraft/world/level/levelgen/Beardifier::compute(Lnet/minecraft/world/level/levelgen/DensityFunction$FunctionContext;)D merged by dev.sixik.generator_accelerator.common.beardifier.mixin.MixinBeardifier with priority 1000 [INJECT_PREPARE Applicator Phase -> bons_and_furious.worldgen_beardifier_bounds.mixins.json:BeardifierBoundsMixin from mod bons_and_furious -> Prepare Injections -> modifyExpressionValue$zgo000$bons_and_furious$bons$rigids(Lit/unimi/dsi/fastutil/objects/ObjectListIterator;III)Lit/unimi/dsi/fastutil/objects/ObjectListIterator; -> Prepare ->  -> { target: compute(Lnet/minecraft/world/level/levelgen/DensityFunction$FunctionContext;)D }]
	at MC-BOOTSTRAP/org.spongepowered.mixin/org.spongepowered.asm.mixin.injection.code.Injector.findTargetNodes(Injector.java:312) ~[sponge-mixin-0.15.2+mixin.0.8.7.jar%2373!/:0.15.2+mixin.0.8.7] {}
	at MC-BOOTSTRAP/org.spongepowered.mixin/org.spongepowered.asm.mixin.injection.code.Injector.find(Injector.java:248) ~[sponge-mixin-0.15.2+mixin.0.8.7.jar%2373!/:0.15.2+mixin.0.8.7] {}
	at MC-BOOTSTRAP/org.spongepowered.mixin/org.spongepowered.asm.mixin.injection.struct.InjectionInfo.prepare(InjectionInfo.java:475) ~[sponge-mixin-0.15.2+mixin.0.8.7.jar%2373!/:0.15.2+mixin.0.8.7] {}
	at TRANSFORMER/mixinextras.neoforge@0.5.3/com.llamalad7.mixinextras.injector.ModifyExpressionValueInjectionInfo.prepare(ModifyExpressionValueInjectionInfo.java:25) ~[mixinextras-neoforge-0.5.3.jar%23135!/:?] {re:classloading}
	at TRANSFORMER/mixinextras.neoforge@0.5.3/com.llamalad7.mixinextras.wrapper.InjectorWrapperImpl.prepare(InjectorWrapperImpl.java:56) ~[mixinextras-neoforge-0.5.3.jar%23135!/:?] {re:classloading}
	at TRANSFORMER/mixinextras.neoforge@0.5.3/com.llamalad7.mixinextras.sugar.impl.SugarWrapperImpl.prepare(SugarWrapperImpl.java:70) ~[mixinextras-neoforge-0.5.3.jar%23135!/:?] {re:classloading}
	at TRANSFORMER/mixinextras.neoforge@0.5.3/com.llamalad7.mixinextras.wrapper.WrapperInjectionInfo.prepare(WrapperInjectionInfo.java:64) ~[mixinextras-neoforge-0.5.3.jar%23135!/:?] {re:classloading}
	at MC-BOOTSTRAP/org.spongepowered.mixin/org.spongepowered.asm.mixin.transformer.MixinTargetContext.prepareInjections(MixinTargetContext.java:1407) ~[sponge-mixin-0.15.2+mixin.0.8.7.jar%2373!/:0.15.2+mixin.0.8.7] {}
	at MC-BOOTSTRAP/org.spongepowered.mixin/org.spongepowered.asm.mixin.transformer.MixinApplicatorStandard.prepareInjections(MixinApplicatorStandard.java:731) ~[sponge-mixin-0.15.2+mixin.0.8.7.jar%2373!/:0.15.2+mixin.0.8.7] {}
	at MC-BOOTSTRAP/org.spongepowered.mixin/org.spongepowered.asm.mixin.transformer.MixinApplicatorStandard.applyMixin(MixinApplicatorStandard.java:315) ~[sponge-mixin-0.15.2+mixin.0.8.7.jar%2373!/:0.15.2+mixin.0.8.7] {}
	at MC-BOOTSTRAP/org.spongepowered.mixin/org.spongepowered.asm.mixin.transformer.MixinApplicatorStandard.apply(MixinApplicatorStandard.java:246) ~[sponge-mixin-0.15.2+mixin.0.8.7.jar%2373!/:0.15.2+mixin.0.8.7] {}
	at MC-BOOTSTRAP/org.spongepowered.mixin/org.spongepowered.asm.mixin.transformer.TargetClassContext.apply(TargetClassContext.java:437) ~[sponge-mixin-0.15.2+mixin.0.8.7.jar%2373!/:0.15.2+mixin.0.8.7] {}
	at MC-BOOTSTRAP/org.spongepowered.mixin/org.spongepowered.asm.mixin.transformer.TargetClassContext.applyMixins(TargetClassContext.java:418) ~[sponge-mixin-0.15.2+mixin.0.8.7.jar%2373!/:0.15.2+mixin.0.8.7] {}
	at MC-BOOTSTRAP/org.spongepowered.mixin/org.spongepowered.asm.mixin.transformer.MixinProcessor.applyMixins(MixinProcessor.java:363) ~[sponge-mixin-0.15.2+mixin.0.8.7.jar%2373!/:0.15.2+mixin.0.8.7] {}
	at MC-BOOTSTRAP/org.spongepowered.mixin/org.spongepowered.asm.mixin.transformer.MixinTransformer.transformClass(MixinTransformer.java:250) ~[sponge-mixin-0.15.2+mixin.0.8.7.jar%2373!/:0.15.2+mixin.0.8.7] {}
	at MC-BOOTSTRAP/org.spongepowered.mixin/org.spongepowered.asm.service.modlauncher.MixinTransformationHandler.processClass(MixinTransformationHandler.java:131) ~[sponge-mixin-0.15.2+mixin.0.8.7.jar%2373!/:0.15.2+mixin.0.8.7] {}
	at MC-BOOTSTRAP/org.spongepowered.mixin/org.spongepowered.asm.launch.MixinLaunchPluginLegacy.processClass(MixinLaunchPluginLegacy.java:131) ~[sponge-mixin-0.15.2+mixin.0.8.7.jar%2373!/:0.15.2+mixin.0.8.7] {}
	at MC-BOOTSTRAP/cpw.mods.modlauncher@11.0.5/cpw.mods.modlauncher.serviceapi.ILaunchPluginService.processClassWithFlags(ILaunchPluginService.java:156) ~[modlauncher-11.0.5.jar%2364!/:11.0.5+main.901c6ea8] {}
	at MC-BOOTSTRAP/cpw.mods.modlauncher@11.0.5/cpw.mods.modlauncher.LaunchPluginHandler.offerClassNodeToPlugins(LaunchPluginHandler.java:94) ~[modlauncher-11.0.5.jar%2364!/:?] {}
	at MC-BOOTSTRAP/cpw.mods.modlauncher@11.0.5/cpw.mods.modlauncher.ClassTransformer.transform(ClassTransformer.java:120) ~[modlauncher-11.0.5.jar%2364!/:?] {}
	at MC-BOOTSTRAP/cpw.mods.modlauncher@11.0.5/cpw.mods.modlauncher.TransformingClassLoader.maybeTransformClassBytes(TransformingClassLoader.java:57) ~[modlauncher-11.0.5.jar%2364!/:?] {}
	at cpw.mods.securejarhandler/cpw.mods.cl.ModuleClassLoader.readerToClass(ModuleClassLoader.java:190) ~[securejarhandler-3.0.8.jar:?] {}
	at cpw.mods.securejarhandler/cpw.mods.cl.ModuleClassLoader.lambda$findClass$20(ModuleClassLoader.java:298) ~[securejarhandler-3.0.8.jar:?] {}
	at cpw.mods.securejarhandler/cpw.mods.cl.ModuleClassLoader.loadFromModule(ModuleClassLoader.java:311) ~[securejarhandler-3.0.8.jar:?] {}
	at cpw.mods.securejarhandler/cpw.mods.cl.ModuleClassLoader.findClass(ModuleClassLoader.java:298) ~[securejarhandler-3.0.8.jar:?] {}
	at cpw.mods.securejarhandler/cpw.mods.cl.ModuleClassLoader.loadClass(ModuleClassLoader.java:214) ~[securejarhandler-3.0.8.jar:?] {}
	at java.base/java.lang.ClassLoader.loadClass(ClassLoader.java:526) ~[?:?] {}
	at TRANSFORMER/minecraft@1.21.1/net.minecraft.world.level.levelgen.NoiseBasedChunkGenerator.createNoiseChunk(NoiseBasedChunkGenerator.java:106) ~[server-1.21.1-20240808.144430-srg.jar%23120!/:?] {re:mixin,pl:accesstransformer:B,re:mixin,pl:accesstransformer:B,re:mixin,pl:accesstransformer:B,re:classloading,pl:accesstransformer:B,pl:mixin:APP:generator_accelerator.mixins.json:MixinNoiseBasedChunkGenerator$fast_do_fill from mod generator_accelerator,pl:mixin:APP:generator_accelerator.mixins.json:MixinNoiseBasedChunkGenerator$optimize_apply_carvers from mod generator_accelerator,pl:mixin:APP:generator_accelerator.mixins.json:MixinNoiseBasedChunkGenerator$optimize_iterate_noise_column from mod generator_accelerator,pl:mixin:APP:generator_accelerator_density_compiler.mixins.json:NoiseBasedChunkGeneratorMixin from mod generator_accelerator,pl:mixin:APP:bons_and_furious.beardifier.mixins.json:CreateNoiseChunkMixin from mod bons_and_furious,pl:mixin:APP:bons_and_furious.terrain.mixins.json:ColumnHeightShareMixin from mod bons_and_furious,pl:mixin:A}
	at TRANSFORMER/minecraft@1.21.1/net.minecraft.world.level.levelgen.NoiseBasedChunkGenerator.lambda$doCreateBiomes$6(NoiseBasedChunkGenerator.java:98) ~[server-1.21.1-20240808.144430-srg.jar%23120!/:?] {re:mixin,pl:accesstransformer:B,re:mixin,pl:accesstransformer:B,re:mixin,pl:accesstransformer:B,re:classloading,pl:accesstransformer:B,pl:mixin:APP:generator_accelerator.mixins.json:MixinNoiseBasedChunkGenerator$fast_do_fill from mod generator_accelerator,pl:mixin:APP:generator_accelerator.mixins.json:MixinNoiseBasedChunkGenerator$optimize_apply_carvers from mod generator_accelerator,pl:mixin:APP:generator_accelerator.mixins.json:MixinNoiseBasedChunkGenerator$optimize_iterate_noise_column from mod generator_accelerator,pl:mixin:APP:generator_accelerator_density_compiler.mixins.json:NoiseBasedChunkGeneratorMixin from mod generator_accelerator,pl:mixin:APP:bons_and_furious.beardifier.mixins.json:CreateNoiseChunkMixin from mod bons_and_furious,pl:mixin:APP:bons_and_furious.terrain.mixins.json:ColumnHeightShareMixin from mod bons_and_furious,pl:mixin:A}
	at TRANSFORMER/minecraft@1.21.1/net.minecraft.world.level.chunk.ChunkAccess.getOrCreateNoiseChunk(ChunkAccess.java:417) ~[server-1.21.1-20240808.144430-srg.jar%23120!/:?] {re:mixin,re:classloading,pl:mixin:APP:generator_accelerator.mixins.json:accessor.MixinChunkAccessAccessor from mod generator_accelerator,pl:mixin:APP:generator_accelerator_structures.mixins.json:MixinChunkAccess$SynchronizeStructureData from mod generator_accelerator,pl:mixin:APP:generator_accelerator_features.mixins.json:MixinChunkAccess from mod generator_accelerator,pl:mixin:APP:generator_accelerator_features.mixins.json:MixinChunkAccess$fast_block_light_sources from mod generator_accelerator,pl:mixin:A}
	at TRANSFORMER/minecraft@1.21.1/net.minecraft.world.level.levelgen.NoiseBasedChunkGenerator.doCreateBiomes(NoiseBasedChunkGenerator.java:98) ~[server-1.21.1-20240808.144430-srg.jar%23120!/:?] {re:mixin,pl:accesstransformer:B,re:mixin,pl:accesstransformer:B,re:mixin,pl:accesstransformer:B,re:classloading,pl:accesstransformer:B,pl:mixin:APP:generator_accelerator.mixins.json:MixinNoiseBasedChunkGenerator$fast_do_fill from mod generator_accelerator,pl:mixin:APP:generator_accelerator.mixins.json:MixinNoiseBasedChunkGenerator$optimize_apply_carvers from mod generator_accelerator,pl:mixin:APP:generator_accelerator.mixins.json:MixinNoiseBasedChunkGenerator$optimize_iterate_noise_column from mod generator_accelerator,pl:mixin:APP:generator_accelerator_density_compiler.mixins.json:NoiseBasedChunkGeneratorMixin from mod generator_accelerator,pl:mixin:APP:bons_and_furious.beardifier.mixins.json:CreateNoiseChunkMixin from mod bons_and_furious,pl:mixin:APP:bons_and_furious.terrain.mixins.json:ColumnHeightShareMixin from mod bons_and_furious,pl:mixin:A}
	at TRANSFORMER/minecraft@1.21.1/net.minecraft.world.level.levelgen.NoiseBasedChunkGenerator.lambda$createBiomes$5(NoiseBasedChunkGenerator.java:92) ~[server-1.21.1-20240808.144430-srg.jar%23120!/:?] {re:mixin,pl:accesstransformer:B,re:mixin,pl:accesstransformer:B,re:mixin,pl:accesstransformer:B,re:classloading,pl:accesstransformer:B,pl:mixin:APP:generator_accelerator.mixins.json:MixinNoiseBasedChunkGenerator$fast_do_fill from mod generator_accelerator,pl:mixin:APP:generator_accelerator.mixins.json:MixinNoiseBasedChunkGenerator$optimize_apply_carvers from mod generator_accelerator,pl:mixin:APP:generator_accelerator.mixins.json:MixinNoiseBasedChunkGenerator$optimize_iterate_noise_column from mod generator_accelerator,pl:mixin:APP:generator_accelerator_density_compiler.mixins.json:NoiseBasedChunkGeneratorMixin from mod generator_accelerator,pl:mixin:APP:bons_and_furious.beardifier.mixins.json:CreateNoiseChunkMixin from mod bons_and_furious,pl:mixin:APP:bons_and_furious.terrain.mixins.json:ColumnHeightShareMixin from mod bons_and_furious,pl:mixin:A}
	at java.base/java.util.concurrent.CompletableFuture$AsyncSupply.run(CompletableFuture.java:1768) [?:?] {}
	at java.base/java.util.concurrent.CompletableFuture$AsyncSupply.exec(CompletableFuture.java:1760) [?:?] {}
	at java.base/java.util.concurrent.ForkJoinTask.doExec(ForkJoinTask.java:387) [?:?] {}
	at java.base/java.util.concurrent.ForkJoinPool$WorkQueue.topLevelExec(ForkJoinPool.java:1312) [?:?] {}
	at java.base/java.util.concurrent.ForkJoinPool.scan(ForkJoinPool.java:1843) [?:?] {}
	at java.base/java.util.concurrent.ForkJoinPool.runWorker(ForkJoinPool.java:1808) [?:?] {}
	at java.base/java.util.concurrent.ForkJoinWorkerThread.run(ForkJoinWorkerThread.java:188) [?:?] {}
[04:50:50] [Worker-Main-3/WARN] [Generator Accelerator/]: GA custom chunk graph failed for [-23, -10] -> minecraft:full
java.lang.IllegalStateException: Chunk step completed with null chunk for minecraft:biomes at [-26, -10]
	at TRANSFORMER/generator_accelerator@1.21.1-1.6.2/dev.sixik.generator_accelerator.common.worldgen.parallel.GACustomChunkGraphScheduler$TaskRun.completeNodeStep(GACustomChunkGraphScheduler.java:594) ~[generator-accelerator-1.6.2.jar%23124!/:?] {re:classloading}
	at TRANSFORMER/generator_accelerator@1.21.1-1.6.2/dev.sixik.generator_accelerator.common.worldgen.parallel.GACustomChunkGraphScheduler$TaskRun.lambda$submit$0(GACustomChunkGraphScheduler.java:575) ~[generator-accelerator-1.6.2.jar%23124!/:?] {re:classloading}
	at TRANSFORMER/generator_accelerator@1.21.1-1.6.2/dev.sixik.generator_accelerator.common.worldgen.parallel.GACustomChunkGraphScheduler.notifyStepCallback(GACustomChunkGraphScheduler.java:931) ~[generator-accelerator-1.6.2.jar%23124!/:?] {re:mixin,re:classloading}
	at TRANSFORMER/generator_accelerator@1.21.1-1.6.2/dev.sixik.generator_accelerator.common.worldgen.parallel.GACustomChunkGraphScheduler$ListenerBatch.notifyListeners(GACustomChunkGraphScheduler.java:955) ~[generator-accelerator-1.6.2.jar%23124!/:?] {re:classloading}
	at TRANSFORMER/generator_accelerator@1.21.1-1.6.2/dev.sixik.generator_accelerator.common.worldgen.parallel.GACustomChunkGraphScheduler$TaskRun.completeInFlightStep(GACustomChunkGraphScheduler.java:663) ~[generator-accelerator-1.6.2.jar%23124!/:?] {re:classloading}
	at TRANSFORMER/generator_accelerator@1.21.1-1.6.2/dev.sixik.generator_accelerator.common.worldgen.parallel.GACustomChunkGraphScheduler$TaskRun.lambda$scheduleOrJoinStep$1(GACustomChunkGraphScheduler.java:644) ~[generator-accelerator-1.6.2.jar%23124!/:?] {re:classloading}
	at TRANSFORMER/generator_accelerator@1.21.1-1.6.2/dev.sixik.generator_accelerator.common.worldgen.parallel.GACustomChunkGraphScheduler.notifyStepCallback(GACustomChunkGraphScheduler.java:931) ~[generator-accelerator-1.6.2.jar%23124!/:?] {re:mixin,re:classloading}
	at TRANSFORMER/generator_accelerator@1.21.1-1.6.2/dev.sixik.generator_accelerator.common.worldgen.parallel.GACustomChunkGraphScheduler$TaskRun.lambda$startStepExecution$4(GACustomChunkGraphScheduler.java:683) ~[generator-accelerator-1.6.2.jar%23124!/:?] {re:classloading}
	at java.base/java.util.concurrent.CompletableFuture.uniWhenComplete(CompletableFuture.java:863) [?:?] {re:mixin}
	at java.base/java.util.concurrent.CompletableFuture$UniWhenComplete.tryFire(CompletableFuture.java:841) [?:?] {}
	at java.base/java.util.concurrent.CompletableFuture.postComplete(CompletableFuture.java:510) [?:?] {re:mixin}
	at java.base/java.util.concurrent.CompletableFuture$AsyncSupply.run(CompletableFuture.java:1773) [?:?] {}
	at java.base/java.util.concurrent.CompletableFuture$AsyncSupply.exec(CompletableFuture.java:1760) [?:?] {}
	at java.base/java.util.concurrent.ForkJoinTask.doExec(ForkJoinTask.java:387) [?:?] {}
	at java.base/java.util.concurrent.ForkJoinPool$WorkQueue.topLevelExec(ForkJoinPool.java:1312) [?:?] {}
	at java.base/java.util.concurrent.ForkJoinPool.scan(ForkJoinPool.java:1843) [?:?] {}
	at java.base/java.util.concurrent.ForkJoinPool.runWorker(ForkJoinPool.java:1808) [?:?] {}
	at java.base/java.util.concurrent.ForkJoinWorkerThread.run(ForkJoinWorkerThread.java:188) [?:?] {}
[04:50:50] [Worker-Main-18/FATAL] [mixin/]: Mixin apply for mod bons_and_furious failed bons_and_furious.worldgen_beardifier_bounds.mixins.json:BeardifierBoundsMixin from mod bons_and_furious -> net.minecraft.world.level.levelgen.Beardifier: org.spongepowered.asm.mixin.injection.throwables.InvalidInjectionException @At("FIELD") on net/minecraft/world/level/levelgen/Beardifier::bons$rigids with priority 1000 cannot inject into net/minecraft/world/level/levelgen/Beardifier::compute(Lnet/minecraft/world/level/levelgen/DensityFunction$FunctionContext;)D merged by dev.sixik.generator_accelerator.common.beardifier.mixin.MixinBeardifier with priority 1000 [INJECT_PREPARE Applicator Phase -> bons_and_furious.worldgen_beardifier_bounds.mixins.json:BeardifierBoundsMixin from mod bons_and_furious -> Prepare Injections -> modifyExpressionValue$zgo000$bons_and_furious$bons$rigids(Lit/unimi/dsi/fastutil/objects/ObjectListIterator;III)Lit/unimi/dsi/fastutil/objects/ObjectListIterator; -> Prepare ->  -> { target: compute(Lnet/minecraft/world/level/levelgen/DensityFunction$FunctionContext;)D }]
org.spongepowered.asm.mixin.injection.throwables.InvalidInjectionException: @At("FIELD") on net/minecraft/world/level/levelgen/Beardifier::bons$rigids with priority 1000 cannot inject into net/minecraft/world/level/levelgen/Beardifier::compute(Lnet/minecraft/world/level/levelgen/DensityFunction$FunctionContext;)D merged by dev.sixik.generator_accelerator.common.beardifier.mixin.MixinBeardifier with priority 1000 [INJECT_PREPARE Applicator Phase -> bons_and_furious.worldgen_beardifier_bounds.mixins.json:BeardifierBoundsMixin from mod bons_and_furious -> Prepare Injections -> modifyExpressionValue$zgo000$bons_and_furious$bons$rigids(Lit/unimi/dsi/fastutil/objects/ObjectListIterator;III)Lit/unimi/dsi/fastutil/objects/ObjectListIterator; -> Prepare ->  -> { target: compute(Lnet/minecraft/world/level/levelgen/DensityFunction$FunctionContext;)D }]
	at MC-BOOTSTRAP/org.spongepowered.mixin/org.spongepowered.asm.mixin.injection.code.Injector.findTargetNodes(Injector.java:312) ~[sponge-mixin-0.15.2+mixin.0.8.7.jar%2373!/:0.15.2+mixin.0.8.7] {}
	at MC-BOOTSTRAP/org.spongepowered.mixin/org.spongepowered.asm.mixin.injection.code.Injector.find(Injector.java:248) ~[sponge-mixin-0.15.2+mixin.0.8.7.jar%2373!/:0.15.2+mixin.0.8.7] {}
	at MC-BOOTSTRAP/org.spongepowered.mixin/org.spongepowered.asm.mixin.injection.struct.InjectionInfo.prepare(InjectionInfo.java:475) ~[sponge-mixin-0.15.2+mixin.0.8.7.jar%2373!/:0.15.2+mixin.0.8.7] {}
	at TRANSFORMER/mixinextras.neoforge@0.5.3/com.llamalad7.mixinextras.injector.ModifyExpressionValueInjectionInfo.prepare(ModifyExpressionValueInjectionInfo.java:25) ~[mixinextras-neoforge-0.5.3.jar%23135!/:?] {re:classloading}
	at TRANSFORMER/mixinextras.neoforge@0.5.3/com.llamalad7.mixinextras.wrapper.InjectorWrapperImpl.prepare(InjectorWrapperImpl.java:56) ~[mixinextras-neoforge-0.5.3.jar%23135!/:?] {re:classloading}
	at TRANSFORMER/mixinextras.neoforge@0.5.3/com.llamalad7.mixinextras.sugar.impl.SugarWrapperImpl.prepare(SugarWrapperImpl.java:70) ~[mixinextras-neoforge-0.5.3.jar%23135!/:?] {re:classloading}
	at TRANSFORMER/mixinextras.neoforge@0.5.3/com.llamalad7.mixinextras.wrapper.WrapperInjectionInfo.prepare(WrapperInjectionInfo.java:64) ~[mixinextras-neoforge-0.5.3.jar%23135!/:?] {re:classloading}
	at MC-BOOTSTRAP/org.spongepowered.mixin/org.spongepowered.asm.mixin.transformer.MixinTargetContext.prepareInjections(MixinTargetContext.java:1407) ~[sponge-mixin-0.15.2+mixin.0.8.7.jar%2373!/:0.15.2+mixin.0.8.7] {}
	at MC-BOOTSTRAP/org.spongepowered.mixin/org.spongepowered.asm.mixin.transformer.MixinApplicatorStandard.prepareInjections(MixinApplicatorStandard.java:731) ~[sponge-mixin-0.15.2+mixin.0.8.7.jar%2373!/:0.15.2+mixin.0.8.7] {}
	at MC-BOOTSTRAP/org.spongepowered.mixin/org.spongepowered.asm.mixin.transformer.MixinApplicatorStandard.applyMixin(MixinApplicatorStandard.java:315) ~[sponge-mixin-0.15.2+mixin.0.8.7.jar%2373!/:0.15.2+mixin.0.8.7] {}
	at MC-BOOTSTRAP/org.spongepowered.mixin/org.spongepowered.asm.mixin.transformer.MixinApplicatorStandard.apply(MixinApplicatorStandard.java:246) ~[sponge-mixin-0.15.2+mixin.0.8.7.jar%2373!/:0.15.2+mixin.0.8.7] {}
	at MC-BOOTSTRAP/org.spongepowered.mixin/org.spongepowered.asm.mixin.transformer.TargetClassContext.apply(TargetClassContext.java:437) ~[sponge-mixin-0.15.2+mixin.0.8.7.jar%2373!/:0.15.2+mixin.0.8.7] {}
	at MC-BOOTSTRAP/org.spongepowered.mixin/org.spongepowered.asm.mixin.transformer.TargetClassContext.applyMixins(TargetClassContext.java:418) ~[sponge-mixin-0.15.2+mixin.0.8.7.jar%2373!/:0.15.2+mixin.0.8.7] {}
	at MC-BOOTSTRAP/org.spongepowered.mixin/org.spongepowered.asm.mixin.transformer.MixinProcessor.applyMixins(MixinProcessor.java:363) ~[sponge-mixin-0.15.2+mixin.0.8.7.jar%2373!/:0.15.2+mixin.0.8.7] {}
	at MC-BOOTSTRAP/org.spongepowered.mixin/org.spongepowered.asm.mixin.transformer.MixinTransformer.transformClass(MixinTransformer.java:250) ~[sponge-mixin-0.15.2+mixin.0.8.7.jar%2373!/:0.15.2+mixin.0.8.7] {}
	at MC-BOOTSTRAP/org.spongepowered.mixin/org.spongepowered.asm.service.modlauncher.MixinTransformationHandler.processClass(MixinTransformationHandler.java:131) ~[sponge-mixin-0.15.2+mixin.0.8.7.jar%2373!/:0.15.2+mixin.0.8.7] {}
	at MC-BOOTSTRAP/org.spongepowered.mixin/org.spongepowered.asm.launch.MixinLaunchPluginLegacy.processClass(MixinLaunchPluginLegacy.java:131) ~[sponge-mixin-0.15.2+mixin.0.8.7.jar%2373!/:0.15.2+mixin.0.8.7] {}
	at MC-BOOTSTRAP/cpw.mods.modlauncher@11.0.5/cpw.mods.modlauncher.serviceapi.ILaunchPluginService.processClassWithFlags(ILaunchPluginService.java:156) ~[modlauncher-11.0.5.jar%2364!/:11.0.5+main.901c6ea8] {}
	at MC-BOOTSTRAP/cpw.mods.modlauncher@11.0.5/cpw.mods.modlauncher.LaunchPluginHandler.offerClassNodeToPlugins(LaunchPluginHandler.java:94) ~[modlauncher-11.0.5.jar%2364!/:?] {}
	at MC-BOOTSTRAP/cpw.mods.modlauncher@11.0.5/cpw.mods.modlauncher.ClassTransformer.transform(ClassTransformer.java:120) ~[modlauncher-11.0.5.jar%2364!/:?] {}
	at MC-BOOTSTRAP/cpw.mods.modlauncher@11.0.5/cpw.mods.modlauncher.TransformingClassLoader.maybeTransformClassBytes(TransformingClassLoader.java:57) ~[modlauncher-11.0.5.jar%2364!/:?] {}
	at cpw.mods.securejarhandler/cpw.mods.cl.ModuleClassLoader.readerToClass(ModuleClassLoader.java:190) ~[securejarhandler-3.0.8.jar:?] {}
	at cpw.mods.securejarhandler/cpw.mods.cl.ModuleClassLoader.lambda$findClass$20(ModuleClassLoader.java:298) ~[securejarhandler-3.0.8.jar:?] {}
	at cpw.mods.securejarhandler/cpw.mods.cl.ModuleClassLoader.loadFromModule(ModuleClassLoader.java:311) ~[securejarhandler-3.0.8.jar:?] {}
	at cpw.mods.securejarhandler/cpw.mods.cl.ModuleClassLoader.findClass(ModuleClassLoader.java:298) ~[securejarhandler-3.0.8.jar:?] {}
	at cpw.mods.securejarhandler/cpw.mods.cl.ModuleClassLoader.loadClass(ModuleClassLoader.java:214) ~[securejarhandler-3.0.8.jar:?] {}
	at java.base/java.lang.ClassLoader.loadClass(ClassLoader.java:526) ~[?:?] {}
	at TRANSFORMER/minecraft@1.21.1/net.minecraft.world.level.levelgen.NoiseBasedChunkGenerator.createNoiseChunk(NoiseBasedChunkGenerator.java:106) ~[server-1.21.1-20240808.144430-srg.jar%23120!/:?] {re:mixin,pl:accesstransformer:B,re:mixin,pl:accesstransformer:B,re:mixin,pl:accesstransformer:B,re:classloading,pl:accesstransformer:B,pl:mixin:APP:generator_accelerator.mixins.json:MixinNoiseBasedChunkGenerator$fast_do_fill from mod generator_accelerator,pl:mixin:APP:generator_accelerator.mixins.json:MixinNoiseBasedChunkGenerator$optimize_apply_carvers from mod generator_accelerator,pl:mixin:APP:generator_accelerator.mixins.json:MixinNoiseBasedChunkGenerator$optimize_iterate_noise_column from mod generator_accelerator,pl:mixin:APP:generator_accelerator_density_compiler.mixins.json:NoiseBasedChunkGeneratorMixin from mod generator_accelerator,pl:mixin:APP:bons_and_furious.beardifier.mixins.json:CreateNoiseChunkMixin from mod bons_and_furious,pl:mixin:APP:bons_and_furious.terrain.mixins.json:ColumnHeightShareMixin from mod bons_and_furious,pl:mixin:A}
	at TRANSFORMER/minecraft@1.21.1/net.minecraft.world.level.levelgen.NoiseBasedChunkGenerator.lambda$doCreateBiomes$6(NoiseBasedChunkGenerator.java:98) ~[server-1.21.1-20240808.144430-srg.jar%23120!/:?] {re:mixin,pl:accesstransformer:B,re:mixin,pl:accesstransformer:B,re:mixin,pl:accesstransformer:B,re:classloading,pl:accesstransformer:B,pl:mixin:APP:generator_accelerator.mixins.json:MixinNoiseBasedChunkGenerator$fast_do_fill from mod generator_accelerator,pl:mixin:APP:generator_accelerator.mixins.json:MixinNoiseBasedChunkGenerator$optimize_apply_carvers from mod generator_accelerator,pl:mixin:APP:generator_accelerator.mixins.json:MixinNoiseBasedChunkGenerator$optimize_iterate_noise_column from mod generator_accelerator,pl:mixin:APP:generator_accelerator_density_compiler.mixins.json:NoiseBasedChunkGeneratorMixin from mod generator_accelerator,pl:mixin:APP:bons_and_furious.beardifier.mixins.json:CreateNoiseChunkMixin from mod bons_and_furious,pl:mixin:APP:bons_and_furious.terrain.mixins.json:ColumnHeightShareMixin from mod bons_and_furious,pl:mixin:A}
	at TRANSFORMER/minecraft@1.21.1/net.minecraft.world.level.chunk.ChunkAccess.getOrCreateNoiseChunk(ChunkAccess.java:417) ~[server-1.21.1-20240808.144430-srg.jar%23120!/:?] {re:mixin,re:classloading,pl:mixin:APP:generator_accelerator.mixins.json:accessor.MixinChunkAccessAccessor from mod generator_accelerator,pl:mixin:APP:generator_accelerator_structures.mixins.json:MixinChunkAccess$SynchronizeStructureData from mod generator_accelerator,pl:mixin:APP:generator_accelerator_features.mixins.json:MixinChunkAccess from mod generator_accelerator,pl:mixin:APP:generator_accelerator_features.mixins.json:MixinChunkAccess$fast_block_light_sources from mod generator_accelerator,pl:mixin:A}
	at TRANSFORMER/minecraft@1.21.1/net.minecraft.world.level.levelgen.NoiseBasedChunkGenerator.doCreateBiomes(NoiseBasedChunkGenerator.java:98) ~[server-1.21.1-20240808.144430-srg.jar%23120!/:?] {re:mixin,pl:accesstransformer:B,re:mixin,pl:accesstransformer:B,re:mixin,pl:accesstransformer:B,re:classloading,pl:accesstransformer:B,pl:mixin:APP:generator_accelerator.mixins.json:MixinNoiseBasedChunkGenerator$fast_do_fill from mod generator_accelerator,pl:mixin:APP:generator_accelerator.mixins.json:MixinNoiseBasedChunkGenerator$optimize_apply_carvers from mod generator_accelerator,pl:mixin:APP:generator_accelerator.mixins.json:MixinNoiseBasedChunkGenerator$optimize_iterate_noise_column from mod generator_accelerator,pl:mixin:APP:generator_accelerator_density_compiler.mixins.json:NoiseBasedChunkGeneratorMixin from mod generator_accelerator,pl:mixin:APP:bons_and_furious.beardifier.mixins.json:CreateNoiseChunkMixin from mod bons_and_furious,pl:mixin:APP:bons_and_furious.terrain.mixins.json:ColumnHeightShareMixin from mod bons_and_furious,pl:mixin:A}
	at TRANSFORMER/minecraft@1.21.1/net.minecraft.world.level.levelgen.NoiseBasedChunkGenerator.lambda$createBiomes$5(NoiseBasedChunkGenerator.java:92) ~[server-1.21.1-20240808.144430-srg.jar%23120!/:?] {re:mixin,pl:accesstransformer:B,re:mixin,pl:accesstransformer:B,re:mixin,pl:accesstransformer:B,re:classloading,pl:accesstransformer:B,pl:mixin:APP:generator_accelerator.mixins.json:MixinNoiseBasedChunkGenerator$fast_do_fill from mod generator_accelerator,pl:mixin:APP:generator_accelerator.mixins.json:MixinNoiseBasedChunkGenerator$optimize_apply_carvers from mod generator_accelerator,pl:mixin:APP:generator_accelerator.mixins.json:MixinNoiseBasedChunkGenerator$optimize_iterate_noise_column from mod generator_accelerator,pl:mixin:APP:generator_accelerator_density_compiler.mixins.json:NoiseBasedChunkGeneratorMixin from mod generator_accelerator,pl:mixin:APP:bons_and_furious.beardifier.mixins.json:CreateNoiseChunkMixin from mod bons_and_furious,pl:mixin:APP:bons_and_furious.terrain.mixins.json:ColumnHeightShareMixin from mod bons_and_furious,pl:mixin:A}
	at java.base/java.util.concurrent.CompletableFuture$AsyncSupply.run(CompletableFuture.java:1768) [?:?] {}
	at java.base/java.util.concurrent.CompletableFuture$AsyncSupply.exec(CompletableFuture.java:1760) [?:?] {}
	at java.base/java.util.concurrent.ForkJoinTask.doExec(ForkJoinTask.java:387) [?:?] {}
	at java.base/java.util.concurrent.ForkJoinPool$WorkQueue.topLevelExec(ForkJoinPool.java:1312) [?:?] {}
	at java.base/java.util.concurrent.ForkJoinPool.scan(ForkJoinPool.java:1843) [?:?] {}
	at java.base/java.util.concurrent.ForkJoinPool.runWorker(ForkJoinPool.java:1808) [?:?] {}
	at java.base/java.util.concurrent.ForkJoinWorkerThread.run(ForkJoinWorkerThread.java:188) [?:?] {}
[04:50:50] [Worker-Main-12/FATAL] [mixin/]: Mixin apply for mod bons_and_furious failed bons_and_furious.worldgen_beardifier_bounds.mixins.json:BeardifierBoundsMixin from mod bons_and_furious -> net.minecraft.world.level.levelgen.Beardifier: org.spongepowered.asm.mixin.injection.throwables.InvalidInjectionException @At("FIELD") on net/minecraft/world/level/levelgen/Beardifier::bons$rigids with priority 1000 cannot inject into net/minecraft/world/level/levelgen/Beardifier::compute(Lnet/minecraft/world/level/levelgen/DensityFunction$FunctionContext;)D merged by dev.sixik.generator_accelerator.common.beardifier.mixin.MixinBeardifier with priority 1000 [INJECT_PREPARE Applicator Phase -> bons_and_furious.worldgen_beardifier_bounds.mixins.json:BeardifierBoundsMixin from mod bons_and_furious -> Prepare Injections -> modifyExpressionValue$zgo000$bons_and_furious$bons$rigids(Lit/unimi/dsi/fastutil/objects/ObjectListIterator;III)Lit/unimi/dsi/fastutil/objects/ObjectListIterator; -> Prepare ->  -> { target: compute(Lnet/minecraft/world/level/levelgen/DensityFunction$FunctionContext;)D }]
org.spongepowered.asm.mixin.injection.throwables.InvalidInjectionException: @At("FIELD") on net/minecraft/world/level/levelgen/Beardifier::bons$rigids with priority 1000 cannot inject into net/minecraft/world/level/levelgen/Beardifier::compute(Lnet/minecraft/world/level/levelgen/DensityFunction$FunctionContext;)D merged by dev.sixik.generator_accelerator.common.beardifier.mixin.MixinBeardifier with priority 1000 [INJECT_PREPARE Applicator Phase -> bons_and_furious.worldgen_beardifier_bounds.mixins.json:BeardifierBoundsMixin from mod bons_and_furious -> Prepare Injections -> modifyExpressionValue$zgo000$bons_and_furious$bons$rigids(Lit/unimi/dsi/fastutil/objects/ObjectListIterator;III)Lit/unimi/dsi/fastutil/objects/ObjectListIterator; -> Prepare ->  -> { target: compute(Lnet/minecraft/world/level/levelgen/DensityFunction$FunctionContext;)D }]
	at MC-BOOTSTRAP/org.spongepowered.mixin/org.spongepowered.asm.mixin.injection.code.Injector.findTargetNodes(Injector.java:312) ~[sponge-mixin-0.15.2+mixin.0.8.7.jar%2373!/:0.15.2+mixin.0.8.7] {}
	at MC-BOOTSTRAP/org.spongepowered.mixin/org.spongepowered.asm.mixin.injection.code.Injector.find(Injector.java:248) ~[sponge-mixin-0.15.2+mixin.0.8.7.jar%2373!/:0.15.2+mixin.0.8.7] {}
	at MC-BOOTSTRAP/org.spongepowered.mixin/org.spongepowered.asm.mixin.injection.struct.InjectionInfo.prepare(InjectionInfo.java:475) ~[sponge-mixin-0.15.2+mixin.0.8.7.jar%2373!/:0.15.2+mixin.0.8.7] {}
	at TRANSFORMER/mixinextras.neoforge@0.5.3/com.llamalad7.mixinextras.injector.ModifyExpressionValueInjectionInfo.prepare(ModifyExpressionValueInjectionInfo.java:25) ~[mixinextras-neoforge-0.5.3.jar%23135!/:?] {re:classloading}
	at TRANSFORMER/mixinextras.neoforge@0.5.3/com.llamalad7.mixinextras.wrapper.InjectorWrapperImpl.prepare(InjectorWrapperImpl.java:56) ~[mixinextras-neoforge-0.5.3.jar%23135!/:?] {re:classloading}
	at TRANSFORMER/mixinextras.neoforge@0.5.3/com.llamalad7.mixinextras.sugar.impl.SugarWrapperImpl.prepare(SugarWrapperImpl.java:70) ~[mixinextras-neoforge-0.5.3.jar%23135!/:?] {re:classloading}
	at TRANSFORMER/mixinextras.neoforge@0.5.3/com.llamalad7.mixinextras.wrapper.WrapperInjectionInfo.prepare(WrapperInjectionInfo.java:64) ~[mixinextras-neoforge-0.5.3.jar%23135!/:?] {re:classloading}
	at MC-BOOTSTRAP/org.spongepowered.mixin/org.spongepowered.asm.mixin.transformer.MixinTargetContext.prepareInjections(MixinTargetContext.java:1407) ~[sponge-mixin-0.15.2+mixin.0.8.7.jar%2373!/:0.15.2+mixin.0.8.7] {}
	at MC-BOOTSTRAP/org.spongepowered.mixin/org.spongepowered.asm.mixin.transformer.MixinApplicatorStandard.prepareInjections(MixinApplicatorStandard.java:731) ~[sponge-mixin-0.15.2+mixin.0.8.7.jar%2373!/:0.15.2+mixin.0.8.7] {}
	at MC-BOOTSTRAP/org.spongepowered.mixin/org.spongepowered.asm.mixin.transformer.MixinApplicatorStandard.applyMixin(MixinApplicatorStandard.java:315) ~[sponge-mixin-0.15.2+mixin.0.8.7.jar%2373!/:0.15.2+mixin.0.8.7] {}
	at MC-BOOTSTRAP/org.spongepowered.mixin/org.spongepowered.asm.mixin.transformer.MixinApplicatorStandard.apply(MixinApplicatorStandard.java:246) ~[sponge-mixin-0.15.2+mixin.0.8.7.jar%2373!/:0.15.2+mixin.0.8.7] {}
	at MC-BOOTSTRAP/org.spongepowered.mixin/org.spongepowered.asm.mixin.transformer.TargetClassContext.apply(TargetClassContext.java:437) ~[sponge-mixin-0.15.2+mixin.0.8.7.jar%2373!/:0.15.2+mixin.0.8.7] {}
	at MC-BOOTSTRAP/org.spongepowered.mixin/org.spongepowered.asm.mixin.transformer.TargetClassContext.applyMixins(TargetClassContext.java:418) ~[sponge-mixin-0.15.2+mixin.0.8.7.jar%2373!/:0.15.2+mixin.0.8.7] {}
	at MC-BOOTSTRAP/org.spongepowered.mixin/org.spongepowered.asm.mixin.transformer.MixinProcessor.applyMixins(MixinProcessor.java:363) ~[sponge-mixin-0.15.2+mixin.0.8.7.jar%2373!/:0.15.2+mixin.0.8.7] {}
	at MC-BOOTSTRAP/org.spongepowered.mixin/org.spongepowered.asm.mixin.transformer.MixinTransformer.transformClass(MixinTransformer.java:250) ~[sponge-mixin-0.15.2+mixin.0.8.7.jar%2373!/:0.15.2+mixin.0.8.7] {}
	at MC-BOOTSTRAP/org.spongepowered.mixin/org.spongepowered.asm.service.modlauncher.MixinTransformationHandler.processClass(MixinTransformationHandler.java:131) ~[sponge-mixin-0.15.2+mixin.0.8.7.jar%2373!/:0.15.2+mixin.0.8.7] {}
	at MC-BOOTSTRAP/org.spongepowered.mixin/org.spongepowered.asm.launch.MixinLaunchPluginLegacy.processClass(MixinLaunchPluginLegacy.java:131) ~[sponge-mixin-0.15.2+mixin.0.8.7.jar%2373!/:0.15.2+mixin.0.8.7] {}
	at MC-BOOTSTRAP/cpw.mods.modlauncher@11.0.5/cpw.mods.modlauncher.serviceapi.ILaunchPluginService.processClassWithFlags(ILaunchPluginService.java:156) ~[modlauncher-11.0.5.jar%2364!/:11.0.5+main.901c6ea8] {}
	at MC-BOOTSTRAP/cpw.mods.modlauncher@11.0.5/cpw.mods.modlauncher.LaunchPluginHandler.offerClassNodeToPlugins(LaunchPluginHandler.java:94) ~[modlauncher-11.0.5.jar%2364!/:?] {}
	at MC-BOOTSTRAP/cpw.mods.modlauncher@11.0.5/cpw.mods.modlauncher.ClassTransformer.transform(ClassTransformer.java:120) ~[modlauncher-11.0.5.jar%2364!/:?] {}
	at MC-BOOTSTRAP/cpw.mods.modlauncher@11.0.5/cpw.mods.modlauncher.TransformingClassLoader.maybeTransformClassBytes(TransformingClassLoader.java:57) ~[modlauncher-11.0.5.jar%2364!/:?] {}
	at cpw.mods.securejarhandler/cpw.mods.cl.ModuleClassLoader.readerToClass(ModuleClassLoader.java:190) ~[securejarhandler-3.0.8.jar:?] {}
	at cpw.mods.securejarhandler/cpw.mods.cl.ModuleClassLoader.lambda$findClass$20(ModuleClassLoader.java:298) ~[securejarhandler-3.0.8.jar:?] {}
	at cpw.mods.securejarhandler/cpw.mods.cl.ModuleClassLoader.loadFromModule(ModuleClassLoader.java:311) ~[securejarhandler-3.0.8.jar:?] {}
	at cpw.mods.securejarhandler/cpw.mods.cl.ModuleClassLoader.findClass(ModuleClassLoader.java:298) ~[securejarhandler-3.0.8.jar:?] {}
	at cpw.mods.securejarhandler/cpw.mods.cl.ModuleClassLoader.loadClass(ModuleClassLoader.java:214) ~[securejarhandler-3.0.8.jar:?] {}
	at java.base/java.lang.ClassLoader.loadClass(ClassLoader.java:526) ~[?:?] {}
	at TRANSFORMER/minecraft@1.21.1/net.minecraft.world.level.levelgen.NoiseBasedChunkGenerator.createNoiseChunk(NoiseBasedChunkGenerator.java:106) ~[server-1.21.1-20240808.144430-srg.jar%23120!/:?] {re:mixin,pl:accesstransformer:B,re:mixin,pl:accesstransformer:B,re:mixin,pl:accesstransformer:B,re:classloading,pl:accesstransformer:B,pl:mixin:APP:generator_accelerator.mixins.json:MixinNoiseBasedChunkGenerator$fast_do_fill from mod generator_accelerator,pl:mixin:APP:generator_accelerator.mixins.json:MixinNoiseBasedChunkGenerator$optimize_apply_carvers from mod generator_accelerator,pl:mixin:APP:generator_accelerator.mixins.json:MixinNoiseBasedChunkGenerator$optimize_iterate_noise_column from mod generator_accelerator,pl:mixin:APP:generator_accelerator_density_compiler.mixins.json:NoiseBasedChunkGeneratorMixin from mod generator_accelerator,pl:mixin:APP:bons_and_furious.beardifier.mixins.json:CreateNoiseChunkMixin from mod bons_and_furious,pl:mixin:APP:bons_and_furious.terrain.mixins.json:ColumnHeightShareMixin from mod bons_and_furious,pl:mixin:A}
	at TRANSFORMER/minecraft@1.21.1/net.minecraft.world.level.levelgen.NoiseBasedChunkGenerator.lambda$doCreateBiomes$6(NoiseBasedChunkGenerator.java:98) ~[server-1.21.1-20240808.144430-srg.jar%23120!/:?] {re:mixin,pl:accesstransformer:B,re:mixin,pl:accesstransformer:B,re:mixin,pl:accesstransformer:B,re:classloading,pl:accesstransformer:B,pl:mixin:APP:generator_accelerator.mixins.json:MixinNoiseBasedChunkGenerator$fast_do_fill from mod generator_accelerator,pl:mixin:APP:generator_accelerator.mixins.json:MixinNoiseBasedChunkGenerator$optimize_apply_carvers from mod generator_accelerator,pl:mixin:APP:generator_accelerator.mixins.json:MixinNoiseBasedChunkGenerator$optimize_iterate_noise_column from mod generator_accelerator,pl:mixin:APP:generator_accelerator_density_compiler.mixins.json:NoiseBasedChunkGeneratorMixin from mod generator_accelerator,pl:mixin:APP:bons_and_furious.beardifier.mixins.json:CreateNoiseChunkMixin from mod bons_and_furious,pl:mixin:APP:bons_and_furious.terrain.mixins.json:ColumnHeightShareMixin from mod bons_and_furious,pl:mixin:A}
	at TRANSFORMER/minecraft@1.21.1/net.minecraft.world.level.chunk.ChunkAccess.getOrCreateNoiseChunk(ChunkAccess.java:417) ~[server-1.21.1-20240808.144430-srg.jar%23120!/:?] {re:mixin,re:classloading,pl:mixin:APP:generator_accelerator.mixins.json:accessor.MixinChunkAccessAccessor from mod generator_accelerator,pl:mixin:APP:generator_accelerator_structures.mixins.json:MixinChunkAccess$SynchronizeStructureData from mod generator_accelerator,pl:mixin:APP:generator_accelerator_features.mixins.json:MixinChunkAccess from mod generator_accelerator,pl:mixin:APP:generator_accelerator_features.mixins.json:MixinChunkAccess$fast_block_light_sources from mod generator_accelerator,pl:mixin:A}
	at TRANSFORMER/minecraft@1.21.1/net.minecraft.world.level.levelgen.NoiseBasedChunkGenerator.doCreateBiomes(NoiseBasedChunkGenerator.java:98) ~[server-1.21.1-20240808.144430-srg.jar%23120!/:?] {re:mixin,pl:accesstransformer:B,re:mixin,pl:accesstransformer:B,re:mixin,pl:accesstransformer:B,re:classloading,pl:accesstransformer:B,pl:mixin:APP:generator_accelerator.mixins.json:MixinNoiseBasedChunkGenerator$fast_do_fill from mod generator_accelerator,pl:mixin:APP:generator_accelerator.mixins.json:MixinNoiseBasedChunkGenerator$optimize_apply_carvers from mod generator_accelerator,pl:mixin:APP:generator_accelerator.mixins.json:MixinNoiseBasedChunkGenerator$optimize_iterate_noise_column from mod generator_accelerator,pl:mixin:APP:generator_accelerator_density_compiler.mixins.json:NoiseBasedChunkGeneratorMixin from mod generator_accelerator,pl:mixin:APP:bons_and_furious.beardifier.mixins.json:CreateNoiseChunkMixin from mod bons_and_furious,pl:mixin:APP:bons_and_furious.terrain.mixins.json:ColumnHeightShareMixin from mod bons_and_furious,pl:mixin:A}
	at TRANSFORMER/minecraft@1.21.1/net.minecraft.world.level.levelgen.NoiseBasedChunkGenerator.lambda$createBiomes$5(NoiseBasedChunkGenerator.java:92) ~[server-1.21.1-20240808.144430-srg.jar%23120!/:?] {re:mixin,pl:accesstransformer:B,re:mixin,pl:accesstransformer:B,re:mixin,pl:accesstransformer:B,re:classloading,pl:accesstransformer:B,pl:mixin:APP:generator_accelerator.mixins.json:MixinNoiseBasedChunkGenerator$fast_do_fill from mod generator_accelerator,pl:mixin:APP:generator_accelerator.mixins.json:MixinNoiseBasedChunkGenerator$optimize_apply_carvers from mod generator_accelerator,pl:mixin:APP:generator_accelerator.mixins.json:MixinNoiseBasedChunkGenerator$optimize_iterate_noise_column from mod generator_accelerator,pl:mixin:APP:generator_accelerator_density_compiler.mixins.json:NoiseBasedChunkGeneratorMixin from mod generator_accelerator,pl:mixin:APP:bons_and_furious.beardifier.mixins.json:CreateNoiseChunkMixin from mod bons_and_furious,pl:mixin:APP:bons_and_furious.terrain.mixins.json:ColumnHeightShareMixin from mod bons_and_furious,pl:mixin:A}
	at java.base/java.util.concurrent.CompletableFuture$AsyncSupply.run(CompletableFuture.java:1768) [?:?] {}
	at java.base/java.util.concurrent.CompletableFuture$AsyncSupply.exec(CompletableFuture.java:1760) [?:?] {}
	at java.base/java.util.concurrent.ForkJoinTask.doExec(ForkJoinTask.java:387) [?:?] {}
	at java.base/java.util.concurrent.ForkJoinPool$WorkQueue.topLevelExec(ForkJoinPool.java:1312) [?:?] {}
	at java.base/java.util.concurrent.ForkJoinPool.scan(ForkJoinPool.java:1843) [?:?] {}
	at java.base/java.util.concurrent.ForkJoinPool.runWorker(ForkJoinPool.java:1808) [?:?] {}
	at java.base/java.util.concurrent.ForkJoinWorkerThread.run(ForkJoinWorkerThread.java:188) [?:?] {}
[04:50:50] [Worker-Main-9/FATAL] [mixin/]: Mixin apply for mod bons_and_furious failed bons_and_furious.worldgen_beardifier_bounds.mixins.json:BeardifierBoundsMixin from mod bons_and_furious -> net.minecraft.world.level.levelgen.Beardifier: org.spongepowered.asm.mixin.injection.throwables.InvalidInjectionException @At("FIELD") on net/minecraft/world/level/levelgen/Beardifier::bons$rigids with priority 1000 cannot inject into net/minecraft/world/level/levelgen/Beardifier::compute(Lnet/minecraft/world/level/levelgen/DensityFunction$FunctionContext;)D merged by dev.sixik.generator_accelerator.common.beardifier.mixin.MixinBeardifier with priority 1000 [INJECT_PREPARE Applicator Phase -> bons_and_furious.worldgen_beardifier_bounds.mixins.json:BeardifierBoundsMixin from mod bons_and_furious -> Prepare Injections -> modifyExpressionValue$zgo000$bons_and_furious$bons$rigids(Lit/unimi/dsi/fastutil/objects/ObjectListIterator;III)Lit/unimi/dsi/fastutil/objects/ObjectListIterator; -> Prepare ->  -> { target: compute(Lnet/minecraft/world/level/levelgen/DensityFunction$FunctionContext;)D }]
org.spongepowered.asm.mixin.injection.throwables.InvalidInjectionException: @At("FIELD") on net/minecraft/world/level/levelgen/Beardifier::bons$rigids with priority 1000 cannot inject into net/minecraft/world/level/levelgen/Beardifier::compute(Lnet/minecraft/world/level/levelgen/DensityFunction$FunctionContext;)D merged by dev.sixik.generator_accelerator.common.beardifier.mixin.MixinBeardifier with priority 1000 [INJECT_PREPARE Applicator Phase -> bons_and_furious.worldgen_beardifier_bounds.mixins.json:BeardifierBoundsMixin from mod bons_and_furious -> Prepare Injections -> modifyExpressionValue$zgo000$bons_and_furious$bons$rigids(Lit/unimi/dsi/fastutil/objects/ObjectListIterator;III)Lit/unimi/dsi/fastutil/objects/ObjectListIterator; -> Prepare ->  -> { target: compute(Lnet/minecraft/world/level/levelgen/DensityFunction$FunctionContext;)D }]
	at MC-BOOTSTRAP/org.spongepowered.mixin/org.spongepowered.asm.mixin.injection.code.Injector.findTargetNodes(Injector.java:312) ~[sponge-mixin-0.15.2+mixin.0.8.7.jar%2373!/:0.15.2+mixin.0.8.7] {}
	at MC-BOOTSTRAP/org.spongepowered.mixin/org.spongepowered.asm.mixin.injection.code.Injector.find(Injector.java:248) ~[sponge-mixin-0.15.2+mixin.0.8.7.jar%2373!/:0.15.2+mixin.0.8.7] {}
	at MC-BOOTSTRAP/org.spongepowered.mixin/org.spongepowered.asm.mixin.injection.struct.InjectionInfo.prepare(InjectionInfo.java:475) ~[sponge-mixin-0.15.2+mixin.0.8.7.jar%2373!/:0.15.2+mixin.0.8.7] {}
	at TRANSFORMER/mixinextras.neoforge@0.5.3/com.llamalad7.mixinextras.injector.ModifyExpressionValueInjectionInfo.prepare(ModifyExpressionValueInjectionInfo.java:25) ~[mixinextras-neoforge-0.5.3.jar%23135!/:?] {re:classloading}
	at TRANSFORMER/mixinextras.neoforge@0.5.3/com.llamalad7.mixinextras.wrapper.InjectorWrapperImpl.prepare(InjectorWrapperImpl.java:56) ~[mixinextras-neoforge-0.5.3.jar%23135!/:?] {re:classloading}
	at TRANSFORMER/mixinextras.neoforge@0.5.3/com.llamalad7.mixinextras.sugar.impl.SugarWrapperImpl.prepare(SugarWrapperImpl.java:70) ~[mixinextras-neoforge-0.5.3.jar%23135!/:?] {re:classloading}
	at TRANSFORMER/mixinextras.neoforge@0.5.3/com.llamalad7.mixinextras.wrapper.WrapperInjectionInfo.prepare(WrapperInjectionInfo.java:64) ~[mixinextras-neoforge-0.5.3.jar%23135!/:?] {re:classloading}
	at MC-BOOTSTRAP/org.spongepowered.mixin/org.spongepowered.asm.mixin.transformer.MixinTargetContext.prepareInjections(MixinTargetContext.java:1407) ~[sponge-mixin-0.15.2+mixin.0.8.7.jar%2373!/:0.15.2+mixin.0.8.7] {}
	at MC-BOOTSTRAP/org.spongepowered.mixin/org.spongepowered.asm.mixin.transformer.MixinApplicatorStandard.prepareInjections(MixinApplicatorStandard.java:731) ~[sponge-mixin-0.15.2+mixin.0.8.7.jar%2373!/:0.15.2+mixin.0.8.7] {}
	at MC-BOOTSTRAP/org.spongepowered.mixin/org.spongepowered.asm.mixin.transformer.MixinApplicatorStandard.applyMixin(MixinApplicatorStandard.java:315) ~[sponge-mixin-0.15.2+mixin.0.8.7.jar%2373!/:0.15.2+mixin.0.8.7] {}
	at MC-BOOTSTRAP/org.spongepowered.mixin/org.spongepowered.asm.mixin.transformer.MixinApplicatorStandard.apply(MixinApplicatorStandard.java:246) ~[sponge-mixin-0.15.2+mixin.0.8.7.jar%2373!/:0.15.2+mixin.0.8.7] {}
	at MC-BOOTSTRAP/org.spongepowered.mixin/org.spongepowered.asm.mixin.transformer.TargetClassContext.apply(TargetClassContext.java:437) ~[sponge-mixin-0.15.2+mixin.0.8.7.jar%2373!/:0.15.2+mixin.0.8.7] {}
	at MC-BOOTSTRAP/org.spongepowered.mixin/org.spongepowered.asm.mixin.transformer.TargetClassContext.applyMixins(TargetClassContext.java:418) ~[sponge-mixin-0.15.2+mixin.0.8.7.jar%2373!/:0.15.2+mixin.0.8.7] {}
	at MC-BOOTSTRAP/org.spongepowered.mixin/org.spongepowered.asm.mixin.transformer.MixinProcessor.applyMixins(MixinProcessor.java:363) ~[sponge-mixin-0.15.2+mixin.0.8.7.jar%2373!/:0.15.2+mixin.0.8.7] {}
	at MC-BOOTSTRAP/org.spongepowered.mixin/org.spongepowered.asm.mixin.transformer.MixinTransformer.transformClass(MixinTransformer.java:250) ~[sponge-mixin-0.15.2+mixin.0.8.7.jar%2373!/:0.15.2+mixin.0.8.7] {}
	at MC-BOOTSTRAP/org.spongepowered.mixin/org.spongepowered.asm.service.modlauncher.MixinTransformationHandler.processClass(MixinTransformationHandler.java:131) ~[sponge-mixin-0.15.2+mixin.0.8.7.jar%2373!/:0.15.2+mixin.0.8.7] {}
	at MC-BOOTSTRAP/org.spongepowered.mixin/org.spongepowered.asm.launch.MixinLaunchPluginLegacy.processClass(MixinLaunchPluginLegacy.java:131) ~[sponge-mixin-0.15.2+mixin.0.8.7.jar%2373!/:0.15.2+mixin.0.8.7] {}
	at MC-BOOTSTRAP/cpw.mods.modlauncher@11.0.5/cpw.mods.modlauncher.serviceapi.ILaunchPluginService.processClassWithFlags(ILaunchPluginService.java:156) ~[modlauncher-11.0.5.jar%2364!/:11.0.5+main.901c6ea8] {}
	at MC-BOOTSTRAP/cpw.mods.modlauncher@11.0.5/cpw.mods.modlauncher.LaunchPluginHandler.offerClassNodeToPlugins(LaunchPluginHandler.java:94) ~[modlauncher-11.0.5.jar%2364!/:?] {}
	at MC-BOOTSTRAP/cpw.mods.modlauncher@11.0.5/cpw.mods.modlauncher.ClassTransformer.transform(ClassTransformer.java:120) ~[modlauncher-11.0.5.jar%2364!/:?] {}
	at MC-BOOTSTRAP/cpw.mods.modlauncher@11.0.5/cpw.mods.modlauncher.TransformingClassLoader.maybeTransformClassBytes(TransformingClassLoader.java:57) ~[modlauncher-11.0.5.jar%2364!/:?] {}
	at cpw.mods.securejarhandler/cpw.mods.cl.ModuleClassLoader.readerToClass(ModuleClassLoader.java:190) ~[securejarhandler-3.0.8.jar:?] {}
	at cpw.mods.securejarhandler/cpw.mods.cl.ModuleClassLoader.lambda$findClass$20(ModuleClassLoader.java:298) ~[securejarhandler-3.0.8.jar:?] {}
	at cpw.mods.securejarhandler/cpw.mods.cl.ModuleClassLoader.loadFromModule(ModuleClassLoader.java:311) ~[securejarhandler-3.0.8.jar:?] {}
	at cpw.mods.securejarhandler/cpw.mods.cl.ModuleClassLoader.findClass(ModuleClassLoader.java:298) ~[securejarhandler-3.0.8.jar:?] {}
	at cpw.mods.securejarhandler/cpw.mods.cl.ModuleClassLoader.loadClass(ModuleClassLoader.java:214) ~[securejarhandler-3.0.8.jar:?] {}
	at java.base/java.lang.ClassLoader.loadClass(ClassLoader.java:526) ~[?:?] {}
	at TRANSFORMER/minecraft@1.21.1/net.minecraft.world.level.levelgen.NoiseBasedChunkGenerator.createNoiseChunk(NoiseBasedChunkGenerator.java:106) ~[server-1.21.1-20240808.144430-srg.jar%23120!/:?] {re:mixin,pl:accesstransformer:B,re:mixin,pl:accesstransformer:B,re:mixin,pl:accesstransformer:B,re:classloading,pl:accesstransformer:B,pl:mixin:APP:generator_accelerator.mixins.json:MixinNoiseBasedChunkGenerator$fast_do_fill from mod generator_accelerator,pl:mixin:APP:generator_accelerator.mixins.json:MixinNoiseBasedChunkGenerator$optimize_apply_carvers from mod generator_accelerator,pl:mixin:APP:generator_accelerator.mixins.json:MixinNoiseBasedChunkGenerator$optimize_iterate_noise_column from mod generator_accelerator,pl:mixin:APP:generator_accelerator_density_compiler.mixins.json:NoiseBasedChunkGeneratorMixin from mod generator_accelerator,pl:mixin:APP:bons_and_furious.beardifier.mixins.json:CreateNoiseChunkMixin from mod bons_and_furious,pl:mixin:APP:bons_and_furious.terrain.mixins.json:ColumnHeightShareMixin from mod bons_and_furious,pl:mixin:A}
	at TRANSFORMER/minecraft@1.21.1/net.minecraft.world.level.levelgen.NoiseBasedChunkGenerator.lambda$doCreateBiomes$6(NoiseBasedChunkGenerator.java:98) ~[server-1.21.1-20240808.144430-srg.jar%23120!/:?] {re:mixin,pl:accesstransformer:B,re:mixin,pl:accesstransformer:B,re:mixin,pl:accesstransformer:B,re:classloading,pl:accesstransformer:B,pl:mixin:APP:generator_accelerator.mixins.json:MixinNoiseBasedChunkGenerator$fast_do_fill from mod generator_accelerator,pl:mixin:APP:generator_accelerator.mixins.json:MixinNoiseBasedChunkGenerator$optimize_apply_carvers from mod generator_accelerator,pl:mixin:APP:generator_accelerator.mixins.json:MixinNoiseBasedChunkGenerator$optimize_iterate_noise_column from mod generator_accelerator,pl:mixin:APP:generator_accelerator_density_compiler.mixins.json:NoiseBasedChunkGeneratorMixin from mod generator_accelerator,pl:mixin:APP:bons_and_furious.beardifier.mixins.json:CreateNoiseChunkMixin from mod bons_and_furious,pl:mixin:APP:bons_and_furious.terrain.mixins.json:ColumnHeightShareMixin from mod bons_and_furious,pl:mixin:A}
	at TRANSFORMER/minecraft@1.21.1/net.minecraft.world.level.chunk.ChunkAccess.getOrCreateNoiseChunk(ChunkAccess.java:417) ~[server-1.21.1-20240808.144430-srg.jar%23120!/:?] {re:mixin,re:classloading,pl:mixin:APP:generator_accelerator.mixins.json:accessor.MixinChunkAccessAccessor from mod generator_accelerator,pl:mixin:APP:generator_accelerator_structures.mixins.json:MixinChunkAccess$SynchronizeStructureData from mod generator_accelerator,pl:mixin:APP:generator_accelerator_features.mixins.json:MixinChunkAccess from mod generator_accelerator,pl:mixin:APP:generator_accelerator_features.mixins.json:MixinChunkAccess$fast_block_light_sources from mod generator_accelerator,pl:mixin:A}
	at TRANSFORMER/minecraft@1.21.1/net.minecraft.world.level.levelgen.NoiseBasedChunkGenerator.doCreateBiomes(NoiseBasedChunkGenerator.java:98) ~[server-1.21.1-20240808.144430-srg.jar%23120!/:?] {re:mixin,pl:accesstransformer:B,re:mixin,pl:accesstransformer:B,re:mixin,pl:accesstransformer:B,re:classloading,pl:accesstransformer:B,pl:mixin:APP:generator_accelerator.mixins.json:MixinNoiseBasedChunkGenerator$fast_do_fill from mod generator_accelerator,pl:mixin:APP:generator_accelerator.mixins.json:MixinNoiseBasedChunkGenerator$optimize_apply_carvers from mod generator_accelerator,pl:mixin:APP:generator_accelerator.mixins.json:MixinNoiseBasedChunkGenerator$optimize_iterate_noise_column from mod generator_accelerator,pl:mixin:APP:generator_accelerator_density_compiler.mixins.json:NoiseBasedChunkGeneratorMixin from mod generator_accelerator,pl:mixin:APP:bons_and_furious.beardifier.mixins.json:CreateNoiseChunkMixin from mod bons_and_furious,pl:mixin:APP:bons_and_furious.terrain.mixins.json:ColumnHeightShareMixin from mod bons_and_furious,pl:mixin:A}
	at TRANSFORMER/minecraft@1.21.1/net.minecraft.world.level.levelgen.NoiseBasedChunkGenerator.lambda$createBiomes$5(NoiseBasedChunkGenerator.java:92) ~[server-1.21.1-20240808.144430-srg.jar%23120!/:?] {re:mixin,pl:accesstransformer:B,re:mixin,pl:accesstransformer:B,re:mixin,pl:accesstransformer:B,re:classloading,pl:accesstransformer:B,pl:mixin:APP:generator_accelerator.mixins.json:MixinNoiseBasedChunkGenerator$fast_do_fill from mod generator_accelerator,pl:mixin:APP:generator_accelerator.mixins.json:MixinNoiseBasedChunkGenerator$optimize_apply_carvers from mod generator_accelerator,pl:mixin:APP:generator_accelerator.mixins.json:MixinNoiseBasedChunkGenerator$optimize_iterate_noise_column from mod generator_accelerator,pl:mixin:APP:generator_accelerator_density_compiler.mixins.json:NoiseBasedChunkGeneratorMixin from mod generator_accelerator,pl:mixin:APP:bons_and_furious.beardifier.mixins.json:CreateNoiseChunkMixin from mod bons_and_furious,pl:mixin:APP:bons_and_furious.terrain.mixins.json:ColumnHeightShareMixin from mod bons_and_furious,pl:mixin:A}
	at java.base/java.util.concurrent.CompletableFuture$AsyncSupply.run(CompletableFuture.java:1768) [?:?] {}
	at java.base/java.util.concurrent.CompletableFuture$AsyncSupply.exec(CompletableFuture.java:1760) [?:?] {}
	at java.base/java.util.concurrent.ForkJoinTask.doExec(ForkJoinTask.java:387) [?:?] {}
	at java.base/java.util.concurrent.ForkJoinPool$WorkQueue.topLevelExec(ForkJoinPool.java:1312) [?:?] {}
	at java.base/java.util.concurrent.ForkJoinPool.scan(ForkJoinPool.java:1843) [?:?] {}
	at java.base/java.util.concurrent.ForkJoinPool.runWorker(ForkJoinPool.java:1808) [?:?] {}
	at java.base/java.util.concurrent.ForkJoinWorkerThread.run(ForkJoinWorkerThread.java:188) [?:?] {}
[04:50:50] [Worker-Main-2/FATAL] [mixin/]: Mixin apply for mod bons_and_furious failed bons_and_furious.worldgen_beardifier_bounds.mixins.json:BeardifierBoundsMixin from mod bons_and_furious -> net.minecraft.world.level.levelgen.Beardifier: org.spongepowered.asm.mixin.injection.throwables.InvalidInjectionException @At("FIELD") on net/minecraft/world/level/levelgen/Beardifier::bons$rigids with priority 1000 cannot inject into net/minecraft/world/level/levelgen/Beardifier::compute(Lnet/minecraft/world/level/levelgen/DensityFunction$FunctionContext;)D merged by dev.sixik.generator_accelerator.common.beardifier.mixin.MixinBeardifier with priority 1000 [INJECT_PREPARE Applicator Phase -> bons_and_furious.worldgen_beardifier_bounds.mixins.json:BeardifierBoundsMixin from mod bons_and_furious -> Prepare Injections -> modifyExpressionValue$zgo000$bons_and_furious$bons$rigids(Lit/unimi/dsi/fastutil/objects/ObjectListIterator;III)Lit/unimi/dsi/fastutil/objects/ObjectListIterator; -> Prepare ->  -> { target: compute(Lnet/minecraft/world/level/levelgen/DensityFunction$FunctionContext;)D }]
org.spongepowered.asm.mixin.injection.throwables.InvalidInjectionException: @At("FIELD") on net/minecraft/world/level/levelgen/Beardifier::bons$rigids with priority 1000 cannot inject into net/minecraft/world/level/levelgen/Beardifier::compute(Lnet/minecraft/world/level/levelgen/DensityFunction$FunctionContext;)D merged by dev.sixik.generator_accelerator.common.beardifier.mixin.MixinBeardifier with priority 1000 [INJECT_PREPARE Applicator Phase -> bons_and_furious.worldgen_beardifier_bounds.mixins.json:BeardifierBoundsMixin from mod bons_and_furious -> Prepare Injections -> modifyExpressionValue$zgo000$bons_and_furious$bons$rigids(Lit/unimi/dsi/fastutil/objects/ObjectListIterator;III)Lit/unimi/dsi/fastutil/objects/ObjectListIterator; -> Prepare ->  -> { target: compute(Lnet/minecraft/world/level/levelgen/DensityFunction$FunctionContext;)D }]
	at MC-BOOTSTRAP/org.spongepowered.mixin/org.spongepowered.asm.mixin.injection.code.Injector.findTargetNodes(Injector.java:312) ~[sponge-mixin-0.15.2+mixin.0.8.7.jar%2373!/:0.15.2+mixin.0.8.7] {}
	at MC-BOOTSTRAP/org.spongepowered.mixin/org.spongepowered.asm.mixin.injection.code.Injector.find(Injector.java:248) ~[sponge-mixin-0.15.2+mixin.0.8.7.jar%2373!/:0.15.2+mixin.0.8.7] {}
	at MC-BOOTSTRAP/org.spongepowered.mixin/org.spongepowered.asm.mixin.injection.struct.InjectionInfo.prepare(InjectionInfo.java:475) ~[sponge-mixin-0.15.2+mixin.0.8.7.jar%2373!/:0.15.2+mixin.0.8.7] {}
	at TRANSFORMER/mixinextras.neoforge@0.5.3/com.llamalad7.mixinextras.injector.ModifyExpressionValueInjectionInfo.prepare(ModifyExpressionValueInjectionInfo.java:25) ~[mixinextras-neoforge-0.5.3.jar%23135!/:?] {re:classloading}
	at TRANSFORMER/mixinextras.neoforge@0.5.3/com.llamalad7.mixinextras.wrapper.InjectorWrapperImpl.prepare(InjectorWrapperImpl.java:56) ~[mixinextras-neoforge-0.5.3.jar%23135!/:?] {re:classloading}
	at TRANSFORMER/mixinextras.neoforge@0.5.3/com.llamalad7.mixinextras.sugar.impl.SugarWrapperImpl.prepare(SugarWrapperImpl.java:70) ~[mixinextras-neoforge-0.5.3.jar%23135!/:?] {re:classloading}
	at TRANSFORMER/mixinextras.neoforge@0.5.3/com.llamalad7.mixinextras.wrapper.WrapperInjectionInfo.prepare(WrapperInjectionInfo.java:64) ~[mixinextras-neoforge-0.5.3.jar%23135!/:?] {re:classloading}
	at MC-BOOTSTRAP/org.spongepowered.mixin/org.spongepowered.asm.mixin.transformer.MixinTargetContext.prepareInjections(MixinTargetContext.java:1407) ~[sponge-mixin-0.15.2+mixin.0.8.7.jar%2373!/:0.15.2+mixin.0.8.7] {}
	at MC-BOOTSTRAP/org.spongepowered.mixin/org.spongepowered.asm.mixin.transformer.MixinApplicatorStandard.prepareInjections(MixinApplicatorStandard.java:731) ~[sponge-mixin-0.15.2+mixin.0.8.7.jar%2373!/:0.15.2+mixin.0.8.7] {}
	at MC-BOOTSTRAP/org.spongepowered.mixin/org.spongepowered.asm.mixin.transformer.MixinApplicatorStandard.applyMixin(MixinApplicatorStandard.java:315) ~[sponge-mixin-0.15.2+mixin.0.8.7.jar%2373!/:0.15.2+mixin.0.8.7] {}
	at MC-BOOTSTRAP/org.spongepowered.mixin/org.spongepowered.asm.mixin.transformer.MixinApplicatorStandard.apply(MixinApplicatorStandard.java:246) ~[sponge-mixin-0.15.2+mixin.0.8.7.jar%2373!/:0.15.2+mixin.0.8.7] {}
	at MC-BOOTSTRAP/org.spongepowered.mixin/org.spongepowered.asm.mixin.transformer.TargetClassContext.apply(TargetClassContext.java:437) ~[sponge-mixin-0.15.2+mixin.0.8.7.jar%2373!/:0.15.2+mixin.0.8.7] {}
	at MC-BOOTSTRAP/org.spongepowered.mixin/org.spongepowered.asm.mixin.transformer.TargetClassContext.applyMixins(TargetClassContext.java:418) ~[sponge-mixin-0.15.2+mixin.0.8.7.jar%2373!/:0.15.2+mixin.0.8.7] {}
	at MC-BOOTSTRAP/org.spongepowered.mixin/org.spongepowered.asm.mixin.transformer.MixinProcessor.applyMixins(MixinProcessor.java:363) ~[sponge-mixin-0.15.2+mixin.0.8.7.jar%2373!/:0.15.2+mixin.0.8.7] {}
	at MC-BOOTSTRAP/org.spongepowered.mixin/org.spongepowered.asm.mixin.transformer.MixinTransformer.transformClass(MixinTransformer.java:250) ~[sponge-mixin-0.15.2+mixin.0.8.7.jar%2373!/:0.15.2+mixin.0.8.7] {}
	at MC-BOOTSTRAP/org.spongepowered.mixin/org.spongepowered.asm.service.modlauncher.MixinTransformationHandler.processClass(MixinTransformationHandler.java:131) ~[sponge-mixin-0.15.2+mixin.0.8.7.jar%2373!/:0.15.2+mixin.0.8.7] {}
	at MC-BOOTSTRAP/org.spongepowered.mixin/org.spongepowered.asm.launch.MixinLaunchPluginLegacy.processClass(MixinLaunchPluginLegacy.java:131) ~[sponge-mixin-0.15.2+mixin.0.8.7.jar%2373!/:0.15.2+mixin.0.8.7] {}
	at MC-BOOTSTRAP/cpw.mods.modlauncher@11.0.5/cpw.mods.modlauncher.serviceapi.ILaunchPluginService.processClassWithFlags(ILaunchPluginService.java:156) ~[modlauncher-11.0.5.jar%2364!/:11.0.5+main.901c6ea8] {}
	at MC-BOOTSTRAP/cpw.mods.modlauncher@11.0.5/cpw.mods.modlauncher.LaunchPluginHandler.offerClassNodeToPlugins(LaunchPluginHandler.java:94) ~[modlauncher-11.0.5.jar%2364!/:?] {}
	at MC-BOOTSTRAP/cpw.mods.modlauncher@11.0.5/cpw.mods.modlauncher.ClassTransformer.transform(ClassTransformer.java:120) ~[modlauncher-11.0.5.jar%2364!/:?] {}
	at MC-BOOTSTRAP/cpw.mods.modlauncher@11.0.5/cpw.mods.modlauncher.TransformingClassLoader.maybeTransformClassBytes(TransformingClassLoader.java:57) ~[modlauncher-11.0.5.jar%2364!/:?] {}
	at cpw.mods.securejarhandler/cpw.mods.cl.ModuleClassLoader.readerToClass(ModuleClassLoader.java:190) ~[securejarhandler-3.0.8.jar:?] {}
	at cpw.mods.securejarhandler/cpw.mods.cl.ModuleClassLoader.lambda$findClass$20(ModuleClassLoader.java:298) ~[securejarhandler-3.0.8.jar:?] {}
	at cpw.mods.securejarhandler/cpw.mods.cl.ModuleClassLoader.loadFromModule(ModuleClassLoader.java:311) ~[securejarhandler-3.0.8.jar:?] {}
	at cpw.mods.securejarhandler/cpw.mods.cl.ModuleClassLoader.findClass(ModuleClassLoader.java:298) ~[securejarhandler-3.0.8.jar:?] {}
	at cpw.mods.securejarhandler/cpw.mods.cl.ModuleClassLoader.loadClass(ModuleClassLoader.java:214) ~[securejarhandler-3.0.8.jar:?] {}
	at java.base/java.lang.ClassLoader.loadClass(ClassLoader.java:526) ~[?:?] {}
	at TRANSFORMER/minecraft@1.21.1/net.minecraft.world.level.levelgen.NoiseBasedChunkGenerator.createNoiseChunk(NoiseBasedChunkGenerator.java:106) ~[server-1.21.1-20240808.144430-srg.jar%23120!/:?] {re:mixin,pl:accesstransformer:B,re:mixin,pl:accesstransformer:B,re:mixin,pl:accesstransformer:B,re:classloading,pl:accesstransformer:B,pl:mixin:APP:generator_accelerator.mixins.json:MixinNoiseBasedChunkGenerator$fast_do_fill from mod generator_accelerator,pl:mixin:APP:generator_accelerator.mixins.json:MixinNoiseBasedChunkGenerator$optimize_apply_carvers from mod generator_accelerator,pl:mixin:APP:generator_accelerator.mixins.json:MixinNoiseBasedChunkGenerator$optimize_iterate_noise_column from mod generator_accelerator,pl:mixin:APP:generator_accelerator_density_compiler.mixins.json:NoiseBasedChunkGeneratorMixin from mod generator_accelerator,pl:mixin:APP:bons_and_furious.beardifier.mixins.json:CreateNoiseChunkMixin from mod bons_and_furious,pl:mixin:APP:bons_and_furious.terrain.mixins.json:ColumnHeightShareMixin from mod bons_and_furious,pl:mixin:A}
	at TRANSFORMER/minecraft@1.21.1/net.minecraft.world.level.levelgen.NoiseBasedChunkGenerator.lambda$doCreateBiomes$6(NoiseBasedChunkGenerator.java:98) ~[server-1.21.1-20240808.144430-srg.jar%23120!/:?] {re:mixin,pl:accesstransformer:B,re:mixin,pl:accesstransformer:B,re:mixin,pl:accesstransformer:B,re:classloading,pl:accesstransformer:B,pl:mixin:APP:generator_accelerator.mixins.json:MixinNoiseBasedChunkGenerator$fast_do_fill from mod generator_accelerator,pl:mixin:APP:generator_accelerator.mixins.json:MixinNoiseBasedChunkGenerator$optimize_apply_carvers from mod generator_accelerator,pl:mixin:APP:generator_accelerator.mixins.json:MixinNoiseBasedChunkGenerator$optimize_iterate_noise_column from mod generator_accelerator,pl:mixin:APP:generator_accelerator_density_compiler.mixins.json:NoiseBasedChunkGeneratorMixin from mod generator_accelerator,pl:mixin:APP:bons_and_furious.beardifier.mixins.json:CreateNoiseChunkMixin from mod bons_and_furious,pl:mixin:APP:bons_and_furious.terrain.mixins.json:ColumnHeightShareMixin from mod bons_and_furious,pl:mixin:A}
	at TRANSFORMER/minecraft@1.21.1/net.minecraft.world.level.chunk.ChunkAccess.getOrCreateNoiseChunk(ChunkAccess.java:417) ~[server-1.21.1-20240808.144430-srg.jar%23120!/:?] {re:mixin,re:classloading,pl:mixin:APP:generator_accelerator.mixins.json:accessor.MixinChunkAccessAccessor from mod generator_accelerator,pl:mixin:APP:generator_accelerator_structures.mixins.json:MixinChunkAccess$SynchronizeStructureData from mod generator_accelerator,pl:mixin:APP:generator_accelerator_features.mixins.json:MixinChunkAccess from mod generator_accelerator,pl:mixin:APP:generator_accelerator_features.mixins.json:MixinChunkAccess$fast_block_light_sources from mod generator_accelerator,pl:mixin:A}
	at TRANSFORMER/minecraft@1.21.1/net.minecraft.world.level.levelgen.NoiseBasedChunkGenerator.doCreateBiomes(NoiseBasedChunkGenerator.java:98) ~[server-1.21.1-20240808.144430-srg.jar%23120!/:?] {re:mixin,pl:accesstransformer:B,re:mixin,pl:accesstransformer:B,re:mixin,pl:accesstransformer:B,re:classloading,pl:accesstransformer:B,pl:mixin:APP:generator_accelerator.mixins.json:MixinNoiseBasedChunkGenerator$fast_do_fill from mod generator_accelerator,pl:mixin:APP:generator_accelerator.mixins.json:MixinNoiseBasedChunkGenerator$optimize_apply_carvers from mod generator_accelerator,pl:mixin:APP:generator_accelerator.mixins.json:MixinNoiseBasedChunkGenerator$optimize_iterate_noise_column from mod generator_accelerator,pl:mixin:APP:generator_accelerator_density_compiler.mixins.json:NoiseBasedChunkGeneratorMixin from mod generator_accelerator,pl:mixin:APP:bons_and_furious.beardifier.mixins.json:CreateNoiseChunkMixin from mod bons_and_furious,pl:mixin:APP:bons_and_furious.terrain.mixins.json:ColumnHeightShareMixin from mod bons_and_furious,pl:mixin:A}
	at TRANSFORMER/minecraft@1.21.1/net.minecraft.world.level.levelgen.NoiseBasedChunkGenerator.lambda$createBiomes$5(NoiseBasedChunkGenerator.java:92) ~[server-1.21.1-20240808.144430-srg.jar%23120!/:?] {re:mixin,pl:accesstransformer:B,re:mixin,pl:accesstransformer:B,re:mixin,pl:accesstransformer:B,re:classloading,pl:accesstransformer:B,pl:mixin:APP:generator_accelerator.mixins.json:MixinNoiseBasedChunkGenerator$fast_do_fill from mod generator_accelerator,pl:mixin:APP:generator_accelerator.mixins.json:MixinNoiseBasedChunkGenerator$optimize_apply_carvers from mod generator_accelerator,pl:mixin:APP:generator_accelerator.mixins.json:MixinNoiseBasedChunkGenerator$optimize_iterate_noise_column from mod generator_accelerator,pl:mixin:APP:generator_accelerator_density_compiler.mixins.json:NoiseBasedChunkGeneratorMixin from mod generator_accelerator,pl:mixin:APP:bons_and_furious.beardifier.mixins.json:CreateNoiseChunkMixin from mod bons_and_furious,pl:mixin:APP:bons_and_furious.terrain.mixins.json:ColumnHeightShareMixin from mod bons_and_furious,pl:mixin:A}
	at java.base/java.util.concurrent.CompletableFuture$AsyncSupply.run(CompletableFuture.java:1768) [?:?] {}
	at java.base/java.util.concurrent.CompletableFuture$AsyncSupply.exec(CompletableFuture.java:1760) [?:?] {}
	at java.base/java.util.concurrent.ForkJoinTask.doExec(ForkJoinTask.java:387) [?:?] {}
	at java.base/java.util.concurrent.ForkJoinPool$WorkQueue.topLevelExec(ForkJoinPool.java:1312) [?:?] {}
	at java.base/java.util.concurrent.ForkJoinPool.scan(ForkJoinPool.java:1843) [?:?] {}
	at java.base/java.util.concurrent.ForkJoinPool.runWorker(ForkJoinPool.java:1808) [?:?] {}
	at java.base/java.util.concurrent.ForkJoinWorkerThread.run(ForkJoinWorkerThread.java:188) [?:?] {}
[04:50:50] [Worker-Main-11/FATAL] [mixin/]: Mixin apply for mod bons_and_furious failed bons_and_furious.worldgen_beardifier_bounds.mixins.json:BeardifierBoundsMixin from mod bons_and_furious -> net.minecraft.world.level.levelgen.Beardifier: org.spongepowered.asm.mixin.injection.throwables.InvalidInjectionException @At("FIELD") on net/minecraft/world/level/levelgen/Beardifier::bons$rigids with priority 1000 cannot inject into net/minecraft/world/level/levelgen/Beardifier::compute(Lnet/minecraft/world/level/levelgen/DensityFunction$FunctionContext;)D merged by dev.sixik.generator_accelerator.common.beardifier.mixin.MixinBeardifier with priority 1000 [INJECT_PREPARE Applicator Phase -> bons_and_furious.worldgen_beardifier_bounds.mixins.json:BeardifierBoundsMixin from mod bons_and_furious -> Prepare Injections -> modifyExpressionValue$zgo000$bons_and_furious$bons$rigids(Lit/unimi/dsi/fastutil/objects/ObjectListIterator;III)Lit/unimi/dsi/fastutil/objects/ObjectListIterator; -> Prepare ->  -> { target: compute(Lnet/minecraft/world/level/levelgen/DensityFunction$FunctionContext;)D }]
org.spongepowered.asm.mixin.injection.throwables.InvalidInjectionException: @At("FIELD") on net/minecraft/world/level/levelgen/Beardifier::bons$rigids with priority 1000 cannot inject into net/minecraft/world/level/levelgen/Beardifier::compute(Lnet/minecraft/world/level/levelgen/DensityFunction$FunctionContext;)D merged by dev.sixik.generator_accelerator.common.beardifier.mixin.MixinBeardifier with priority 1000 [INJECT_PREPARE Applicator Phase -> bons_and_furious.worldgen_beardifier_bounds.mixins.json:BeardifierBoundsMixin from mod bons_and_furious -> Prepare Injections -> modifyExpressionValue$zgo000$bons_and_furious$bons$rigids(Lit/unimi/dsi/fastutil/objects/ObjectListIterator;III)Lit/unimi/dsi/fastutil/objects/ObjectListIterator; -> Prepare ->  -> { target: compute(Lnet/minecraft/world/level/levelgen/DensityFunction$FunctionContext;)D }]
	at MC-BOOTSTRAP/org.spongepowered.mixin/org.spongepowered.asm.mixin.injection.code.Injector.findTargetNodes(Injector.java:312) ~[sponge-mixin-0.15.2+mixin.0.8.7.jar%2373!/:0.15.2+mixin.0.8.7] {}
	at MC-BOOTSTRAP/org.spongepowered.mixin/org.spongepowered.asm.mixin.injection.code.Injector.find(Injector.java:248) ~[sponge-mixin-0.15.2+mixin.0.8.7.jar%2373!/:0.15.2+mixin.0.8.7] {}
	at MC-BOOTSTRAP/org.spongepowered.mixin/org.spongepowered.asm.mixin.injection.struct.InjectionInfo.prepare(InjectionInfo.java:475) ~[sponge-mixin-0.15.2+mixin.0.8.7.jar%2373!/:0.15.2+mixin.0.8.7] {}
	at TRANSFORMER/mixinextras.neoforge@0.5.3/com.llamalad7.mixinextras.injector.ModifyExpressionValueInjectionInfo.prepare(ModifyExpressionValueInjectionInfo.java:25) ~[mixinextras-neoforge-0.5.3.jar%23135!/:?] {re:classloading}
	at TRANSFORMER/mixinextras.neoforge@0.5.3/com.llamalad7.mixinextras.wrapper.InjectorWrapperImpl.prepare(InjectorWrapperImpl.java:56) ~[mixinextras-neoforge-0.5.3.jar%23135!/:?] {re:classloading}
	at TRANSFORMER/mixinextras.neoforge@0.5.3/com.llamalad7.mixinextras.sugar.impl.SugarWrapperImpl.prepare(SugarWrapperImpl.java:70) ~[mixinextras-neoforge-0.5.3.jar%23135!/:?] {re:classloading}
	at TRANSFORMER/mixinextras.neoforge@0.5.3/com.llamalad7.mixinextras.wrapper.WrapperInjectionInfo.prepare(WrapperInjectionInfo.java:64) ~[mixinextras-neoforge-0.5.3.jar%23135!/:?] {re:classloading}
	at MC-BOOTSTRAP/org.spongepowered.mixin/org.spongepowered.asm.mixin.transformer.MixinTargetContext.prepareInjections(MixinTargetContext.java:1407) ~[sponge-mixin-0.15.2+mixin.0.8.7.jar%2373!/:0.15.2+mixin.0.8.7] {}
	at MC-BOOTSTRAP/org.spongepowered.mixin/org.spongepowered.asm.mixin.transformer.MixinApplicatorStandard.prepareInjections(MixinApplicatorStandard.java:731) ~[sponge-mixin-0.15.2+mixin.0.8.7.jar%2373!/:0.15.2+mixin.0.8.7] {}
	at MC-BOOTSTRAP/org.spongepowered.mixin/org.spongepowered.asm.mixin.transformer.MixinApplicatorStandard.applyMixin(MixinApplicatorStandard.java:315) ~[sponge-mixin-0.15.2+mixin.0.8.7.jar%2373!/:0.15.2+mixin.0.8.7] {}
	at MC-BOOTSTRAP/org.spongepowered.mixin/org.spongepowered.asm.mixin.transformer.MixinApplicatorStandard.apply(MixinApplicatorStandard.java:246) ~[sponge-mixin-0.15.2+mixin.0.8.7.jar%2373!/:0.15.2+mixin.0.8.7] {}
	at MC-BOOTSTRAP/org.spongepowered.mixin/org.spongepowered.asm.mixin.transformer.TargetClassContext.apply(TargetClassContext.java:437) ~[sponge-mixin-0.15.2+mixin.0.8.7.jar%2373!/:0.15.2+mixin.0.8.7] {}
	at MC-BOOTSTRAP/org.spongepowered.mixin/org.spongepowered.asm.mixin.transformer.TargetClassContext.applyMixins(TargetClassContext.java:418) ~[sponge-mixin-0.15.2+mixin.0.8.7.jar%2373!/:0.15.2+mixin.0.8.7] {}
	at MC-BOOTSTRAP/org.spongepowered.mixin/org.spongepowered.asm.mixin.transformer.MixinProcessor.applyMixins(MixinProcessor.java:363) ~[sponge-mixin-0.15.2+mixin.0.8.7.jar%2373!/:0.15.2+mixin.0.8.7] {}
	at MC-BOOTSTRAP/org.spongepowered.mixin/org.spongepowered.asm.mixin.transformer.MixinTransformer.transformClass(MixinTransformer.java:250) ~[sponge-mixin-0.15.2+mixin.0.8.7.jar%2373!/:0.15.2+mixin.0.8.7] {}
	at MC-BOOTSTRAP/org.spongepowered.mixin/org.spongepowered.asm.service.modlauncher.MixinTransformationHandler.processClass(MixinTransformationHandler.java:131) ~[sponge-mixin-0.15.2+mixin.0.8.7.jar%2373!/:0.15.2+mixin.0.8.7] {}
	at MC-BOOTSTRAP/org.spongepowered.mixin/org.spongepowered.asm.launch.MixinLaunchPluginLegacy.processClass(MixinLaunchPluginLegacy.java:131) ~[sponge-mixin-0.15.2+mixin.0.8.7.jar%2373!/:0.15.2+mixin.0.8.7] {}
	at MC-BOOTSTRAP/cpw.mods.modlauncher@11.0.5/cpw.mods.modlauncher.serviceapi.ILaunchPluginService.processClassWithFlags(ILaunchPluginService.java:156) ~[modlauncher-11.0.5.jar%2364!/:11.0.5+main.901c6ea8] {}
	at MC-BOOTSTRAP/cpw.mods.modlauncher@11.0.5/cpw.mods.modlauncher.LaunchPluginHandler.offerClassNodeToPlugins(LaunchPluginHandler.java:94) ~[modlauncher-11.0.5.jar%2364!/:?] {}
	at MC-BOOTSTRAP/cpw.mods.modlauncher@11.0.5/cpw.mods.modlauncher.ClassTransformer.transform(ClassTransformer.java:120) ~[modlauncher-11.0.5.jar%2364!/:?] {}
	at MC-BOOTSTRAP/cpw.mods.modlauncher@11.0.5/cpw.mods.modlauncher.TransformingClassLoader.maybeTransformClassBytes(TransformingClassLoader.java:57) ~[modlauncher-11.0.5.jar%2364!/:?] {}
	at cpw.mods.securejarhandler/cpw.mods.cl.ModuleClassLoader.readerToClass(ModuleClassLoader.java:190) ~[securejarhandler-3.0.8.jar:?] {}
	at cpw.mods.securejarhandler/cpw.mods.cl.ModuleClassLoader.lambda$findClass$20(ModuleClassLoader.java:298) ~[securejarhandler-3.0.8.jar:?] {}
	at cpw.mods.securejarhandler/cpw.mods.cl.ModuleClassLoader.loadFromModule(ModuleClassLoader.java:311) ~[securejarhandler-3.0.8.jar:?] {}
	at cpw.mods.securejarhandler/cpw.mods.cl.ModuleClassLoader.findClass(ModuleClassLoader.java:298) ~[securejarhandler-3.0.8.jar:?] {}
	at cpw.mods.securejarhandler/cpw.mods.cl.ModuleClassLoader.loadClass(ModuleClassLoader.java:214) ~[securejarhandler-3.0.8.jar:?] {}
	at java.base/java.lang.ClassLoader.loadClass(ClassLoader.java:526) ~[?:?] {}
	at TRANSFORMER/minecraft@1.21.1/net.minecraft.world.level.levelgen.NoiseBasedChunkGenerator.createNoiseChunk(NoiseBasedChunkGenerator.java:106) ~[server-1.21.1-20240808.144430-srg.jar%23120!/:?] {re:mixin,pl:accesstransformer:B,re:mixin,pl:accesstransformer:B,re:mixin,pl:accesstransformer:B,re:classloading,pl:accesstransformer:B,pl:mixin:APP:generator_accelerator.mixins.json:MixinNoiseBasedChunkGenerator$fast_do_fill from mod generator_accelerator,pl:mixin:APP:generator_accelerator.mixins.json:MixinNoiseBasedChunkGenerator$optimize_apply_carvers from mod generator_accelerator,pl:mixin:APP:generator_accelerator.mixins.json:MixinNoiseBasedChunkGenerator$optimize_iterate_noise_column from mod generator_accelerator,pl:mixin:APP:generator_accelerator_density_compiler.mixins.json:NoiseBasedChunkGeneratorMixin from mod generator_accelerator,pl:mixin:APP:bons_and_furious.beardifier.mixins.json:CreateNoiseChunkMixin from mod bons_and_furious,pl:mixin:APP:bons_and_furious.terrain.mixins.json:ColumnHeightShareMixin from mod bons_and_furious,pl:mixin:A}
	at TRANSFORMER/minecraft@1.21.1/net.minecraft.world.level.levelgen.NoiseBasedChunkGenerator.lambda$doCreateBiomes$6(NoiseBasedChunkGenerator.java:98) ~[server-1.21.1-20240808.144430-srg.jar%23120!/:?] {re:mixin,pl:accesstransformer:B,re:mixin,pl:accesstransformer:B,re:mixin,pl:accesstransformer:B,re:classloading,pl:accesstransformer:B,pl:mixin:APP:generator_accelerator.mixins.json:MixinNoiseBasedChunkGenerator$fast_do_fill from mod generator_accelerator,pl:mixin:APP:generator_accelerator.mixins.json:MixinNoiseBasedChunkGenerator$optimize_apply_carvers from mod generator_accelerator,pl:mixin:APP:generator_accelerator.mixins.json:MixinNoiseBasedChunkGenerator$optimize_iterate_noise_column from mod generator_accelerator,pl:mixin:APP:generator_accelerator_density_compiler.mixins.json:NoiseBasedChunkGeneratorMixin from mod generator_accelerator,pl:mixin:APP:bons_and_furious.beardifier.mixins.json:CreateNoiseChunkMixin from mod bons_and_furious,pl:mixin:APP:bons_and_furious.terrain.mixins.json:ColumnHeightShareMixin from mod bons_and_furious,pl:mixin:A}
	at TRANSFORMER/minecraft@1.21.1/net.minecraft.world.level.chunk.ChunkAccess.getOrCreateNoiseChunk(ChunkAccess.java:417) ~[server-1.21.1-20240808.144430-srg.jar%23120!/:?] {re:mixin,re:classloading,pl:mixin:APP:generator_accelerator.mixins.json:accessor.MixinChunkAccessAccessor from mod generator_accelerator,pl:mixin:APP:generator_accelerator_structures.mixins.json:MixinChunkAccess$SynchronizeStructureData from mod generator_accelerator,pl:mixin:APP:generator_accelerator_features.mixins.json:MixinChunkAccess from mod generator_accelerator,pl:mixin:APP:generator_accelerator_features.mixins.json:MixinChunkAccess$fast_block_light_sources from mod generator_accelerator,pl:mixin:A}
	at TRANSFORMER/minecraft@1.21.1/net.minecraft.world.level.levelgen.NoiseBasedChunkGenerator.doCreateBiomes(NoiseBasedChunkGenerator.java:98) ~[server-1.21.1-20240808.144430-srg.jar%23120!/:?] {re:mixin,pl:accesstransformer:B,re:mixin,pl:accesstransformer:B,re:mixin,pl:accesstransformer:B,re:classloading,pl:accesstransformer:B,pl:mixin:APP:generator_accelerator.mixins.json:MixinNoiseBasedChunkGenerator$fast_do_fill from mod generator_accelerator,pl:mixin:APP:generator_accelerator.mixins.json:MixinNoiseBasedChunkGenerator$optimize_apply_carvers from mod generator_accelerator,pl:mixin:APP:generator_accelerator.mixins.json:MixinNoiseBasedChunkGenerator$optimize_iterate_noise_column from mod generator_accelerator,pl:mixin:APP:generator_accelerator_density_compiler.mixins.json:NoiseBasedChunkGeneratorMixin from mod generator_accelerator,pl:mixin:APP:bons_and_furious.beardifier.mixins.json:CreateNoiseChunkMixin from mod bons_and_furious,pl:mixin:APP:bons_and_furious.terrain.mixins.json:ColumnHeightShareMixin from mod bons_and_furious,pl:mixin:A}
	at TRANSFORMER/minecraft@1.21.1/net.minecraft.world.level.levelgen.NoiseBasedChunkGenerator.lambda$createBiomes$5(NoiseBasedChunkGenerator.java:92) ~[server-1.21.1-20240808.144430-srg.jar%23120!/:?] {re:mixin,pl:accesstransformer:B,re:mixin,pl:accesstransformer:B,re:mixin,pl:accesstransformer:B,re:classloading,pl:accesstransformer:B,pl:mixin:APP:generator_accelerator.mixins.json:MixinNoiseBasedChunkGenerator$fast_do_fill from mod generator_accelerator,pl:mixin:APP:generator_accelerator.mixins.json:MixinNoiseBasedChunkGenerator$optimize_apply_carvers from mod generator_accelerator,pl:mixin:APP:generator_accelerator.mixins.json:MixinNoiseBasedChunkGenerator$optimize_iterate_noise_column from mod generator_accelerator,pl:mixin:APP:generator_accelerator_density_compiler.mixins.json:NoiseBasedChunkGeneratorMixin from mod generator_accelerator,pl:mixin:APP:bons_and_furious.beardifier.mixins.json:CreateNoiseChunkMixin from mod bons_and_furious,pl:mixin:APP:bons_and_furious.terrain.mixins.json:ColumnHeightShareMixin from mod bons_and_furious,pl:mixin:A}
	at java.base/java.util.concurrent.CompletableFuture$AsyncSupply.run(CompletableFuture.java:1768) [?:?] {}
	at java.base/java.util.concurrent.CompletableFuture$AsyncSupply.exec(CompletableFuture.java:1760) [?:?] {}
	at java.base/java.util.concurrent.ForkJoinTask.doExec(ForkJoinTask.java:387) [?:?] {}
	at java.base/java.util.concurrent.ForkJoinPool$WorkQueue.topLevelExec(ForkJoinPool.java:1312) [?:?] {}
	at java.base/java.util.concurrent.ForkJoinPool.scan(ForkJoinPool.java:1843) [?:?] {}
	at java.base/java.util.concurrent.ForkJoinPool.runWorker(ForkJoinPool.java:1808) [?:?] {}
	at java.base/java.util.concurrent.ForkJoinWorkerThread.run(ForkJoinWorkerThread.java:188) [?:?] {}
[04:50:50] [Worker-Main-5/FATAL] [mixin/]: Mixin apply for mod bons_and_furious failed bons_and_furious.worldgen_beardifier_bounds.mixins.json:BeardifierBoundsMixin from mod bons_and_furious -> net.minecraft.world.level.levelgen.Beardifier: org.spongepowered.asm.mixin.injection.throwables.InvalidInjectionException @At("FIELD") on net/minecraft/world/level/levelgen/Beardifier::bons$rigids with priority 1000 cannot inject into net/minecraft/world/level/levelgen/Beardifier::compute(Lnet/minecraft/world/level/levelgen/DensityFunction$FunctionContext;)D merged by dev.sixik.generator_accelerator.common.beardifier.mixin.MixinBeardifier with priority 1000 [INJECT_PREPARE Applicator Phase -> bons_and_furious.worldgen_beardifier_bounds.mixins.json:BeardifierBoundsMixin from mod bons_and_furious -> Prepare Injections -> modifyExpressionValue$zgo000$bons_and_furious$bons$rigids(Lit/unimi/dsi/fastutil/objects/ObjectListIterator;III)Lit/unimi/dsi/fastutil/objects/ObjectListIterator; -> Prepare ->  -> { target: compute(Lnet/minecraft/world/level/levelgen/DensityFunction$FunctionContext;)D }]
org.spongepowered.asm.mixin.injection.throwables.InvalidInjectionException: @At("FIELD") on net/minecraft/world/level/levelgen/Beardifier::bons$rigids with priority 1000 cannot inject into net/minecraft/world/level/levelgen/Beardifier::compute(Lnet/minecraft/world/level/levelgen/DensityFunction$FunctionContext;)D merged by dev.sixik.generator_accelerator.common.beardifier.mixin.MixinBeardifier with priority 1000 [INJECT_PREPARE Applicator Phase -> bons_and_furious.worldgen_beardifier_bounds.mixins.json:BeardifierBoundsMixin from mod bons_and_furious -> Prepare Injections -> modifyExpressionValue$zgo000$bons_and_furious$bons$rigids(Lit/unimi/dsi/fastutil/objects/ObjectListIterator;III)Lit/unimi/dsi/fastutil/objects/ObjectListIterator; -> Prepare ->  -> { target: compute(Lnet/minecraft/world/level/levelgen/DensityFunction$FunctionContext;)D }]
	at MC-BOOTSTRAP/org.spongepowered.mixin/org.spongepowered.asm.mixin.injection.code.Injector.findTargetNodes(Injector.java:312) ~[sponge-mixin-0.15.2+mixin.0.8.7.jar%2373!/:0.15.2+mixin.0.8.7] {}
	at MC-BOOTSTRAP/org.spongepowered.mixin/org.spongepowered.asm.mixin.injection.code.Injector.find(Injector.java:248) ~[sponge-mixin-0.15.2+mixin.0.8.7.jar%2373!/:0.15.2+mixin.0.8.7] {}
	at MC-BOOTSTRAP/org.spongepowered.mixin/org.spongepowered.asm.mixin.injection.struct.InjectionInfo.prepare(InjectionInfo.java:475) ~[sponge-mixin-0.15.2+mixin.0.8.7.jar%2373!/:0.15.2+mixin.0.8.7] {}
	at TRANSFORMER/mixinextras.neoforge@0.5.3/com.llamalad7.mixinextras.injector.ModifyExpressionValueInjectionInfo.prepare(ModifyExpressionValueInjectionInfo.java:25) ~[mixinextras-neoforge-0.5.3.jar%23135!/:?] {re:classloading}
	at TRANSFORMER/mixinextras.neoforge@0.5.3/com.llamalad7.mixinextras.wrapper.InjectorWrapperImpl.prepare(InjectorWrapperImpl.java:56) ~[mixinextras-neoforge-0.5.3.jar%23135!/:?] {re:classloading}
	at TRANSFORMER/mixinextras.neoforge@0.5.3/com.llamalad7.mixinextras.sugar.impl.SugarWrapperImpl.prepare(SugarWrapperImpl.java:70) ~[mixinextras-neoforge-0.5.3.jar%23135!/:?] {re:classloading}
	at TRANSFORMER/mixinextras.neoforge@0.5.3/com.llamalad7.mixinextras.wrapper.WrapperInjectionInfo.prepare(WrapperInjectionInfo.java:64) ~[mixinextras-neoforge-0.5.3.jar%23135!/:?] {re:classloading}
	at MC-BOOTSTRAP/org.spongepowered.mixin/org.spongepowered.asm.mixin.transformer.MixinTargetContext.prepareInjections(MixinTargetContext.java:1407) ~[sponge-mixin-0.15.2+mixin.0.8.7.jar%2373!/:0.15.2+mixin.0.8.7] {}
	at MC-BOOTSTRAP/org.spongepowered.mixin/org.spongepowered.asm.mixin.transformer.MixinApplicatorStandard.prepareInjections(MixinApplicatorStandard.java:731) ~[sponge-mixin-0.15.2+mixin.0.8.7.jar%2373!/:0.15.2+mixin.0.8.7] {}
	at MC-BOOTSTRAP/org.spongepowered.mixin/org.spongepowered.asm.mixin.transformer.MixinApplicatorStandard.applyMixin(MixinApplicatorStandard.java:315) ~[sponge-mixin-0.15.2+mixin.0.8.7.jar%2373!/:0.15.2+mixin.0.8.7] {}
	at MC-BOOTSTRAP/org.spongepowered.mixin/org.spongepowered.asm.mixin.transformer.MixinApplicatorStandard.apply(MixinApplicatorStandard.java:246) ~[sponge-mixin-0.15.2+mixin.0.8.7.jar%2373!/:0.15.2+mixin.0.8.7] {}
	at MC-BOOTSTRAP/org.spongepowered.mixin/org.spongepowered.asm.mixin.transformer.TargetClassContext.apply(TargetClassContext.java:437) ~[sponge-mixin-0.15.2+mixin.0.8.7.jar%2373!/:0.15.2+mixin.0.8.7] {}
	at MC-BOOTSTRAP/org.spongepowered.mixin/org.spongepowered.asm.mixin.transformer.TargetClassContext.applyMixins(TargetClassContext.java:418) ~[sponge-mixin-0.15.2+mixin.0.8.7.jar%2373!/:0.15.2+mixin.0.8.7] {}
	at MC-BOOTSTRAP/org.spongepowered.mixin/org.spongepowered.asm.mixin.transformer.MixinProcessor.applyMixins(MixinProcessor.java:363) ~[sponge-mixin-0.15.2+mixin.0.8.7.jar%2373!/:0.15.2+mixin.0.8.7] {}
	at MC-BOOTSTRAP/org.spongepowered.mixin/org.spongepowered.asm.mixin.transformer.MixinTransformer.transformClass(MixinTransformer.java:250) ~[sponge-mixin-0.15.2+mixin.0.8.7.jar%2373!/:0.15.2+mixin.0.8.7] {}
	at MC-BOOTSTRAP/org.spongepowered.mixin/org.spongepowered.asm.service.modlauncher.MixinTransformationHandler.processClass(MixinTransformationHandler.java:131) ~[sponge-mixin-0.15.2+mixin.0.8.7.jar%2373!/:0.15.2+mixin.0.8.7] {}
	at MC-BOOTSTRAP/org.spongepowered.mixin/org.spongepowered.asm.launch.MixinLaunchPluginLegacy.processClass(MixinLaunchPluginLegacy.java:131) ~[sponge-mixin-0.15.2+mixin.0.8.7.jar%2373!/:0.15.2+mixin.0.8.7] {}
	at MC-BOOTSTRAP/cpw.mods.modlauncher@11.0.5/cpw.mods.modlauncher.serviceapi.ILaunchPluginService.processClassWithFlags(ILaunchPluginService.java:156) ~[modlauncher-11.0.5.jar%2364!/:11.0.5+main.901c6ea8] {}
	at MC-BOOTSTRAP/cpw.mods.modlauncher@11.0.5/cpw.mods.modlauncher.LaunchPluginHandler.offerClassNodeToPlugins(LaunchPluginHandler.java:94) ~[modlauncher-11.0.5.jar%2364!/:?] {}
	at MC-BOOTSTRAP/cpw.mods.modlauncher@11.0.5/cpw.mods.modlauncher.ClassTransformer.transform(ClassTransformer.java:120) ~[modlauncher-11.0.5.jar%2364!/:?] {}
	at MC-BOOTSTRAP/cpw.mods.modlauncher@11.0.5/cpw.mods.modlauncher.TransformingClassLoader.maybeTransformClassBytes(TransformingClassLoader.java:57) ~[modlauncher-11.0.5.jar%2364!/:?] {}
	at cpw.mods.securejarhandler/cpw.mods.cl.ModuleClassLoader.readerToClass(ModuleClassLoader.java:190) ~[securejarhandler-3.0.8.jar:?] {}
	at cpw.mods.securejarhandler/cpw.mods.cl.ModuleClassLoader.lambda$findClass$20(ModuleClassLoader.java:298) ~[securejarhandler-3.0.8.jar:?] {}
	at cpw.mods.securejarhandler/cpw.mods.cl.ModuleClassLoader.loadFromModule(ModuleClassLoader.java:311) ~[securejarhandler-3.0.8.jar:?] {}
	at cpw.mods.securejarhandler/cpw.mods.cl.ModuleClassLoader.findClass(ModuleClassLoader.java:298) ~[securejarhandler-3.0.8.jar:?] {}
	at cpw.mods.securejarhandler/cpw.mods.cl.ModuleClassLoader.loadClass(ModuleClassLoader.java:214) ~[securejarhandler-3.0.8.jar:?] {}
	at java.base/java.lang.ClassLoader.loadClass(ClassLoader.java:526) ~[?:?] {}
	at TRANSFORMER/minecraft@1.21.1/net.minecraft.world.level.levelgen.NoiseBasedChunkGenerator.createNoiseChunk(NoiseBasedChunkGenerator.java:106) ~[server-1.21.1-20240808.144430-srg.jar%23120!/:?] {re:mixin,pl:accesstransformer:B,re:mixin,pl:accesstransformer:B,re:mixin,pl:accesstransformer:B,re:classloading,pl:accesstransformer:B,pl:mixin:APP:generator_accelerator.mixins.json:MixinNoiseBasedChunkGenerator$fast_do_fill from mod generator_accelerator,pl:mixin:APP:generator_accelerator.mixins.json:MixinNoiseBasedChunkGenerator$optimize_apply_carvers from mod generator_accelerator,pl:mixin:APP:generator_accelerator.mixins.json:MixinNoiseBasedChunkGenerator$optimize_iterate_noise_column from mod generator_accelerator,pl:mixin:APP:generator_accelerator_density_compiler.mixins.json:NoiseBasedChunkGeneratorMixin from mod generator_accelerator,pl:mixin:APP:bons_and_furious.beardifier.mixins.json:CreateNoiseChunkMixin from mod bons_and_furious,pl:mixin:APP:bons_and_furious.terrain.mixins.json:ColumnHeightShareMixin from mod bons_and_furious,pl:mixin:A}
	at TRANSFORMER/minecraft@1.21.1/net.minecraft.world.level.levelgen.NoiseBasedChunkGenerator.lambda$doCreateBiomes$6(NoiseBasedChunkGenerator.java:98) ~[server-1.21.1-20240808.144430-srg.jar%23120!/:?] {re:mixin,pl:accesstransformer:B,re:mixin,pl:accesstransformer:B,re:mixin,pl:accesstransformer:B,re:classloading,pl:accesstransformer:B,pl:mixin:APP:generator_accelerator.mixins.json:MixinNoiseBasedChunkGenerator$fast_do_fill from mod generator_accelerator,pl:mixin:APP:generator_accelerator.mixins.json:MixinNoiseBasedChunkGenerator$optimize_apply_carvers from mod generator_accelerator,pl:mixin:APP:generator_accelerator.mixins.json:MixinNoiseBasedChunkGenerator$optimize_iterate_noise_column from mod generator_accelerator,pl:mixin:APP:generator_accelerator_density_compiler.mixins.json:NoiseBasedChunkGeneratorMixin from mod generator_accelerator,pl:mixin:APP:bons_and_furious.beardifier.mixins.json:CreateNoiseChunkMixin from mod bons_and_furious,pl:mixin:APP:bons_and_furious.terrain.mixins.json:ColumnHeightShareMixin from mod bons_and_furious,pl:mixin:A}
	at TRANSFORMER/minecraft@1.21.1/net.minecraft.world.level.chunk.ChunkAccess.getOrCreateNoiseChunk(ChunkAccess.java:417) ~[server-1.21.1-20240808.144430-srg.jar%23120!/:?] {re:mixin,re:classloading,pl:mixin:APP:generator_accelerator.mixins.json:accessor.MixinChunkAccessAccessor from mod generator_accelerator,pl:mixin:APP:generator_accelerator_structures.mixins.json:MixinChunkAccess$SynchronizeStructureData from mod generator_accelerator,pl:mixin:APP:generator_accelerator_features.mixins.json:MixinChunkAccess from mod generator_accelerator,pl:mixin:APP:generator_accelerator_features.mixins.json:MixinChunkAccess$fast_block_light_sources from mod generator_accelerator,pl:mixin:A}
	at TRANSFORMER/minecraft@1.21.1/net.minecraft.world.level.levelgen.NoiseBasedChunkGenerator.doCreateBiomes(NoiseBasedChunkGenerator.java:98) ~[server-1.21.1-20240808.144430-srg.jar%23120!/:?] {re:mixin,pl:accesstransformer:B,re:mixin,pl:accesstransformer:B,re:mixin,pl:accesstransformer:B,re:classloading,pl:accesstransformer:B,pl:mixin:APP:generator_accelerator.mixins.json:MixinNoiseBasedChunkGenerator$fast_do_fill from mod generator_accelerator,pl:mixin:APP:generator_accelerator.mixins.json:MixinNoiseBasedChunkGenerator$optimize_apply_carvers from mod generator_accelerator,pl:mixin:APP:generator_accelerator.mixins.json:MixinNoiseBasedChunkGenerator$optimize_iterate_noise_column from mod generator_accelerator,pl:mixin:APP:generator_accelerator_density_compiler.mixins.json:NoiseBasedChunkGeneratorMixin from mod generator_accelerator,pl:mixin:APP:bons_and_furious.beardifier.mixins.json:CreateNoiseChunkMixin from mod bons_and_furious,pl:mixin:APP:bons_and_furious.terrain.mixins.json:ColumnHeightShareMixin from mod bons_and_furious,pl:mixin:A}
	at TRANSFORMER/minecraft@1.21.1/net.minecraft.world.level.levelgen.NoiseBasedChunkGenerator.lambda$createBiomes$5(NoiseBasedChunkGenerator.java:92) ~[server-1.21.1-20240808.144430-srg.jar%23120!/:?] {re:mixin,pl:accesstransformer:B,re:mixin,pl:accesstransformer:B,re:mixin,pl:accesstransformer:B,re:classloading,pl:accesstransformer:B,pl:mixin:APP:generator_accelerator.mixins.json:MixinNoiseBasedChunkGenerator$fast_do_fill from mod generator_accelerator,pl:mixin:APP:generator_accelerator.mixins.json:MixinNoiseBasedChunkGenerator$optimize_apply_carvers from mod generator_accelerator,pl:mixin:APP:generator_accelerator.mixins.json:MixinNoiseBasedChunkGenerator$optimize_iterate_noise_column from mod generator_accelerator,pl:mixin:APP:generator_accelerator_density_compiler.mixins.json:NoiseBasedChunkGeneratorMixin from mod generator_accelerator,pl:mixin:APP:bons_and_furious.beardifier.mixins.json:CreateNoiseChunkMixin from mod bons_and_furious,pl:mixin:APP:bons_and_furious.terrain.mixins.json:ColumnHeightShareMixin from mod bons_and_furious,pl:mixin:A}
	at java.base/java.util.concurrent.CompletableFuture$AsyncSupply.run(CompletableFuture.java:1768) [?:?] {}
	at java.base/java.util.concurrent.CompletableFuture$AsyncSupply.exec(CompletableFuture.java:1760) [?:?] {}
	at java.base/java.util.concurrent.ForkJoinTask.doExec(ForkJoinTask.java:387) [?:?] {}
	at java.base/java.util.concurrent.ForkJoinPool$WorkQueue.topLevelExec(ForkJoinPool.java:1312) [?:?] {}
	at java.base/java.util.concurrent.ForkJoinPool.scan(ForkJoinPool.java:1843) [?:?] {}
	at java.base/java.util.concurrent.ForkJoinPool.runWorker(ForkJoinPool.java:1808) [?:?] {}
	at java.base/java.util.concurrent.ForkJoinWorkerThread.run(ForkJoinWorkerThread.java:188) [?:?] {}
[04:50:50] [Worker-Main-23/FATAL] [mixin/]: Mixin apply for mod bons_and_furious failed bons_and_furious.worldgen_beardifier_bounds.mixins.json:BeardifierBoundsMixin from mod bons_and_furious -> net.minecraft.world.level.levelgen.Beardifier: org.spongepowered.asm.mixin.injection.throwables.InvalidInjectionException @At("FIELD") on net/minecraft/world/level/levelgen/Beardifier::bons$rigids with priority 1000 cannot inject into net/minecraft/world/level/levelgen/Beardifier::compute(Lnet/minecraft/world/level/levelgen/DensityFunction$FunctionContext;)D merged by dev.sixik.generator_accelerator.common.beardifier.mixin.MixinBeardifier with priority 1000 [INJECT_PREPARE Applicator Phase -> bons_and_furious.worldgen_beardifier_bounds.mixins.json:BeardifierBoundsMixin from mod bons_and_furious -> Prepare Injections -> modifyExpressionValue$zgo000$bons_and_furious$bons$rigids(Lit/unimi/dsi/fastutil/objects/ObjectListIterator;III)Lit/unimi/dsi/fastutil/objects/ObjectListIterator; -> Prepare ->  -> { target: compute(Lnet/minecraft/world/level/levelgen/DensityFunction$FunctionContext;)D }]
org.spongepowered.asm.mixin.injection.throwables.InvalidInjectionException: @At("FIELD") on net/minecraft/world/level/levelgen/Beardifier::bons$rigids with priority 1000 cannot inject into net/minecraft/world/level/levelgen/Beardifier::compute(Lnet/minecraft/world/level/levelgen/DensityFunction$FunctionContext;)D merged by dev.sixik.generator_accelerator.common.beardifier.mixin.MixinBeardifier with priority 1000 [INJECT_PREPARE Applicator Phase -> bons_and_furious.worldgen_beardifier_bounds.mixins.json:BeardifierBoundsMixin from mod bons_and_furious -> Prepare Injections -> modifyExpressionValue$zgo000$bons_and_furious$bons$rigids(Lit/unimi/dsi/fastutil/objects/ObjectListIterator;III)Lit/unimi/dsi/fastutil/objects/ObjectListIterator; -> Prepare ->  -> { target: compute(Lnet/minecraft/world/level/levelgen/DensityFunction$FunctionContext;)D }]
	at MC-BOOTSTRAP/org.spongepowered.mixin/org.spongepowered.asm.mixin.injection.code.Injector.findTargetNodes(Injector.java:312) ~[sponge-mixin-0.15.2+mixin.0.8.7.jar%2373!/:0.15.2+mixin.0.8.7] {}
	at MC-BOOTSTRAP/org.spongepowered.mixin/org.spongepowered.asm.mixin.injection.code.Injector.find(Injector.java:248) ~[sponge-mixin-0.15.2+mixin.0.8.7.jar%2373!/:0.15.2+mixin.0.8.7] {}
	at MC-BOOTSTRAP/org.spongepowered.mixin/org.spongepowered.asm.mixin.injection.struct.InjectionInfo.prepare(InjectionInfo.java:475) ~[sponge-mixin-0.15.2+mixin.0.8.7.jar%2373!/:0.15.2+mixin.0.8.7] {}
	at TRANSFORMER/mixinextras.neoforge@0.5.3/com.llamalad7.mixinextras.injector.ModifyExpressionValueInjectionInfo.prepare(ModifyExpressionValueInjectionInfo.java:25) ~[mixinextras-neoforge-0.5.3.jar%23135!/:?] {re:classloading}
	at TRANSFORMER/mixinextras.neoforge@0.5.3/com.llamalad7.mixinextras.wrapper.InjectorWrapperImpl.prepare(InjectorWrapperImpl.java:56) ~[mixinextras-neoforge-0.5.3.jar%23135!/:?] {re:classloading}
	at TRANSFORMER/mixinextras.neoforge@0.5.3/com.llamalad7.mixinextras.sugar.impl.SugarWrapperImpl.prepare(SugarWrapperImpl.java:70) ~[mixinextras-neoforge-0.5.3.jar%23135!/:?] {re:classloading}
	at TRANSFORMER/mixinextras.neoforge@0.5.3/com.llamalad7.mixinextras.wrapper.WrapperInjectionInfo.prepare(WrapperInjectionInfo.java:64) ~[mixinextras-neoforge-0.5.3.jar%23135!/:?] {re:classloading}
	at MC-BOOTSTRAP/org.spongepowered.mixin/org.spongepowered.asm.mixin.transformer.MixinTargetContext.prepareInjections(MixinTargetContext.java:1407) ~[sponge-mixin-0.15.2+mixin.0.8.7.jar%2373!/:0.15.2+mixin.0.8.7] {}
	at MC-BOOTSTRAP/org.spongepowered.mixin/org.spongepowered.asm.mixin.transformer.MixinApplicatorStandard.prepareInjections(MixinApplicatorStandard.java:731) ~[sponge-mixin-0.15.2+mixin.0.8.7.jar%2373!/:0.15.2+mixin.0.8.7] {}
	at MC-BOOTSTRAP/org.spongepowered.mixin/org.spongepowered.asm.mixin.transformer.MixinApplicatorStandard.applyMixin(MixinApplicatorStandard.java:315) ~[sponge-mixin-0.15.2+mixin.0.8.7.jar%2373!/:0.15.2+mixin.0.8.7] {}
	at MC-BOOTSTRAP/org.spongepowered.mixin/org.spongepowered.asm.mixin.transformer.MixinApplicatorStandard.apply(MixinApplicatorStandard.java:246) ~[sponge-mixin-0.15.2+mixin.0.8.7.jar%2373!/:0.15.2+mixin.0.8.7] {}
	at MC-BOOTSTRAP/org.spongepowered.mixin/org.spongepowered.asm.mixin.transformer.TargetClassContext.apply(TargetClassContext.java:437) ~[sponge-mixin-0.15.2+mixin.0.8.7.jar%2373!/:0.15.2+mixin.0.8.7] {}
	at MC-BOOTSTRAP/org.spongepowered.mixin/org.spongepowered.asm.mixin.transformer.TargetClassContext.applyMixins(TargetClassContext.java:418) ~[sponge-mixin-0.15.2+mixin.0.8.7.jar%2373!/:0.15.2+mixin.0.8.7] {}
	at MC-BOOTSTRAP/org.spongepowered.mixin/org.spongepowered.asm.mixin.transformer.MixinProcessor.applyMixins(MixinProcessor.java:363) ~[sponge-mixin-0.15.2+mixin.0.8.7.jar%2373!/:0.15.2+mixin.0.8.7] {}
	at MC-BOOTSTRAP/org.spongepowered.mixin/org.spongepowered.asm.mixin.transformer.MixinTransformer.transformClass(MixinTransformer.java:250) ~[sponge-mixin-0.15.2+mixin.0.8.7.jar%2373!/:0.15.2+mixin.0.8.7] {}
	at MC-BOOTSTRAP/org.spongepowered.mixin/org.spongepowered.asm.service.modlauncher.MixinTransformationHandler.processClass(MixinTransformationHandler.java:131) ~[sponge-mixin-0.15.2+mixin.0.8.7.jar%2373!/:0.15.2+mixin.0.8.7] {}
	at MC-BOOTSTRAP/org.spongepowered.mixin/org.spongepowered.asm.launch.MixinLaunchPluginLegacy.processClass(MixinLaunchPluginLegacy.java:131) ~[sponge-mixin-0.15.2+mixin.0.8.7.jar%2373!/:0.15.2+mixin.0.8.7] {}
	at MC-BOOTSTRAP/cpw.mods.modlauncher@11.0.5/cpw.mods.modlauncher.serviceapi.ILaunchPluginService.processClassWithFlags(ILaunchPluginService.java:156) ~[modlauncher-11.0.5.jar%2364!/:11.0.5+main.901c6ea8] {}
	at MC-BOOTSTRAP/cpw.mods.modlauncher@11.0.5/cpw.mods.modlauncher.LaunchPluginHandler.offerClassNodeToPlugins(LaunchPluginHandler.java:94) ~[modlauncher-11.0.5.jar%2364!/:?] {}
	at MC-BOOTSTRAP/cpw.mods.modlauncher@11.0.5/cpw.mods.modlauncher.ClassTransformer.transform(ClassTransformer.java:120) ~[modlauncher-11.0.5.jar%2364!/:?] {}
	at MC-BOOTSTRAP/cpw.mods.modlauncher@11.0.5/cpw.mods.modlauncher.TransformingClassLoader.maybeTransformClassBytes(TransformingClassLoader.java:57) ~[modlauncher-11.0.5.jar%2364!/:?] {}
	at cpw.mods.securejarhandler/cpw.mods.cl.ModuleClassLoader.readerToClass(ModuleClassLoader.java:190) ~[securejarhandler-3.0.8.jar:?] {}
	at cpw.mods.securejarhandler/cpw.mods.cl.ModuleClassLoader.lambda$findClass$20(ModuleClassLoader.java:298) ~[securejarhandler-3.0.8.jar:?] {}
	at cpw.mods.securejarhandler/cpw.mods.cl.ModuleClassLoader.loadFromModule(ModuleClassLoader.java:311) ~[securejarhandler-3.0.8.jar:?] {}
	at cpw.mods.securejarhandler/cpw.mods.cl.ModuleClassLoader.findClass(ModuleClassLoader.java:298) ~[securejarhandler-3.0.8.jar:?] {}
	at cpw.mods.securejarhandler/cpw.mods.cl.ModuleClassLoader.loadClass(ModuleClassLoader.java:214) ~[securejarhandler-3.0.8.jar:?] {}
	at java.base/java.lang.ClassLoader.loadClass(ClassLoader.java:526) ~[?:?] {}
	at TRANSFORMER/minecraft@1.21.1/net.minecraft.world.level.levelgen.NoiseBasedChunkGenerator.createNoiseChunk(NoiseBasedChunkGenerator.java:106) ~[server-1.21.1-20240808.144430-srg.jar%23120!/:?] {re:mixin,pl:accesstransformer:B,re:mixin,pl:accesstransformer:B,re:mixin,pl:accesstransformer:B,re:classloading,pl:accesstransformer:B,pl:mixin:APP:generator_accelerator.mixins.json:MixinNoiseBasedChunkGenerator$fast_do_fill from mod generator_accelerator,pl:mixin:APP:generator_accelerator.mixins.json:MixinNoiseBasedChunkGenerator$optimize_apply_carvers from mod generator_accelerator,pl:mixin:APP:generator_accelerator.mixins.json:MixinNoiseBasedChunkGenerator$optimize_iterate_noise_column from mod generator_accelerator,pl:mixin:APP:generator_accelerator_density_compiler.mixins.json:NoiseBasedChunkGeneratorMixin from mod generator_accelerator,pl:mixin:APP:bons_and_furious.beardifier.mixins.json:CreateNoiseChunkMixin from mod bons_and_furious,pl:mixin:APP:bons_and_furious.terrain.mixins.json:ColumnHeightShareMixin from mod bons_and_furious,pl:mixin:A}
	at TRANSFORMER/minecraft@1.21.1/net.minecraft.world.level.levelgen.NoiseBasedChunkGenerator.lambda$doCreateBiomes$6(NoiseBasedChunkGenerator.java:98) ~[server-1.21.1-20240808.144430-srg.jar%23120!/:?] {re:mixin,pl:accesstransformer:B,re:mixin,pl:accesstransformer:B,re:mixin,pl:accesstransformer:B,re:classloading,pl:accesstransformer:B,pl:mixin:APP:generator_accelerator.mixins.json:MixinNoiseBasedChunkGenerator$fast_do_fill from mod generator_accelerator,pl:mixin:APP:generator_accelerator.mixins.json:MixinNoiseBasedChunkGenerator$optimize_apply_carvers from mod generator_accelerator,pl:mixin:APP:generator_accelerator.mixins.json:MixinNoiseBasedChunkGenerator$optimize_iterate_noise_column from mod generator_accelerator,pl:mixin:APP:generator_accelerator_density_compiler.mixins.json:NoiseBasedChunkGeneratorMixin from mod generator_accelerator,pl:mixin:APP:bons_and_furious.beardifier.mixins.json:CreateNoiseChunkMixin from mod bons_and_furious,pl:mixin:APP:bons_and_furious.terrain.mixins.json:ColumnHeightShareMixin from mod bons_and_furious,pl:mixin:A}
	at TRANSFORMER/minecraft@1.21.1/net.minecraft.world.level.chunk.ChunkAccess.getOrCreateNoiseChunk(ChunkAccess.java:417) ~[server-1.21.1-20240808.144430-srg.jar%23120!/:?] {re:mixin,re:classloading,pl:mixin:APP:generator_accelerator.mixins.json:accessor.MixinChunkAccessAccessor from mod generator_accelerator,pl:mixin:APP:generator_accelerator_structures.mixins.json:MixinChunkAccess$SynchronizeStructureData from mod generator_accelerator,pl:mixin:APP:generator_accelerator_features.mixins.json:MixinChunkAccess from mod generator_accelerator,pl:mixin:APP:generator_accelerator_features.mixins.json:MixinChunkAccess$fast_block_light_sources from mod generator_accelerator,pl:mixin:A}
	at TRANSFORMER/minecraft@1.21.1/net.minecraft.world.level.levelgen.NoiseBasedChunkGenerator.doCreateBiomes(NoiseBasedChunkGenerator.java:98) ~[server-1.21.1-20240808.144430-srg.jar%23120!/:?] {re:mixin,pl:accesstransformer:B,re:mixin,pl:accesstransformer:B,re:mixin,pl:accesstransformer:B,re:classloading,pl:accesstransformer:B,pl:mixin:APP:generator_accelerator.mixins.json:MixinNoiseBasedChunkGenerator$fast_do_fill from mod generator_accelerator,pl:mixin:APP:generator_accelerator.mixins.json:MixinNoiseBasedChunkGenerator$optimize_apply_carvers from mod generator_accelerator,pl:mixin:APP:generator_accelerator.mixins.json:MixinNoiseBasedChunkGenerator$optimize_iterate_noise_column from mod generator_accelerator,pl:mixin:APP:generator_accelerator_density_compiler.mixins.json:NoiseBasedChunkGeneratorMixin from mod generator_accelerator,pl:mixin:APP:bons_and_furious.beardifier.mixins.json:CreateNoiseChunkMixin from mod bons_and_furious,pl:mixin:APP:bons_and_furious.terrain.mixins.json:ColumnHeightShareMixin from mod bons_and_furious,pl:mixin:A}
	at TRANSFORMER/minecraft@1.21.1/net.minecraft.world.level.levelgen.NoiseBasedChunkGenerator.lambda$createBiomes$5(NoiseBasedChunkGenerator.java:92) ~[server-1.21.1-20240808.144430-srg.jar%23120!/:?] {re:mixin,pl:accesstransformer:B,re:mixin,pl:accesstransformer:B,re:mixin,pl:accesstransformer:B,re:classloading,pl:accesstransformer:B,pl:mixin:APP:generator_accelerator.mixins.json:MixinNoiseBasedChunkGenerator$fast_do_fill from mod generator_accelerator,pl:mixin:APP:generator_accelerator.mixins.json:MixinNoiseBasedChunkGenerator$optimize_apply_carvers from mod generator_accelerator,pl:mixin:APP:generator_accelerator.mixins.json:MixinNoiseBasedChunkGenerator$optimize_iterate_noise_column from mod generator_accelerator,pl:mixin:APP:generator_accelerator_density_compiler.mixins.json:NoiseBasedChunkGeneratorMixin from mod generator_accelerator,pl:mixin:APP:bons_and_furious.beardifier.mixins.json:CreateNoiseChunkMixin from mod bons_and_furious,pl:mixin:APP:bons_and_furious.terrain.mixins.json:ColumnHeightShareMixin from mod bons_and_furious,pl:mixin:A}
	at java.base/java.util.concurrent.CompletableFuture$AsyncSupply.run(CompletableFuture.java:1768) [?:?] {}
	at java.base/java.util.concurrent.CompletableFuture$AsyncSupply.exec(CompletableFuture.java:1760) [?:?] {}
	at java.base/java.util.concurrent.ForkJoinTask.doExec(ForkJoinTask.java:387) [?:?] {}
	at java.base/java.util.concurrent.ForkJoinPool$WorkQueue.topLevelExec(ForkJoinPool.java:1312) [?:?] {}
	at java.base/java.util.concurrent.ForkJoinPool.scan(ForkJoinPool.java:1843) [?:?] {}
	at java.base/java.util.concurrent.ForkJoinPool.runWorker(ForkJoinPool.java:1808) [?:?] {}
	at java.base/java.util.concurrent.ForkJoinWorkerThread.run(ForkJoinWorkerThread.java:188) [?:?] {}
[04:50:50] [Worker-Main-15/FATAL] [mixin/]: Mixin apply for mod bons_and_furious failed bons_and_furious.worldgen_beardifier_bounds.mixins.json:BeardifierBoundsMixin from mod bons_and_furious -> net.minecraft.world.level.levelgen.Beardifier: org.spongepowered.asm.mixin.injection.throwables.InvalidInjectionException @At("FIELD") on net/minecraft/world/level/levelgen/Beardifier::bons$rigids with priority 1000 cannot inject into net/minecraft/world/level/levelgen/Beardifier::compute(Lnet/minecraft/world/level/levelgen/DensityFunction$FunctionContext;)D merged by dev.sixik.generator_accelerator.common.beardifier.mixin.MixinBeardifier with priority 1000 [INJECT_PREPARE Applicator Phase -> bons_and_furious.worldgen_beardifier_bounds.mixins.json:BeardifierBoundsMixin from mod bons_and_furious -> Prepare Injections -> modifyExpressionValue$zgo000$bons_and_furious$bons$rigids(Lit/unimi/dsi/fastutil/objects/ObjectListIterator;III)Lit/unimi/dsi/fastutil/objects/ObjectListIterator; -> Prepare ->  -> { target: compute(Lnet/minecraft/world/level/levelgen/DensityFunction$FunctionContext;)D }]
org.spongepowered.asm.mixin.injection.throwables.InvalidInjectionException: @At("FIELD") on net/minecraft/world/level/levelgen/Beardifier::bons$rigids with priority 1000 cannot inject into net/minecraft/world/level/levelgen/Beardifier::compute(Lnet/minecraft/world/level/levelgen/DensityFunction$FunctionContext;)D merged by dev.sixik.generator_accelerator.common.beardifier.mixin.MixinBeardifier with priority 1000 [INJECT_PREPARE Applicator Phase -> bons_and_furious.worldgen_beardifier_bounds.mixins.json:BeardifierBoundsMixin from mod bons_and_furious -> Prepare Injections -> modifyExpressionValue$zgo000$bons_and_furious$bons$rigids(Lit/unimi/dsi/fastutil/objects/ObjectListIterator;III)Lit/unimi/dsi/fastutil/objects/ObjectListIterator; -> Prepare ->  -> { target: compute(Lnet/minecraft/world/level/levelgen/DensityFunction$FunctionContext;)D }]
	at MC-BOOTSTRAP/org.spongepowered.mixin/org.spongepowered.asm.mixin.injection.code.Injector.findTargetNodes(Injector.java:312) ~[sponge-mixin-0.15.2+mixin.0.8.7.jar%2373!/:0.15.2+mixin.0.8.7] {}
	at MC-BOOTSTRAP/org.spongepowered.mixin/org.spongepowered.asm.mixin.injection.code.Injector.find(Injector.java:248) ~[sponge-mixin-0.15.2+mixin.0.8.7.jar%2373!/:0.15.2+mixin.0.8.7] {}
	at MC-BOOTSTRAP/org.spongepowered.mixin/org.spongepowered.asm.mixin.injection.struct.InjectionInfo.prepare(InjectionInfo.java:475) ~[sponge-mixin-0.15.2+mixin.0.8.7.jar%2373!/:0.15.2+mixin.0.8.7] {}
	at TRANSFORMER/mixinextras.neoforge@0.5.3/com.llamalad7.mixinextras.injector.ModifyExpressionValueInjectionInfo.prepare(ModifyExpressionValueInjectionInfo.java:25) ~[mixinextras-neoforge-0.5.3.jar%23135!/:?] {re:classloading}
	at TRANSFORMER/mixinextras.neoforge@0.5.3/com.llamalad7.mixinextras.wrapper.InjectorWrapperImpl.prepare(InjectorWrapperImpl.java:56) ~[mixinextras-neoforge-0.5.3.jar%23135!/:?] {re:classloading}
	at TRANSFORMER/mixinextras.neoforge@0.5.3/com.llamalad7.mixinextras.sugar.impl.SugarWrapperImpl.prepare(SugarWrapperImpl.java:70) ~[mixinextras-neoforge-0.5.3.jar%23135!/:?] {re:classloading}
	at TRANSFORMER/mixinextras.neoforge@0.5.3/com.llamalad7.mixinextras.wrapper.WrapperInjectionInfo.prepare(WrapperInjectionInfo.java:64) ~[mixinextras-neoforge-0.5.3.jar%23135!/:?] {re:classloading}
	at MC-BOOTSTRAP/org.spongepowered.mixin/org.spongepowered.asm.mixin.transformer.MixinTargetContext.prepareInjections(MixinTargetContext.java:1407) ~[sponge-mixin-0.15.2+mixin.0.8.7.jar%2373!/:0.15.2+mixin.0.8.7] {}
	at MC-BOOTSTRAP/org.spongepowered.mixin/org.spongepowered.asm.mixin.transformer.MixinApplicatorStandard.prepareInjections(MixinApplicatorStandard.java:731) ~[sponge-mixin-0.15.2+mixin.0.8.7.jar%2373!/:0.15.2+mixin.0.8.7] {}
	at MC-BOOTSTRAP/org.spongepowered.mixin/org.spongepowered.asm.mixin.transformer.MixinApplicatorStandard.applyMixin(MixinApplicatorStandard.java:315) ~[sponge-mixin-0.15.2+mixin.0.8.7.jar%2373!/:0.15.2+mixin.0.8.7] {}
	at MC-BOOTSTRAP/org.spongepowered.mixin/org.spongepowered.asm.mixin.transformer.MixinApplicatorStandard.apply(MixinApplicatorStandard.java:246) ~[sponge-mixin-0.15.2+mixin.0.8.7.jar%2373!/:0.15.2+mixin.0.8.7] {}
	at MC-BOOTSTRAP/org.spongepowered.mixin/org.spongepowered.asm.mixin.transformer.TargetClassContext.apply(TargetClassContext.java:437) ~[sponge-mixin-0.15.2+mixin.0.8.7.jar%2373!/:0.15.2+mixin.0.8.7] {}
	at MC-BOOTSTRAP/org.spongepowered.mixin/org.spongepowered.asm.mixin.transformer.TargetClassContext.applyMixins(TargetClassContext.java:418) ~[sponge-mixin-0.15.2+mixin.0.8.7.jar%2373!/:0.15.2+mixin.0.8.7] {}
	at MC-BOOTSTRAP/org.spongepowered.mixin/org.spongepowered.asm.mixin.transformer.MixinProcessor.applyMixins(MixinProcessor.java:363) ~[sponge-mixin-0.15.2+mixin.0.8.7.jar%2373!/:0.15.2+mixin.0.8.7] {}
	at MC-BOOTSTRAP/org.spongepowered.mixin/org.spongepowered.asm.mixin.transformer.MixinTransformer.transformClass(MixinTransformer.java:250) ~[sponge-mixin-0.15.2+mixin.0.8.7.jar%2373!/:0.15.2+mixin.0.8.7] {}
	at MC-BOOTSTRAP/org.spongepowered.mixin/org.spongepowered.asm.service.modlauncher.MixinTransformationHandler.processClass(MixinTransformationHandler.java:131) ~[sponge-mixin-0.15.2+mixin.0.8.7.jar%2373!/:0.15.2+mixin.0.8.7] {}
	at MC-BOOTSTRAP/org.spongepowered.mixin/org.spongepowered.asm.launch.MixinLaunchPluginLegacy.processClass(MixinLaunchPluginLegacy.java:131) ~[sponge-mixin-0.15.2+mixin.0.8.7.jar%2373!/:0.15.2+mixin.0.8.7] {}
	at MC-BOOTSTRAP/cpw.mods.modlauncher@11.0.5/cpw.mods.modlauncher.serviceapi.ILaunchPluginService.processClassWithFlags(ILaunchPluginService.java:156) ~[modlauncher-11.0.5.jar%2364!/:11.0.5+main.901c6ea8] {}
	at MC-BOOTSTRAP/cpw.mods.modlauncher@11.0.5/cpw.mods.modlauncher.LaunchPluginHandler.offerClassNodeToPlugins(LaunchPluginHandler.java:94) ~[modlauncher-11.0.5.jar%2364!/:?] {}
	at MC-BOOTSTRAP/cpw.mods.modlauncher@11.0.5/cpw.mods.modlauncher.ClassTransformer.transform(ClassTransformer.java:120) ~[modlauncher-11.0.5.jar%2364!/:?] {}
	at MC-BOOTSTRAP/cpw.mods.modlauncher@11.0.5/cpw.mods.modlauncher.TransformingClassLoader.maybeTransformClassBytes(TransformingClassLoader.java:57) ~[modlauncher-11.0.5.jar%2364!/:?] {}
	at cpw.mods.securejarhandler/cpw.mods.cl.ModuleClassLoader.readerToClass(ModuleClassLoader.java:190) ~[securejarhandler-3.0.8.jar:?] {}
	at cpw.mods.securejarhandler/cpw.mods.cl.ModuleClassLoader.lambda$findClass$20(ModuleClassLoader.java:298) ~[securejarhandler-3.0.8.jar:?] {}
	at cpw.mods.securejarhandler/cpw.mods.cl.ModuleClassLoader.loadFromModule(ModuleClassLoader.java:311) ~[securejarhandler-3.0.8.jar:?] {}
	at cpw.mods.securejarhandler/cpw.mods.cl.ModuleClassLoader.findClass(ModuleClassLoader.java:298) ~[securejarhandler-3.0.8.jar:?] {}
	at cpw.mods.securejarhandler/cpw.mods.cl.ModuleClassLoader.loadClass(ModuleClassLoader.java:214) ~[securejarhandler-3.0.8.jar:?] {}
	at java.base/java.lang.ClassLoader.loadClass(ClassLoader.java:526) ~[?:?] {}
	at TRANSFORMER/minecraft@1.21.1/net.minecraft.world.level.levelgen.NoiseBasedChunkGenerator.createNoiseChunk(NoiseBasedChunkGenerator.java:106) ~[server-1.21.1-20240808.144430-srg.jar%23120!/:?] {re:mixin,pl:accesstransformer:B,re:mixin,pl:accesstransformer:B,re:mixin,pl:accesstransformer:B,re:classloading,pl:accesstransformer:B,pl:mixin:APP:generator_accelerator.mixins.json:MixinNoiseBasedChunkGenerator$fast_do_fill from mod generator_accelerator,pl:mixin:APP:generator_accelerator.mixins.json:MixinNoiseBasedChunkGenerator$optimize_apply_carvers from mod generator_accelerator,pl:mixin:APP:generator_accelerator.mixins.json:MixinNoiseBasedChunkGenerator$optimize_iterate_noise_column from mod generator_accelerator,pl:mixin:APP:generator_accelerator_density_compiler.mixins.json:NoiseBasedChunkGeneratorMixin from mod generator_accelerator,pl:mixin:APP:bons_and_furious.beardifier.mixins.json:CreateNoiseChunkMixin from mod bons_and_furious,pl:mixin:APP:bons_and_furious.terrain.mixins.json:ColumnHeightShareMixin from mod bons_and_furious,pl:mixin:A}
	at TRANSFORMER/minecraft@1.21.1/net.minecraft.world.level.levelgen.NoiseBasedChunkGenerator.lambda$doCreateBiomes$6(NoiseBasedChunkGenerator.java:98) ~[server-1.21.1-20240808.144430-srg.jar%23120!/:?] {re:mixin,pl:accesstransformer:B,re:mixin,pl:accesstransformer:B,re:mixin,pl:accesstransformer:B,re:classloading,pl:accesstransformer:B,pl:mixin:APP:generator_accelerator.mixins.json:MixinNoiseBasedChunkGenerator$fast_do_fill from mod generator_accelerator,pl:mixin:APP:generator_accelerator.mixins.json:MixinNoiseBasedChunkGenerator$optimize_apply_carvers from mod generator_accelerator,pl:mixin:APP:generator_accelerator.mixins.json:MixinNoiseBasedChunkGenerator$optimize_iterate_noise_column from mod generator_accelerator,pl:mixin:APP:generator_accelerator_density_compiler.mixins.json:NoiseBasedChunkGeneratorMixin from mod generator_accelerator,pl:mixin:APP:bons_and_furious.beardifier.mixins.json:CreateNoiseChunkMixin from mod bons_and_furious,pl:mixin:APP:bons_and_furious.terrain.mixins.json:ColumnHeightShareMixin from mod bons_and_furious,pl:mixin:A}
	at TRANSFORMER/minecraft@1.21.1/net.minecraft.world.level.chunk.ChunkAccess.getOrCreateNoiseChunk(ChunkAccess.java:417) ~[server-1.21.1-20240808.144430-srg.jar%23120!/:?] {re:mixin,re:classloading,pl:mixin:APP:generator_accelerator.mixins.json:accessor.MixinChunkAccessAccessor from mod generator_accelerator,pl:mixin:APP:generator_accelerator_structures.mixins.json:MixinChunkAccess$SynchronizeStructureData from mod generator_accelerator,pl:mixin:APP:generator_accelerator_features.mixins.json:MixinChunkAccess from mod generator_accelerator,pl:mixin:APP:generator_accelerator_features.mixins.json:MixinChunkAccess$fast_block_light_sources from mod generator_accelerator,pl:mixin:A}
	at TRANSFORMER/minecraft@1.21.1/net.minecraft.world.level.levelgen.NoiseBasedChunkGenerator.doCreateBiomes(NoiseBasedChunkGenerator.java:98) ~[server-1.21.1-20240808.144430-srg.jar%23120!/:?] {re:mixin,pl:accesstransformer:B,re:mixin,pl:accesstransformer:B,re:mixin,pl:accesstransformer:B,re:classloading,pl:accesstransformer:B,pl:mixin:APP:generator_accelerator.mixins.json:MixinNoiseBasedChunkGenerator$fast_do_fill from mod generator_accelerator,pl:mixin:APP:generator_accelerator.mixins.json:MixinNoiseBasedChunkGenerator$optimize_apply_carvers from mod generator_accelerator,pl:mixin:APP:generator_accelerator.mixins.json:MixinNoiseBasedChunkGenerator$optimize_iterate_noise_column from mod generator_accelerator,pl:mixin:APP:generator_accelerator_density_compiler.mixins.json:NoiseBasedChunkGeneratorMixin from mod generator_accelerator,pl:mixin:APP:bons_and_furious.beardifier.mixins.json:CreateNoiseChunkMixin from mod bons_and_furious,pl:mixin:APP:bons_and_furious.terrain.mixins.json:ColumnHeightShareMixin from mod bons_and_furious,pl:mixin:A}
	at TRANSFORMER/minecraft@1.21.1/net.minecraft.world.level.levelgen.NoiseBasedChunkGenerator.lambda$createBiomes$5(NoiseBasedChunkGenerator.java:92) ~[server-1.21.1-20240808.144430-srg.jar%23120!/:?] {re:mixin,pl:accesstransformer:B,re:mixin,pl:accesstransformer:B,re:mixin,pl:accesstransformer:B,re:classloading,pl:accesstransformer:B,pl:mixin:APP:generator_accelerator.mixins.json:MixinNoiseBasedChunkGenerator$fast_do_fill from mod generator_accelerator,pl:mixin:APP:generator_accelerator.mixins.json:MixinNoiseBasedChunkGenerator$optimize_apply_carvers from mod generator_accelerator,pl:mixin:APP:generator_accelerator.mixins.json:MixinNoiseBasedChunkGenerator$optimize_iterate_noise_column from mod generator_accelerator,pl:mixin:APP:generator_accelerator_density_compiler.mixins.json:NoiseBasedChunkGeneratorMixin from mod generator_accelerator,pl:mixin:APP:bons_and_furious.beardifier.mixins.json:CreateNoiseChunkMixin from mod bons_and_furious,pl:mixin:APP:bons_and_furious.terrain.mixins.json:ColumnHeightShareMixin from mod bons_and_furious,pl:mixin:A}
	at java.base/java.util.concurrent.CompletableFuture$AsyncSupply.run(CompletableFuture.java:1768) [?:?] {}
	at java.base/java.util.concurrent.CompletableFuture$AsyncSupply.exec(CompletableFuture.java:1760) [?:?] {}
	at java.base/java.util.concurrent.ForkJoinTask.doExec(ForkJoinTask.java:387) [?:?] {}
	at java.base/java.util.concurrent.ForkJoinPool$WorkQueue.topLevelExec(ForkJoinPool.java:1312) [?:?] {}
	at java.base/java.util.concurrent.ForkJoinPool.scan(ForkJoinPool.java:1843) [?:?] {}
	at java.base/java.util.concurrent.ForkJoinPool.runWorker(ForkJoinPool.java:1808) [?:?] {}
	at java.base/java.util.concurrent.ForkJoinWorkerThread.run(ForkJoinWorkerThread.java:188) [?:?] {}
[04:50:50] [Worker-Main-19/FATAL] [mixin/]: Mixin apply for mod bons_and_furious failed bons_and_furious.worldgen_beardifier_bounds.mixins.json:BeardifierBoundsMixin from mod bons_and_furious -> net.minecraft.world.level.levelgen.Beardifier: org.spongepowered.asm.mixin.injection.throwables.InvalidInjectionException @At("FIELD") on net/minecraft/world/level/levelgen/Beardifier::bons$rigids with priority 1000 cannot inject into net/minecraft/world/level/levelgen/Beardifier::compute(Lnet/minecraft/world/level/levelgen/DensityFunction$FunctionContext;)D merged by dev.sixik.generator_accelerator.common.beardifier.mixin.MixinBeardifier with priority 1000 [INJECT_PREPARE Applicator Phase -> bons_and_furious.worldgen_beardifier_bounds.mixins.json:BeardifierBoundsMixin from mod bons_and_furious -> Prepare Injections -> modifyExpressionValue$zgo000$bons_and_furious$bons$rigids(Lit/unimi/dsi/fastutil/objects/ObjectListIterator;III)Lit/unimi/dsi/fastutil/objects/ObjectListIterator; -> Prepare ->  -> { target: compute(Lnet/minecraft/world/level/levelgen/DensityFunction$FunctionContext;)D }]
org.spongepowered.asm.mixin.injection.throwables.InvalidInjectionException: @At("FIELD") on net/minecraft/world/level/levelgen/Beardifier::bons$rigids with priority 1000 cannot inject into net/minecraft/world/level/levelgen/Beardifier::compute(Lnet/minecraft/world/level/levelgen/DensityFunction$FunctionContext;)D merged by dev.sixik.generator_accelerator.common.beardifier.mixin.MixinBeardifier with priority 1000 [INJECT_PREPARE Applicator Phase -> bons_and_furious.worldgen_beardifier_bounds.mixins.json:BeardifierBoundsMixin from mod bons_and_furious -> Prepare Injections -> modifyExpressionValue$zgo000$bons_and_furious$bons$rigids(Lit/unimi/dsi/fastutil/objects/ObjectListIterator;III)Lit/unimi/dsi/fastutil/objects/ObjectListIterator; -> Prepare ->  -> { target: compute(Lnet/minecraft/world/level/levelgen/DensityFunction$FunctionContext;)D }]
	at MC-BOOTSTRAP/org.spongepowered.mixin/org.spongepowered.asm.mixin.injection.code.Injector.findTargetNodes(Injector.java:312) ~[sponge-mixin-0.15.2+mixin.0.8.7.jar%2373!/:0.15.2+mixin.0.8.7] {}
	at MC-BOOTSTRAP/org.spongepowered.mixin/org.spongepowered.asm.mixin.injection.code.Injector.find(Injector.java:248) ~[sponge-mixin-0.15.2+mixin.0.8.7.jar%2373!/:0.15.2+mixin.0.8.7] {}
	at MC-BOOTSTRAP/org.spongepowered.mixin/org.spongepowered.asm.mixin.injection.struct.InjectionInfo.prepare(InjectionInfo.java:475) ~[sponge-mixin-0.15.2+mixin.0.8.7.jar%2373!/:0.15.2+mixin.0.8.7] {}
	at TRANSFORMER/mixinextras.neoforge@0.5.3/com.llamalad7.mixinextras.injector.ModifyExpressionValueInjectionInfo.prepare(ModifyExpressionValueInjectionInfo.java:25) ~[mixinextras-neoforge-0.5.3.jar%23135!/:?] {re:classloading}
	at TRANSFORMER/mixinextras.neoforge@0.5.3/com.llamalad7.mixinextras.wrapper.InjectorWrapperImpl.prepare(InjectorWrapperImpl.java:56) ~[mixinextras-neoforge-0.5.3.jar%23135!/:?] {re:classloading}
	at TRANSFORMER/mixinextras.neoforge@0.5.3/com.llamalad7.mixinextras.sugar.impl.SugarWrapperImpl.prepare(SugarWrapperImpl.java:70) ~[mixinextras-neoforge-0.5.3.jar%23135!/:?] {re:classloading}
	at TRANSFORMER/mixinextras.neoforge@0.5.3/com.llamalad7.mixinextras.wrapper.WrapperInjectionInfo.prepare(WrapperInjectionInfo.java:64) ~[mixinextras-neoforge-0.5.3.jar%23135!/:?] {re:classloading}
	at MC-BOOTSTRAP/org.spongepowered.mixin/org.spongepowered.asm.mixin.transformer.MixinTargetContext.prepareInjections(MixinTargetContext.java:1407) ~[sponge-mixin-0.15.2+mixin.0.8.7.jar%2373!/:0.15.2+mixin.0.8.7] {}
	at MC-BOOTSTRAP/org.spongepowered.mixin/org.spongepowered.asm.mixin.transformer.MixinApplicatorStandard.prepareInjections(MixinApplicatorStandard.java:731) ~[sponge-mixin-0.15.2+mixin.0.8.7.jar%2373!/:0.15.2+mixin.0.8.7] {}
	at MC-BOOTSTRAP/org.spongepowered.mixin/org.spongepowered.asm.mixin.transformer.MixinApplicatorStandard.applyMixin(MixinApplicatorStandard.java:315) ~[sponge-mixin-0.15.2+mixin.0.8.7.jar%2373!/:0.15.2+mixin.0.8.7] {}
	at MC-BOOTSTRAP/org.spongepowered.mixin/org.spongepowered.asm.mixin.transformer.MixinApplicatorStandard.apply(MixinApplicatorStandard.java:246) ~[sponge-mixin-0.15.2+mixin.0.8.7.jar%2373!/:0.15.2+mixin.0.8.7] {}
	at MC-BOOTSTRAP/org.spongepowered.mixin/org.spongepowered.asm.mixin.transformer.TargetClassContext.apply(TargetClassContext.java:437) ~[sponge-mixin-0.15.2+mixin.0.8.7.jar%2373!/:0.15.2+mixin.0.8.7] {}
	at MC-BOOTSTRAP/org.spongepowered.mixin/org.spongepowered.asm.mixin.transformer.TargetClassContext.applyMixins(TargetClassContext.java:418) ~[sponge-mixin-0.15.2+mixin.0.8.7.jar%2373!/:0.15.2+mixin.0.8.7] {}
	at MC-BOOTSTRAP/org.spongepowered.mixin/org.spongepowered.asm.mixin.transformer.MixinProcessor.applyMixins(MixinProcessor.java:363) ~[sponge-mixin-0.15.2+mixin.0.8.7.jar%2373!/:0.15.2+mixin.0.8.7] {}
	at MC-BOOTSTRAP/org.spongepowered.mixin/org.spongepowered.asm.mixin.transformer.MixinTransformer.transformClass(MixinTransformer.java:250) ~[sponge-mixin-0.15.2+mixin.0.8.7.jar%2373!/:0.15.2+mixin.0.8.7] {}
	at MC-BOOTSTRAP/org.spongepowered.mixin/org.spongepowered.asm.service.modlauncher.MixinTransformationHandler.processClass(MixinTransformationHandler.java:131) ~[sponge-mixin-0.15.2+mixin.0.8.7.jar%2373!/:0.15.2+mixin.0.8.7] {}
	at MC-BOOTSTRAP/org.spongepowered.mixin/org.spongepowered.asm.launch.MixinLaunchPluginLegacy.processClass(MixinLaunchPluginLegacy.java:131) ~[sponge-mixin-0.15.2+mixin.0.8.7.jar%2373!/:0.15.2+mixin.0.8.7] {}
	at MC-BOOTSTRAP/cpw.mods.modlauncher@11.0.5/cpw.mods.modlauncher.serviceapi.ILaunchPluginService.processClassWithFlags(ILaunchPluginService.java:156) ~[modlauncher-11.0.5.jar%2364!/:11.0.5+main.901c6ea8] {}
	at MC-BOOTSTRAP/cpw.mods.modlauncher@11.0.5/cpw.mods.modlauncher.LaunchPluginHandler.offerClassNodeToPlugins(LaunchPluginHandler.java:94) ~[modlauncher-11.0.5.jar%2364!/:?] {}
	at MC-BOOTSTRAP/cpw.mods.modlauncher@11.0.5/cpw.mods.modlauncher.ClassTransformer.transform(ClassTransformer.java:120) ~[modlauncher-11.0.5.jar%2364!/:?] {}
	at MC-BOOTSTRAP/cpw.mods.modlauncher@11.0.5/cpw.mods.modlauncher.TransformingClassLoader.maybeTransformClassBytes(TransformingClassLoader.java:57) ~[modlauncher-11.0.5.jar%2364!/:?] {}
	at cpw.mods.securejarhandler/cpw.mods.cl.ModuleClassLoader.readerToClass(ModuleClassLoader.java:190) ~[securejarhandler-3.0.8.jar:?] {}
	at cpw.mods.securejarhandler/cpw.mods.cl.ModuleClassLoader.lambda$findClass$20(ModuleClassLoader.java:298) ~[securejarhandler-3.0.8.jar:?] {}
	at cpw.mods.securejarhandler/cpw.mods.cl.ModuleClassLoader.loadFromModule(ModuleClassLoader.java:311) ~[securejarhandler-3.0.8.jar:?] {}
	at cpw.mods.securejarhandler/cpw.mods.cl.ModuleClassLoader.findClass(ModuleClassLoader.java:298) ~[securejarhandler-3.0.8.jar:?] {}
	at cpw.mods.securejarhandler/cpw.mods.cl.ModuleClassLoader.loadClass(ModuleClassLoader.java:214) ~[securejarhandler-3.0.8.jar:?] {}
	at java.base/java.lang.ClassLoader.loadClass(ClassLoader.java:526) ~[?:?] {}
	at TRANSFORMER/minecraft@1.21.1/net.minecraft.world.level.levelgen.NoiseBasedChunkGenerator.createNoiseChunk(NoiseBasedChunkGenerator.java:106) ~[server-1.21.1-20240808.144430-srg.jar%23120!/:?] {re:mixin,pl:accesstransformer:B,re:mixin,pl:accesstransformer:B,re:mixin,pl:accesstransformer:B,re:classloading,pl:accesstransformer:B,pl:mixin:APP:generator_accelerator.mixins.json:MixinNoiseBasedChunkGenerator$fast_do_fill from mod generator_accelerator,pl:mixin:APP:generator_accelerator.mixins.json:MixinNoiseBasedChunkGenerator$optimize_apply_carvers from mod generator_accelerator,pl:mixin:APP:generator_accelerator.mixins.json:MixinNoiseBasedChunkGenerator$optimize_iterate_noise_column from mod generator_accelerator,pl:mixin:APP:generator_accelerator_density_compiler.mixins.json:NoiseBasedChunkGeneratorMixin from mod generator_accelerator,pl:mixin:APP:bons_and_furious.beardifier.mixins.json:CreateNoiseChunkMixin from mod bons_and_furious,pl:mixin:APP:bons_and_furious.terrain.mixins.json:ColumnHeightShareMixin from mod bons_and_furious,pl:mixin:A}
	at TRANSFORMER/minecraft@1.21.1/net.minecraft.world.level.levelgen.NoiseBasedChunkGenerator.lambda$doCreateBiomes$6(NoiseBasedChunkGenerator.java:98) ~[server-1.21.1-20240808.144430-srg.jar%23120!/:?] {re:mixin,pl:accesstransformer:B,re:mixin,pl:accesstransformer:B,re:mixin,pl:accesstransformer:B,re:classloading,pl:accesstransformer:B,pl:mixin:APP:generator_accelerator.mixins.json:MixinNoiseBasedChunkGenerator$fast_do_fill from mod generator_accelerator,pl:mixin:APP:generator_accelerator.mixins.json:MixinNoiseBasedChunkGenerator$optimize_apply_carvers from mod generator_accelerator,pl:mixin:APP:generator_accelerator.mixins.json:MixinNoiseBasedChunkGenerator$optimize_iterate_noise_column from mod generator_accelerator,pl:mixin:APP:generator_accelerator_density_compiler.mixins.json:NoiseBasedChunkGeneratorMixin from mod generator_accelerator,pl:mixin:APP:bons_and_furious.beardifier.mixins.json:CreateNoiseChunkMixin from mod bons_and_furious,pl:mixin:APP:bons_and_furious.terrain.mixins.json:ColumnHeightShareMixin from mod bons_and_furious,pl:mixin:A}
	at TRANSFORMER/minecraft@1.21.1/net.minecraft.world.level.chunk.ChunkAccess.getOrCreateNoiseChunk(ChunkAccess.java:417) ~[server-1.21.1-20240808.144430-srg.jar%23120!/:?] {re:mixin,re:classloading,pl:mixin:APP:generator_accelerator.mixins.json:accessor.MixinChunkAccessAccessor from mod generator_accelerator,pl:mixin:APP:generator_accelerator_structures.mixins.json:MixinChunkAccess$SynchronizeStructureData from mod generator_accelerator,pl:mixin:APP:generator_accelerator_features.mixins.json:MixinChunkAccess from mod generator_accelerator,pl:mixin:APP:generator_accelerator_features.mixins.json:MixinChunkAccess$fast_block_light_sources from mod generator_accelerator,pl:mixin:A}
	at TRANSFORMER/minecraft@1.21.1/net.minecraft.world.level.levelgen.NoiseBasedChunkGenerator.doCreateBiomes(NoiseBasedChunkGenerator.java:98) ~[server-1.21.1-20240808.144430-srg.jar%23120!/:?] {re:mixin,pl:accesstransformer:B,re:mixin,pl:accesstransformer:B,re:mixin,pl:accesstransformer:B,re:classloading,pl:accesstransformer:B,pl:mixin:APP:generator_accelerator.mixins.json:MixinNoiseBasedChunkGenerator$fast_do_fill from mod generator_accelerator,pl:mixin:APP:generator_accelerator.mixins.json:MixinNoiseBasedChunkGenerator$optimize_apply_carvers from mod generator_accelerator,pl:mixin:APP:generator_accelerator.mixins.json:MixinNoiseBasedChunkGenerator$optimize_iterate_noise_column from mod generator_accelerator,pl:mixin:APP:generator_accelerator_density_compiler.mixins.json:NoiseBasedChunkGeneratorMixin from mod generator_accelerator,pl:mixin:APP:bons_and_furious.beardifier.mixins.json:CreateNoiseChunkMixin from mod bons_and_furious,pl:mixin:APP:bons_and_furious.terrain.mixins.json:ColumnHeightShareMixin from mod bons_and_furious,pl:mixin:A}
	at TRANSFORMER/minecraft@1.21.1/net.minecraft.world.level.levelgen.NoiseBasedChunkGenerator.lambda$createBiomes$5(NoiseBasedChunkGenerator.java:92) ~[server-1.21.1-20240808.144430-srg.jar%23120!/:?] {re:mixin,pl:accesstransformer:B,re:mixin,pl:accesstransformer:B,re:mixin,pl:accesstransformer:B,re:classloading,pl:accesstransformer:B,pl:mixin:APP:generator_accelerator.mixins.json:MixinNoiseBasedChunkGenerator$fast_do_fill from mod generator_accelerator,pl:mixin:APP:generator_accelerator.mixins.json:MixinNoiseBasedChunkGenerator$optimize_apply_carvers from mod generator_accelerator,pl:mixin:APP:generator_accelerator.mixins.json:MixinNoiseBasedChunkGenerator$optimize_iterate_noise_column from mod generator_accelerator,pl:mixin:APP:generator_accelerator_density_compiler.mixins.json:NoiseBasedChunkGeneratorMixin from mod generator_accelerator,pl:mixin:APP:bons_and_furious.beardifier.mixins.json:CreateNoiseChunkMixin from mod bons_and_furious,pl:mixin:APP:bons_and_furious.terrain.mixins.json:ColumnHeightShareMixin from mod bons_and_furious,pl:mixin:A}
	at java.base/java.util.concurrent.CompletableFuture$AsyncSupply.run(CompletableFuture.java:1768) [?:?] {}
	at java.base/java.util.concurrent.CompletableFuture$AsyncSupply.exec(CompletableFuture.java:1760) [?:?] {}
	at java.base/java.util.concurrent.ForkJoinTask.doExec(ForkJoinTask.java:387) [?:?] {}
	at java.base/java.util.concurrent.ForkJoinPool$WorkQueue.topLevelExec(ForkJoinPool.java:1312) [?:?] {}
	at java.base/java.util.concurrent.ForkJoinPool.scan(ForkJoinPool.java:1843) [?:?] {}
	at java.base/java.util.concurrent.ForkJoinPool.runWorker(ForkJoinPool.java:1808) [?:?] {}
	at java.base/java.util.concurrent.ForkJoinWorkerThread.run(ForkJoinWorkerThread.java:188) [?:?] {}
[04:50:50] [Worker-Main-14/FATAL] [mixin/]: Mixin apply for mod bons_and_furious failed bons_and_furious.worldgen_beardifier_bounds.mixins.json:BeardifierBoundsMixin from mod bons_and_furious -> net.minecraft.world.level.levelgen.Beardifier: org.spongepowered.asm.mixin.injection.throwables.InvalidInjectionException @At("FIELD") on net/minecraft/world/level/levelgen/Beardifier::bons$rigids with priority 1000 cannot inject into net/minecraft/world/level/levelgen/Beardifier::compute(Lnet/minecraft/world/level/levelgen/DensityFunction$FunctionContext;)D merged by dev.sixik.generator_accelerator.common.beardifier.mixin.MixinBeardifier with priority 1000 [INJECT_PREPARE Applicator Phase -> bons_and_furious.worldgen_beardifier_bounds.mixins.json:BeardifierBoundsMixin from mod bons_and_furious -> Prepare Injections -> modifyExpressionValue$zgo000$bons_and_furious$bons$rigids(Lit/unimi/dsi/fastutil/objects/ObjectListIterator;III)Lit/unimi/dsi/fastutil/objects/ObjectListIterator; -> Prepare ->  -> { target: compute(Lnet/minecraft/world/level/levelgen/DensityFunction$FunctionContext;)D }]
org.spongepowered.asm.mixin.injection.throwables.InvalidInjectionException: @At("FIELD") on net/minecraft/world/level/levelgen/Beardifier::bons$rigids with priority 1000 cannot inject into net/minecraft/world/level/levelgen/Beardifier::compute(Lnet/minecraft/world/level/levelgen/DensityFunction$FunctionContext;)D merged by dev.sixik.generator_accelerator.common.beardifier.mixin.MixinBeardifier with priority 1000 [INJECT_PREPARE Applicator Phase -> bons_and_furious.worldgen_beardifier_bounds.mixins.json:BeardifierBoundsMixin from mod bons_and_furious -> Prepare Injections -> modifyExpressionValue$zgo000$bons_and_furious$bons$rigids(Lit/unimi/dsi/fastutil/objects/ObjectListIterator;III)Lit/unimi/dsi/fastutil/objects/ObjectListIterator; -> Prepare ->  -> { target: compute(Lnet/minecraft/world/level/levelgen/DensityFunction$FunctionContext;)D }]
	at MC-BOOTSTRAP/org.spongepowered.mixin/org.spongepowered.asm.mixin.injection.code.Injector.findTargetNodes(Injector.java:312) ~[sponge-mixin-0.15.2+mixin.0.8.7.jar%2373!/:0.15.2+mixin.0.8.7] {}
	at MC-BOOTSTRAP/org.spongepowered.mixin/org.spongepowered.asm.mixin.injection.code.Injector.find(Injector.java:248) ~[sponge-mixin-0.15.2+mixin.0.8.7.jar%2373!/:0.15.2+mixin.0.8.7] {}
	at MC-BOOTSTRAP/org.spongepowered.mixin/org.spongepowered.asm.mixin.injection.struct.InjectionInfo.prepare(InjectionInfo.java:475) ~[sponge-mixin-0.15.2+mixin.0.8.7.jar%2373!/:0.15.2+mixin.0.8.7] {}
	at TRANSFORMER/mixinextras.neoforge@0.5.3/com.llamalad7.mixinextras.injector.ModifyExpressionValueInjectionInfo.prepare(ModifyExpressionValueInjectionInfo.java:25) ~[mixinextras-neoforge-0.5.3.jar%23135!/:?] {re:classloading}
	at TRANSFORMER/mixinextras.neoforge@0.5.3/com.llamalad7.mixinextras.wrapper.InjectorWrapperImpl.prepare(InjectorWrapperImpl.java:56) ~[mixinextras-neoforge-0.5.3.jar%23135!/:?] {re:classloading}
	at TRANSFORMER/mixinextras.neoforge@0.5.3/com.llamalad7.mixinextras.sugar.impl.SugarWrapperImpl.prepare(SugarWrapperImpl.java:70) ~[mixinextras-neoforge-0.5.3.jar%23135!/:?] {re:classloading}
	at TRANSFORMER/mixinextras.neoforge@0.5.3/com.llamalad7.mixinextras.wrapper.WrapperInjectionInfo.prepare(WrapperInjectionInfo.java:64) ~[mixinextras-neoforge-0.5.3.jar%23135!/:?] {re:classloading}
	at MC-BOOTSTRAP/org.spongepowered.mixin/org.spongepowered.asm.mixin.transformer.MixinTargetContext.prepareInjections(MixinTargetContext.java:1407) ~[sponge-mixin-0.15.2+mixin.0.8.7.jar%2373!/:0.15.2+mixin.0.8.7] {}
	at MC-BOOTSTRAP/org.spongepowered.mixin/org.spongepowered.asm.mixin.transformer.MixinApplicatorStandard.prepareInjections(MixinApplicatorStandard.java:731) ~[sponge-mixin-0.15.2+mixin.0.8.7.jar%2373!/:0.15.2+mixin.0.8.7] {}
	at MC-BOOTSTRAP/org.spongepowered.mixin/org.spongepowered.asm.mixin.transformer.MixinApplicatorStandard.applyMixin(MixinApplicatorStandard.java:315) ~[sponge-mixin-0.15.2+mixin.0.8.7.jar%2373!/:0.15.2+mixin.0.8.7] {}
	at MC-BOOTSTRAP/org.spongepowered.mixin/org.spongepowered.asm.mixin.transformer.MixinApplicatorStandard.apply(MixinApplicatorStandard.java:246) ~[sponge-mixin-0.15.2+mixin.0.8.7.jar%2373!/:0.15.2+mixin.0.8.7] {}
	at MC-BOOTSTRAP/org.spongepowered.mixin/org.spongepowered.asm.mixin.transformer.TargetClassContext.apply(TargetClassContext.java:437) ~[sponge-mixin-0.15.2+mixin.0.8.7.jar%2373!/:0.15.2+mixin.0.8.7] {}
	at MC-BOOTSTRAP/org.spongepowered.mixin/org.spongepowered.asm.mixin.transformer.TargetClassContext.applyMixins(TargetClassContext.java:418) ~[sponge-mixin-0.15.2+mixin.0.8.7.jar%2373!/:0.15.2+mixin.0.8.7] {}
	at MC-BOOTSTRAP/org.spongepowered.mixin/org.spongepowered.asm.mixin.transformer.MixinProcessor.applyMixins(MixinProcessor.java:363) ~[sponge-mixin-0.15.2+mixin.0.8.7.jar%2373!/:0.15.2+mixin.0.8.7] {}
	at MC-BOOTSTRAP/org.spongepowered.mixin/org.spongepowered.asm.mixin.transformer.MixinTransformer.transformClass(MixinTransformer.java:250) ~[sponge-mixin-0.15.2+mixin.0.8.7.jar%2373!/:0.15.2+mixin.0.8.7] {}
	at MC-BOOTSTRAP/org.spongepowered.mixin/org.spongepowered.asm.service.modlauncher.MixinTransformationHandler.processClass(MixinTransformationHandler.java:131) ~[sponge-mixin-0.15.2+mixin.0.8.7.jar%2373!/:0.15.2+mixin.0.8.7] {}
	at MC-BOOTSTRAP/org.spongepowered.mixin/org.spongepowered.asm.launch.MixinLaunchPluginLegacy.processClass(MixinLaunchPluginLegacy.java:131) ~[sponge-mixin-0.15.2+mixin.0.8.7.jar%2373!/:0.15.2+mixin.0.8.7] {}
	at MC-BOOTSTRAP/cpw.mods.modlauncher@11.0.5/cpw.mods.modlauncher.serviceapi.ILaunchPluginService.processClassWithFlags(ILaunchPluginService.java:156) ~[modlauncher-11.0.5.jar%2364!/:11.0.5+main.901c6ea8] {}
	at MC-BOOTSTRAP/cpw.mods.modlauncher@11.0.5/cpw.mods.modlauncher.LaunchPluginHandler.offerClassNodeToPlugins(LaunchPluginHandler.java:94) ~[modlauncher-11.0.5.jar%2364!/:?] {}
	at MC-BOOTSTRAP/cpw.mods.modlauncher@11.0.5/cpw.mods.modlauncher.ClassTransformer.transform(ClassTransformer.java:120) ~[modlauncher-11.0.5.jar%2364!/:?] {}
	at MC-BOOTSTRAP/cpw.mods.modlauncher@11.0.5/cpw.mods.modlauncher.TransformingClassLoader.maybeTransformClassBytes(TransformingClassLoader.java:57) ~[modlauncher-11.0.5.jar%2364!/:?] {}
	at cpw.mods.securejarhandler/cpw.mods.cl.ModuleClassLoader.readerToClass(ModuleClassLoader.java:190) ~[securejarhandler-3.0.8.jar:?] {}
	at cpw.mods.securejarhandler/cpw.mods.cl.ModuleClassLoader.lambda$findClass$20(ModuleClassLoader.java:298) ~[securejarhandler-3.0.8.jar:?] {}
	at cpw.mods.securejarhandler/cpw.mods.cl.ModuleClassLoader.loadFromModule(ModuleClassLoader.java:311) ~[securejarhandler-3.0.8.jar:?] {}
	at cpw.mods.securejarhandler/cpw.mods.cl.ModuleClassLoader.findClass(ModuleClassLoader.java:298) ~[securejarhandler-3.0.8.jar:?] {}
	at cpw.mods.securejarhandler/cpw.mods.cl.ModuleClassLoader.loadClass(ModuleClassLoader.java:214) ~[securejarhandler-3.0.8.jar:?] {}
	at java.base/java.lang.ClassLoader.loadClass(ClassLoader.java:526) ~[?:?] {}
	at TRANSFORMER/minecraft@1.21.1/net.minecraft.world.level.levelgen.NoiseBasedChunkGenerator.createNoiseChunk(NoiseBasedChunkGenerator.java:106) ~[server-1.21.1-20240808.144430-srg.jar%23120!/:?] {re:mixin,pl:accesstransformer:B,re:mixin,pl:accesstransformer:B,re:mixin,pl:accesstransformer:B,re:classloading,pl:accesstransformer:B,pl:mixin:APP:generator_accelerator.mixins.json:MixinNoiseBasedChunkGenerator$fast_do_fill from mod generator_accelerator,pl:mixin:APP:generator_accelerator.mixins.json:MixinNoiseBasedChunkGenerator$optimize_apply_carvers from mod generator_accelerator,pl:mixin:APP:generator_accelerator.mixins.json:MixinNoiseBasedChunkGenerator$optimize_iterate_noise_column from mod generator_accelerator,pl:mixin:APP:generator_accelerator_density_compiler.mixins.json:NoiseBasedChunkGeneratorMixin from mod generator_accelerator,pl:mixin:APP:bons_and_furious.beardifier.mixins.json:CreateNoiseChunkMixin from mod bons_and_furious,pl:mixin:APP:bons_and_furious.terrain.mixins.json:ColumnHeightShareMixin from mod bons_and_furious,pl:mixin:A}
	at TRANSFORMER/minecraft@1.21.1/net.minecraft.world.level.levelgen.NoiseBasedChunkGenerator.lambda$doCreateBiomes$6(NoiseBasedChunkGenerator.java:98) ~[server-1.21.1-20240808.144430-srg.jar%23120!/:?] {re:mixin,pl:accesstransformer:B,re:mixin,pl:accesstransformer:B,re:mixin,pl:accesstransformer:B,re:classloading,pl:accesstransformer:B,pl:mixin:APP:generator_accelerator.mixins.json:MixinNoiseBasedChunkGenerator$fast_do_fill from mod generator_accelerator,pl:mixin:APP:generator_accelerator.mixins.json:MixinNoiseBasedChunkGenerator$optimize_apply_carvers from mod generator_accelerator,pl:mixin:APP:generator_accelerator.mixins.json:MixinNoiseBasedChunkGenerator$optimize_iterate_noise_column from mod generator_accelerator,pl:mixin:APP:generator_accelerator_density_compiler.mixins.json:NoiseBasedChunkGeneratorMixin from mod generator_accelerator,pl:mixin:APP:bons_and_furious.beardifier.mixins.json:CreateNoiseChunkMixin from mod bons_and_furious,pl:mixin:APP:bons_and_furious.terrain.mixins.json:ColumnHeightShareMixin from mod bons_and_furious,pl:mixin:A}
	at TRANSFORMER/minecraft@1.21.1/net.minecraft.world.level.chunk.ChunkAccess.getOrCreateNoiseChunk(ChunkAccess.java:417) ~[server-1.21.1-20240808.144430-srg.jar%23120!/:?] {re:mixin,re:classloading,pl:mixin:APP:generator_accelerator.mixins.json:accessor.MixinChunkAccessAccessor from mod generator_accelerator,pl:mixin:APP:generator_accelerator_structures.mixins.json:MixinChunkAccess$SynchronizeStructureData from mod generator_accelerator,pl:mixin:APP:generator_accelerator_features.mixins.json:MixinChunkAccess from mod generator_accelerator,pl:mixin:APP:generator_accelerator_features.mixins.json:MixinChunkAccess$fast_block_light_sources from mod generator_accelerator,pl:mixin:A}
	at TRANSFORMER/minecraft@1.21.1/net.minecraft.world.level.levelgen.NoiseBasedChunkGenerator.doCreateBiomes(NoiseBasedChunkGenerator.java:98) ~[server-1.21.1-20240808.144430-srg.jar%23120!/:?] {re:mixin,pl:accesstransformer:B,re:mixin,pl:accesstransformer:B,re:mixin,pl:accesstransformer:B,re:classloading,pl:accesstransformer:B,pl:mixin:APP:generator_accelerator.mixins.json:MixinNoiseBasedChunkGenerator$fast_do_fill from mod generator_accelerator,pl:mixin:APP:generator_accelerator.mixins.json:MixinNoiseBasedChunkGenerator$optimize_apply_carvers from mod generator_accelerator,pl:mixin:APP:generator_accelerator.mixins.json:MixinNoiseBasedChunkGenerator$optimize_iterate_noise_column from mod generator_accelerator,pl:mixin:APP:generator_accelerator_density_compiler.mixins.json:NoiseBasedChunkGeneratorMixin from mod generator_accelerator,pl:mixin:APP:bons_and_furious.beardifier.mixins.json:CreateNoiseChunkMixin from mod bons_and_furious,pl:mixin:APP:bons_and_furious.terrain.mixins.json:ColumnHeightShareMixin from mod bons_and_furious,pl:mixin:A}
	at TRANSFORMER/minecraft@1.21.1/net.minecraft.world.level.levelgen.NoiseBasedChunkGenerator.lambda$createBiomes$5(NoiseBasedChunkGenerator.java:92) ~[server-1.21.1-20240808.144430-srg.jar%23120!/:?] {re:mixin,pl:accesstransformer:B,re:mixin,pl:accesstransformer:B,re:mixin,pl:accesstransformer:B,re:classloading,pl:accesstransformer:B,pl:mixin:APP:generator_accelerator.mixins.json:MixinNoiseBasedChunkGenerator$fast_do_fill from mod generator_accelerator,pl:mixin:APP:generator_accelerator.mixins.json:MixinNoiseBasedChunkGenerator$optimize_apply_carvers from mod generator_accelerator,pl:mixin:APP:generator_accelerator.mixins.json:MixinNoiseBasedChunkGenerator$optimize_iterate_noise_column from mod generator_accelerator,pl:mixin:APP:generator_accelerator_density_compiler.mixins.json:NoiseBasedChunkGeneratorMixin from mod generator_accelerator,pl:mixin:APP:bons_and_furious.beardifier.mixins.json:CreateNoiseChunkMixin from mod bons_and_furious,pl:mixin:APP:bons_and_furious.terrain.mixins.json:ColumnHeightShareMixin from mod bons_and_furious,pl:mixin:A}
	at java.base/java.util.concurrent.CompletableFuture$AsyncSupply.run(CompletableFuture.java:1768) [?:?] {}
	at java.base/java.util.concurrent.CompletableFuture$AsyncSupply.exec(CompletableFuture.java:1760) [?:?] {}
	at java.base/java.util.concurrent.ForkJoinTask.doExec(ForkJoinTask.java:387) [?:?] {}
	at java.base/java.util.concurrent.ForkJoinPool$WorkQueue.topLevelExec(ForkJoinPool.java:1312) [?:?] {}
	at java.base/java.util.concurrent.ForkJoinPool.scan(ForkJoinPool.java:1843) [?:?] {}
	at java.base/java.util.concurrent.ForkJoinPool.runWorker(ForkJoinPool.java:1808) [?:?] {}
	at java.base/java.util.concurrent.ForkJoinWorkerThread.run(ForkJoinWorkerThread.java:188) [?:?] {}
