[01:02:18.499] [main/INFO] [Launcher/MODLAUNCHER]: ModLauncher running: args [--launchTarget, forgeserver, --fml.neoForgeVersion, 21.1.252, --fml.fmlVersion, 4.0.44, --fml.mcVersion, 1.21.1, --fml.neoFormVersion, 20240808.144430, --nogui] 
[01:02:18.503] [main/INFO] [Launcher/MODLAUNCHER]: JVM identified as Eclipse Adoptium OpenJDK 64-Bit Server VM 21.0.12.1+1-LTS 
[01:02:18.504] [main/INFO] [Launcher/MODLAUNCHER]: ModLauncher 11.0.5+main.901c6ea8 starting: java version 21.0.12.1 by Eclipse Adoptium; OS Windows 10 arch amd64 version 10.0 
[01:02:18.639] [main/INFO] [loading.ImmediateWindowHandler/]: ImmediateWindowProvider not loading because launch target is forgeserver 
[01:02:18.696] [main/INFO] [mixin/]: SpongePowered MIXIN Subsystem Version=0.8.7 Source=union:/<port>/runtime/p35-ga1/libraries/net/fabricmc/sponge-mixin/0.15.2+mixin.0.8.7/sponge-mixin-0.15.2+mixin.0.8.7.jar%2373!/ Service=ModLauncher Env=SERVER 
[01:02:18.976] [main/INFO] [loading.moddiscovery.ModDiscoverer/SCAN]: Found mod file "server-1.21.1-20240808.144430-srg.jar" [locator: production server provider +net.neoforged:neoforge:21.1.252:server] 
[01:02:19.001] [main/INFO] [loading.moddiscovery.ModDiscoverer/SCAN]: Found mod file "neoforge-21.1.252-universal.jar" [locator: PathBasedLocator[name=neoforge, paths=[libraries\net\neoforged\neoforge\21.1.252\neoforge-21.1.252-universal.jar]], reader: mod manifest] 
[01:02:19.005] [main/INFO] [loading.moddiscovery.ModDiscoverer/SCAN]: Found mod file "bons-port-probe-1.jar" [locator: {mods folder locator at <port>\runtime\p35-ga1\mods}, reader: mod manifest] 
[01:02:19.021] [main/INFO] [loading.moddiscovery.ModDiscoverer/SCAN]: Found mod file "bons_and_furious-neoforge-1.0.35+mc1.21.1.jar" [locator: {mods folder locator at <port>\runtime\p35-ga1\mods}, reader: mod manifest] 
[01:02:19.027] [main/INFO] [loading.moddiscovery.ModDiscoverer/SCAN]: Found mod file "generator-accelerator-1.6.2.jar" [locator: {mods folder locator at <port>\runtime\p35-ga1\mods}, reader: mod manifest] 
[01:02:19.168] [main/INFO] [loading.moddiscovery.locators.JarInJarDependencyLocator/]: Found 7 dependencies adding them to mods collection 
[01:02:19.169] [main/INFO] [loading.moddiscovery.ModDiscoverer/SCAN]: Found gamelibrary file "mixinextras-neoforge-0.5.3.jar" [parent: neoforge-21.1.252-universal.jar, locator: jarinjar, reader: mod manifest] 
[01:02:19.169] [main/INFO] [loading.moddiscovery.ModDiscoverer/SCAN]: Found library file "caffeine-3.1.8.jar" [parent: generator-accelerator-1.6.2.jar, locator: jarinjar] 
[01:02:19.169] [main/INFO] [loading.moddiscovery.ModDiscoverer/SCAN]: Found library file "jctools-core-v4.0.3.jar" [parent: generator-accelerator-1.6.2.jar, locator: jarinjar] 
[01:02:19.169] [main/INFO] [loading.moddiscovery.ModDiscoverer/SCAN]: Found gamelibrary file "mixinsquared-neoforge-0.3.7-beta.1.jar" [parent: generator-accelerator-1.6.2.jar, locator: jarinjar, reader: mod manifest] 
[01:02:19.169] [main/INFO] [loading.moddiscovery.ModDiscoverer/SCAN]: Found library file "MixinSquared-0.3.7-beta.1.jar" [parent: mixinsquared-neoforge-0.3.7-beta.1.jar, locator: jarinjar] 
[01:02:19.169] [main/INFO] [loading.moddiscovery.ModDiscoverer/SCAN]: Found library file "JavaNativeCollections-1.1.0.jar" [parent: generator-accelerator-1.6.2.jar, locator: jarinjar] 
[01:02:19.169] [main/INFO] [loading.moddiscovery.ModDiscoverer/SCAN]: Found library file "net.neoforged.neoforge-coremods-21.1.252.jar" [parent: neoforge-21.1.252-universal.jar, locator: jarinjar, reader: mod manifest] 
[01:02:19.171] [main/INFO] [loading.moddiscovery.ModDiscoverer/]: 
     Mod List:
		Name Version (Mod Id)

		Bons and Furious 1.0.35+mc1.21.1 (bons_and_furious)
		Bons Port Qualification Probe 1 (bons_port_probe)
		Generator Accelerator 1.21.1-1.6.2 (generator_accelerator)
		Minecraft 1.21.1 (minecraft)
		NeoForge 21.1.252 (neoforge) 
[01:02:19.654] [main/INFO] [mixin/]: Compatibility level set to JAVA_21 
[01:02:19.724] [main/INFO] [LaunchServiceHandler/MODLAUNCHER]: Launching target 'forgeserver' with arguments [--nogui] 
[01:02:19.799] [main/INFO] [MGABenchmarkPlugin/]: MGABenchmarkPlugin | Is Developer Environment: false 
[01:02:19.799] [main/INFO] [MGABenchmarkPlugin/]: MGABenchmarkPlugin | Is Server Environment: true 
[01:02:19.824] [main/INFO] [Bons and Furious/]: Bons and Furious wrote the default configuration to <port>\runtime\p35-ga1\config\bons_and_furious.properties 
[01:02:19.825] [main/INFO] [Bons and Furious/]: Bons and Furious 1.0.35+mc1.21.1: 171 of 171 optimizations enabled from <port>\runtime\p35-ga1\config\bons_and_furious.properties 
[01:02:20.171] [main/INFO] [GeneratorAccelerator Mixin/]: Disable mixin: dev.sixik.generator_accelerator.common.biome.mixin.compat.biolith.Biolith$AllOfCriterion$fast_iter 
[01:02:20.172] [main/INFO] [GeneratorAccelerator Mixin/]: Disable mixin: dev.sixik.generator_accelerator.common.biome.mixin.compat.biolith.Biolith$AnyOfCriterion$fast_iter 
[01:02:20.173] [main/INFO] [GeneratorAccelerator Mixin/]: Disable mixin: dev.sixik.generator_accelerator.common.biome.mixin.compat.biolith.Biolith$MixinSearchTree$fast 
[01:02:20.173] [main/INFO] [GeneratorAccelerator Mixin/]: Disable mixin: dev.sixik.generator_accelerator.common.biome.mixin.compat.biolith.Biolith$SubBiomeRequestAccessor 
[01:02:20.173] [main/INFO] [GeneratorAccelerator Mixin/]: Disable mixin: dev.sixik.generator_accelerator.common.biome.mixin.compat.biolith.Biolith$SubBiomeRequestSet$fast_iter 
[01:02:20.174] [main/INFO] [GeneratorAccelerator Mixin/]: Disable mixin: dev.sixik.generator_accelerator.common.biome.mixin.compat.terrablender.Terrablender$Area$lock_free_cache 
[01:02:20.174] [main/INFO] [GeneratorAccelerator Mixin/]: Disable mixin: dev.sixik.generator_accelerator.common.biome.mixin.compat.terrablender.Terrablender$AreaContext$thread_local_random 
[01:02:20.174] [main/INFO] [GeneratorAccelerator Mixin/]: Disable mixin: dev.sixik.generator_accelerator.common.biome.mixin.compat.terrablender.Terrablender$MixinBiomeSource$cache_possible_biomes 
[01:02:20.175] [main/INFO] [GeneratorAccelerator Mixin/]: Disable mixin: dev.sixik.generator_accelerator.common.biome.mixin.compat.terrablender.Terrablender$MixinLevelChunkSection$raw_biome_lookup 
[01:02:20.175] [main/INFO] [GeneratorAccelerator Mixin/]: Disable mixin: dev.sixik.generator_accelerator.common.biome.mixin.compat.terrablender.Terrablender$MixinMultiNoiseBiomeSource$raw_biome_resolver 
[01:02:20.175] [main/INFO] [GeneratorAccelerator Mixin/]: Disable mixin: dev.sixik.generator_accelerator.common.biome.mixin.compat.terrablender.Terrablender$MixinNoiseBasedChunkGenerator$reuse_uniqueness 
[01:02:20.175] [main/INFO] [GeneratorAccelerator Mixin/]: Disable mixin: dev.sixik.generator_accelerator.common.biome.mixin.compat.terrablender.Terrablender$MixinParameterList$redirect_search 
[01:02:20.178] [main/INFO] [GeneratorAccelerator Mixin/]: Disable mixin: dev.sixik.generator_accelerator.common.blender.mixin.compats.c2me.c2me$BlenderMixin 
[01:02:20.216] [main/INFO] [GeneratorAccelerator Mixin/]: Disable mixin: dev.sixik.generator_accelerator.common.surface.mixin.compats.biolith.Mixin$Biolith$SurfaceSystem 
[01:02:20.217] [main/INFO] [GeneratorAccelerator Mixin/]: Disable mixin: dev.sixik.generator_accelerator.common.surface.mixin.compats.biomeswevegone.BiomesWeveGone$SurfaceBuilder$fix_compat 
[01:02:20.217] [main/INFO] [GeneratorAccelerator Mixin/]: Disable mixin: dev.sixik.generator_accelerator.common.surface.mixin.compats.natures_spirit.NaturesSpirit$SurfaceBuilderMixin$fix_compat 
[01:02:20.233] [main/INFO] [GeneratorAccelerator Mixin/]: Disable mixin: dev.sixik.generator_accelerator.common.structures.mixin.compats.blueprints.Blueprint$StructurePieceMixin 
[01:02:20.233] [main/INFO] [GeneratorAccelerator Mixin/]: Disable mixin: dev.sixik.generator_accelerator.common.structures.mixin.compats.zeta.Zeta$StructurePiece$Fix 
[01:02:20.273] [main/INFO] [GeneratorAccelerator Mixin/]: Disable mixin: dev.sixik.generator_accelerator.common.features.mixin.compats.accessories.AccessoriesBasedStackHandlerMixin 
[01:02:20.273] [main/INFO] [GeneratorAccelerator Mixin/]: Disable mixin: dev.sixik.generator_accelerator.common.features.mixin.compats.alexscaves.AlexsCaves$ChunkGeneratorMixin$applyBiomeDecoration 
[01:02:20.274] [main/INFO] [GeneratorAccelerator Mixin/]: Disable mixin: dev.sixik.generator_accelerator.common.features.mixin.compats.artifacts.Artifacts$CampsiteHeightRangePlacementMixin 
[01:02:20.274] [main/INFO] [GeneratorAccelerator Mixin/]: Disable mixin: dev.sixik.generator_accelerator.common.features.mixin.compats.biomeswevegone.BiomesWeveGone$BasaltBarreraExtension$fast 
[01:02:20.275] [main/INFO] [GeneratorAccelerator Mixin/]: Disable mixin: dev.sixik.generator_accelerator.common.features.mixin.compats.biomeswevegone.BiomesWeveGone$BlendUtil$fast_edge 
[01:02:20.275] [main/INFO] [GeneratorAccelerator Mixin/]: Disable mixin: dev.sixik.generator_accelerator.common.features.mixin.compats.biomeswevegone.BiomesWeveGone$ChunkStatusTasksMixin$cache_biomes 
[01:02:20.275] [main/INFO] [GeneratorAccelerator Mixin/]: Disable mixin: dev.sixik.generator_accelerator.common.features.mixin.compats.biomeswevegone.BiomesWeveGone$CragGardenExtension$fast 
[01:02:20.276] [main/INFO] [GeneratorAccelerator Mixin/]: Disable mixin: dev.sixik.generator_accelerator.common.features.mixin.compats.biomesoplenty.BiomesOPlenty$WebbingFeatureMixin 
[01:02:20.277] [main/INFO] [GeneratorAccelerator Mixin/]: Disable mixin: dev.sixik.generator_accelerator.common.features.mixin.compats.confluence.Confluence$FeaturePlacementCompatMixin 
[01:02:20.277] [main/INFO] [GeneratorAccelerator Mixin/]: Disable mixin: dev.sixik.generator_accelerator.common.features.mixin.compats.confluence.Confluence$SecretFlagPlacementMixin 
[01:02:20.277] [main/INFO] [GeneratorAccelerator Mixin/]: Disable mixin: dev.sixik.generator_accelerator.common.features.mixin.compats.dynamictrees.DynamicTrees$BasicBranchBlockMixin 
[01:02:20.278] [main/INFO] [GeneratorAccelerator Mixin/]: Disable mixin: dev.sixik.generator_accelerator.common.features.mixin.compats.dynamictrees.DynamicTrees$CaveRootedTreePlacementMixin 
[01:02:20.278] [main/INFO] [GeneratorAccelerator Mixin/]: Disable mixin: dev.sixik.generator_accelerator.common.features.mixin.compats.dynamictrees.DynamicTrees$CaveRootedTreeFeatureMixin 
[01:02:20.278] [main/INFO] [GeneratorAccelerator Mixin/]: Disable mixin: dev.sixik.generator_accelerator.common.features.mixin.compats.dynamictrees.DynamicTrees$CellKits$BasicSolverMixin 
[01:02:20.279] [main/INFO] [GeneratorAccelerator Mixin/]: Disable mixin: dev.sixik.generator_accelerator.common.features.mixin.compats.dynamictrees.DynamicTrees$ChunkTreeHelperMixin 
[01:02:20.280] [main/INFO] [GeneratorAccelerator Mixin/]: Disable mixin: dev.sixik.generator_accelerator.common.features.mixin.compats.dynamictrees.DynamicTrees$DynamicLeavesBlockMixin 
[01:02:20.281] [main/INFO] [GeneratorAccelerator Mixin/]: Disable mixin: dev.sixik.generator_accelerator.common.features.mixin.compats.dynamictrees.DynamicTrees$DynamicTreeFeatureMixin 
[01:02:20.281] [main/INFO] [GeneratorAccelerator Mixin/]: Disable mixin: dev.sixik.generator_accelerator.common.features.mixin.compats.dynamictrees.DynamicTrees$InflatorNodeMixin 
[01:02:20.282] [main/INFO] [GeneratorAccelerator Mixin/]: Disable mixin: dev.sixik.generator_accelerator.common.features.mixin.compats.dynamictrees.DynamicTrees$JoCodeMixin 
[01:02:20.282] [main/INFO] [GeneratorAccelerator Mixin/]: Disable mixin: dev.sixik.generator_accelerator.common.features.mixin.compats.dynamictrees.DynamicTrees$OverworldGroundFinderMixin 
[01:02:20.283] [main/INFO] [GeneratorAccelerator Mixin/]: Disable mixin: dev.sixik.generator_accelerator.common.features.mixin.compats.dynamictrees.DynamicTrees$SubterraneanGroundFinderMixin 
[01:02:20.284] [main/INFO] [GeneratorAccelerator Mixin/]: Disable mixin: dev.sixik.generator_accelerator.common.features.mixin.compats.galosphere.Galosphere$CrystalSpikeFeatureMixin 
[01:02:20.284] [main/INFO] [GeneratorAccelerator Mixin/]: Disable mixin: dev.sixik.generator_accelerator.common.features.mixin.compats.natures_spirit.NaturesSpirit$AlluaudiaFeatureMixin 
[01:02:20.284] [main/INFO] [GeneratorAccelerator Mixin/]: Disable mixin: dev.sixik.generator_accelerator.common.features.mixin.compats.natures_spirit.NaturesSpirit$CoconutTreeDecoratorMixin 
[01:02:20.285] [main/INFO] [GeneratorAccelerator Mixin/]: Disable mixin: dev.sixik.generator_accelerator.common.features.mixin.compats.natures_spirit.NaturesSpirit$GroundedBushFoliagePlacerMixin 
[01:02:20.285] [main/INFO] [GeneratorAccelerator Mixin/]: Disable mixin: dev.sixik.generator_accelerator.common.features.mixin.compats.natures_spirit.NaturesSpirit$JoshuaTreeFeatureMixin 
[01:02:20.286] [main/INFO] [GeneratorAccelerator Mixin/]: Disable mixin: dev.sixik.generator_accelerator.common.features.mixin.compats.natures_spirit.NaturesSpirit$LargePumpkinFeatureMixin 
[01:02:20.286] [main/INFO] [GeneratorAccelerator Mixin/]: Disable mixin: dev.sixik.generator_accelerator.common.features.mixin.compats.natures_spirit.NaturesSpirit$MapleGroundTreeDecoratorMixin 
[01:02:20.286] [main/INFO] [GeneratorAccelerator Mixin/]: Disable mixin: dev.sixik.generator_accelerator.common.features.mixin.compats.natures_spirit.NaturesSpirit$OliveBranchTreeDecoratorMixin 
[01:02:20.287] [main/INFO] [GeneratorAccelerator Mixin/]: Disable mixin: dev.sixik.generator_accelerator.common.features.mixin.compats.natures_spirit.NaturesSpirit$PolyporeFeatureMixin 
[01:02:20.287] [main/INFO] [GeneratorAccelerator Mixin/]: Disable mixin: dev.sixik.generator_accelerator.common.features.mixin.compats.natures_spirit.NaturesSpirit$PolyporeTreeDecoratorMixin 
[01:02:20.287] [main/INFO] [GeneratorAccelerator Mixin/]: Disable mixin: dev.sixik.generator_accelerator.common.features.mixin.compats.natures_spirit.NaturesSpirit$RedwoodBranchTreeDecoratorMixin 
[01:02:20.288] [main/INFO] [GeneratorAccelerator Mixin/]: Disable mixin: dev.sixik.generator_accelerator.common.features.mixin.compats.natures_spirit.NaturesSpirit$SnowTreeDecoratorMixin 
[01:02:20.289] [main/INFO] [GeneratorAccelerator Mixin/]: Disable mixin: dev.sixik.generator_accelerator.common.features.mixin.compats.natures_spirit.NaturesSpirit$TurnipRootFeatureMixin 
[01:02:20.290] [main/INFO] [GeneratorAccelerator Mixin/]: Disable mixin: dev.sixik.generator_accelerator.common.features.mixin.compats.natures_spirit.NaturesSpirit$WisteriaVinesTreeDecoratorMixin 
[01:02:20.290] [main/INFO] [GeneratorAccelerator Mixin/]: Disable mixin: dev.sixik.generator_accelerator.common.features.mixin.compats.natures_spirit.NaturesSpirit$WisteriaFoliagePlacerMixin 
[01:02:20.291] [main/INFO] [GeneratorAccelerator Mixin/]: Disable mixin: dev.sixik.generator_accelerator.common.features.mixin.compats.owo.Mixin$OWO$OreFeature 
[01:02:20.291] [main/INFO] [GeneratorAccelerator Mixin/]: Disable mixin: dev.sixik.generator_accelerator.common.features.mixin.compats.repurposedstructures.Repurposedstructures$MinDistanceFromWorldOriginPlacementMixin 
[01:02:20.292] [main/INFO] [GeneratorAccelerator Mixin/]: Disable mixin: dev.sixik.generator_accelerator.common.features.mixin.compats.repurposedstructures.Repurposedstructures$MinusEightPlacementMixin 
[01:02:20.292] [main/INFO] [GeneratorAccelerator Mixin/]: Disable mixin: dev.sixik.generator_accelerator.common.features.mixin.compats.repurposedstructures.Repurposedstructures$NoVinesInStructuresMixin 
[01:02:20.292] [main/INFO] [GeneratorAccelerator Mixin/]: Disable mixin: dev.sixik.generator_accelerator.common.features.mixin.compats.repurposedstructures.Repurposedstructures$SnapToLowerNonAirPlacementMixin 
[01:02:20.293] [main/INFO] [GeneratorAccelerator Mixin/]: Disable mixin: dev.sixik.generator_accelerator.common.features.mixin.compats.terrainslabs.Mixin$TerrainSlabs$OreFeature 
[01:02:20.294] [main/INFO] [GeneratorAccelerator Mixin/]: Disable mixin: dev.sixik.generator_accelerator.common.features.mixin.compats.waystones.Waystones$WaystonePlacementMixin 
[01:02:20.326] [main/WARN] [mixin/]: Error loading class: com/mrbysco/oreberriesreplanted/worldgen/placement/ChanceRangePlacement (java.lang.ClassNotFoundException: com.mrbysco.oreberriesreplanted.worldgen.placement.ChanceRangePlacement) 
[01:02:20.326] [main/WARN] [mixin/]: @Mixin target com.mrbysco.oreberriesreplanted.worldgen.placement.ChanceRangePlacement was not found generator_accelerator_features.mixins.json:compats.oreberries.Oreberries$ChanceRangePlacementMixin from mod generator_accelerator 
[01:02:20.328] [main/WARN] [mixin/]: Error loading class: mysticmods/roots/worldgen/features/placements/AllAroundLogPlacement (java.lang.ClassNotFoundException: mysticmods.roots.worldgen.features.placements.AllAroundLogPlacement) 
[01:02:20.328] [main/WARN] [mixin/]: @Mixin target mysticmods.roots.worldgen.features.placements.AllAroundLogPlacement was not found generator_accelerator_features.mixins.json:compats.roots.Roots$AllAroundLogPlacementMixin from mod generator_accelerator 
[01:02:20.329] [main/WARN] [mixin/]: Error loading class: mysticmods/roots/worldgen/features/placements/HeightmapYRange (java.lang.ClassNotFoundException: mysticmods.roots.worldgen.features.placements.HeightmapYRange) 
[01:02:20.329] [main/WARN] [mixin/]: @Mixin target mysticmods.roots.worldgen.features.placements.HeightmapYRange was not found generator_accelerator_features.mixins.json:compats.roots.Roots$HeightmapYRangeMixin from mod generator_accelerator 
[01:02:20.330] [main/WARN] [mixin/]: Error loading class: com/yungnickyoung/minecraft/yungsbridges/world/placement/BridgePlacement (java.lang.ClassNotFoundException: com.yungnickyoung.minecraft.yungsbridges.world.placement.BridgePlacement) 
[01:02:20.330] [main/WARN] [mixin/]: @Mixin target com.yungnickyoung.minecraft.yungsbridges.world.placement.BridgePlacement was not found generator_accelerator_features.mixins.json:compats.yungs.bridges.YungsBridge$BridgePlacementMixin from mod generator_accelerator 
[01:02:20.331] [main/WARN] [mixin/]: Error loading class: com/yungnickyoung/minecraft/yungsbridges/world/placement/RngInitializerPlacement (java.lang.ClassNotFoundException: com.yungnickyoung.minecraft.yungsbridges.world.placement.RngInitializerPlacement) 
[01:02:20.331] [main/WARN] [mixin/]: @Mixin target com.yungnickyoung.minecraft.yungsbridges.world.placement.RngInitializerPlacement was not found generator_accelerator_features.mixins.json:compats.yungs.bridges.YungsBridge$RngInitializerPlacementMixin from mod generator_accelerator 
[01:02:20.331] [main/WARN] [mixin/]: Error loading class: com/yungnickyoung/minecraft/yungsextras/world/placement/RngInitializerPlacement (java.lang.ClassNotFoundException: com.yungnickyoung.minecraft.yungsextras.world.placement.RngInitializerPlacement) 
[01:02:20.331] [main/WARN] [mixin/]: @Mixin target com.yungnickyoung.minecraft.yungsextras.world.placement.RngInitializerPlacement was not found generator_accelerator_features.mixins.json:compats.yungs.extras.YungsExtras$RngInitializerPlacementMixin from mod generator_accelerator 
[01:02:20.350] [main/WARN] [mixin/]: Error loading class: net/potionstudios/biomeswevegone/world/level/levelgen/feature/treedecorators/GlowBerryDecorator (java.lang.ClassNotFoundException: net.potionstudios.biomeswevegone.world.level.levelgen.feature.treedecorators.GlowBerryDecorator) 
[01:02:20.350] [main/WARN] [mixin/]: @Mixin target net.potionstudios.biomeswevegone.world.level.levelgen.feature.treedecorators.GlowBerryDecorator was not found generator_accelerator_features.mixins.json:place.tree_decorator.MixinGlowBerryDecorator from mod generator_accelerator 
[01:02:20.351] [main/INFO] [GeneratorAccelerator Mixin/]: Disable mixin: dev.sixik.generator_accelerator.common.chunks.mixin.compats.modernfix.ModernFixChunkMapReleaseProtoChunksMixin 
[01:02:20.352] [main/INFO] [GeneratorAccelerator Mixin/]: Disable mixin: dev.sixik.generator_accelerator.common.chunks.mixin.compats.modernfix.ModernFix$ChunkStatusTasksMixin 
[01:02:20.352] [main/INFO] [GeneratorAccelerator Mixin/]: Disable mixin: dev.sixik.generator_accelerator.common.chunks.mixin.compats.modernfix.ModernFix$GenerationChunkHolderAccessor 
[01:02:20.353] [main/INFO] [GeneratorAccelerator Mixin/]: Disable mixin: dev.sixik.generator_accelerator.common.chunks.mixin.compats.modernfix.ModernFix$ChunkHolderReleaseProtoChunksMixin 
[01:02:20.439] [main/INFO] [Bons and Furious/]: Bons and Furious: vanilla_climate_sample_xz_parts steps aside: Generator Accelerator 1.21.1-1.6.2 makes the same change (MixinClimate$Sampler$raw_sample); net.minecraft.world.level.biome.Climate$Sampler is left unchanged by this switch 
[01:02:20.439] [main/INFO] [Bons and Furious/]: Bons and Furious: vanilla_climate_sample_xz_parts steps aside: Generator Accelerator 1.21.1-1.6.2 makes the same change (MixinClimate$Sampler$raw_sample); net.minecraft.world.level.levelgen.RandomState is left unchanged by this switch 
[01:02:20.675] [main/INFO] [Bons and Furious/]: Bons and Furious: vanilla_beardifier_influence_bounds steps aside: Generator Accelerator 1.21.1-1.6.2 makes the same change (MixinBeardifier); net.minecraft.world.level.levelgen.Beardifier is left unchanged by this switch 
WARN StatusConsoleListener Advanced terminal features are not available in this environment
[01:02:21] [main/INFO] [MixinExtras|Service/]: Initializing MixinExtras via com.llamalad7.mixinextras.service.MixinExtrasServiceImpl(version=0.5.3).
[01:02:26] [modloading-worker-0/INFO] [Bons and Furious/]: Bons and Furious 1.0.35+mc1.21.1 constructed; 0 switch(es) disabled in <port>\runtime\p35-ga1\config\bons_and_furious.properties
[01:02:26] [modloading-worker-0/INFO] [ne.ne.ne.co.NeoForgeMod/NEOFORGE-MOD]: NeoForge mod loading, version 21.1.252, for MC 1.21.1
[01:02:26] [modloading-worker-0/INFO] [de.si.ge.co.de.co.DensityFunctionCompiler/]: DensityFunctionCompiler initialising - runtime DF JIT pipeline enabling.
[01:02:26] [modloading-worker-0/INFO] [de.si.ge.co.de.co.DensityFunctionCompiler/]: DFC vector: disabled (jdk.incubator.vector not on module path; use --add-modules jdk.incubator.vector to enable)
[01:02:26] [modloading-worker-0/INFO] [de.si.ge.co.de.co.DensityFunctionCompiler/]: DFC native noise: libraryLoaded=false, avx2=false
[01:02:26] [modloading-worker-0/WARN] [de.si.ge.co.de.co.DensityFunctionCompiler/]: DFC native noise: not loaded (unknown reason). Put natives/dfc/prebuilts/<platform>/... or set env DFC_NATIVE_LIBRARY to the absolute path of dfc_native.dll / .so / .dylib.
[01:02:26] [main/INFO] [mojang/YggdrasilAuthenticationService]: Environment: Environment[sessionHost=https://sessionserver.mojang.com, servicesHost=https://api.minecraftservices.com, name=PROD]
[01:02:26] [main/WARN] [minecraft/VanillaPackResourcesBuilder]: Assets URL 'union:/<port>/runtime/p35-ga1/libraries/net/minecraft/server/1.21.1-20240808.144430/server-1.21.1-20240808.144430-srg.jar%23120!/assets/.mcassetsroot' uses unexpected schema
[01:02:26] [main/WARN] [minecraft/VanillaPackResourcesBuilder]: Assets URL 'union:/<port>/runtime/p35-ga1/libraries/net/minecraft/server/1.21.1-20240808.144430/server-1.21.1-20240808.144430-srg.jar%23120!/data/.mcassetsroot' uses unexpected schema
[01:02:27] [main/INFO] [Generator Accelerator Debug/]: Create FixedPlacement size: 1
[01:02:27] [main/INFO] [Bons and Furious/]: Bons and Furious: vanilla_climate_tree_span_bounds computes climate subtree ranges without intermediate objects
[01:02:27] [main/INFO] [Bons and Furious/]: Bons and Furious: vanilla_climate_tree_sort_keys sorts climate search tree nodes by precomputed keys
[01:02:27] [main/INFO] [minecraft/Main]: No existing world data, creating new world
[01:02:28] [main/INFO] [minecraft/RecipeManager]: Loaded 1290 recipes
[01:02:28] [main/INFO] [minecraft/AdvancementTree]: Loaded 1399 advancements
[01:02:28] [Server thread/INFO] [minecraft/DedicatedServer]: Starting minecraft server version 1.21.1
[01:02:28] [Server thread/INFO] [minecraft/DedicatedServer]: Loading properties
[01:02:28] [Server thread/INFO] [minecraft/DedicatedServer]: Default game type: SURVIVAL
[01:02:28] [Server thread/INFO] [minecraft/MinecraftServer]: Generating keypair
[01:02:28] [Server thread/INFO] [minecraft/DedicatedServer]: Starting Minecraft server on *:25579
[01:02:29] [Server thread/INFO] [minecraft/ServerConnectionListener]: Using default channel type
[01:02:29] [Server thread/WARN] [minecraft/DedicatedServer]: **** SERVER IS RUNNING IN OFFLINE/INSECURE MODE!
[01:02:29] [Server thread/WARN] [minecraft/DedicatedServer]: The server will make no attempt to authenticate usernames. Beware.
[01:02:29] [Server thread/WARN] [minecraft/DedicatedServer]: While this makes the game possible to play without internet access, it also opens up the ability for hackers to connect with any username they choose.
[01:02:29] [Server thread/WARN] [minecraft/DedicatedServer]: To change this, set "online-mode" to "true" in the server.properties file.
[01:02:29] [Server thread/INFO] [minecraft/DedicatedServer]: Preparing level "world"
[01:02:29] [Server thread/INFO] [Bons and Furious/]: Bons and Furious: vanilla_entity_class_count_layer counts 4 entity classes per level for crittersandcompanions_red_panda_gate and fdbosses_spawner_presence_gate
[01:02:29] [Server thread/INFO] [de.si.ge.co.de.co.DensityFunctionCompiler/]: DFC compiled NoiseRouter + Climate.Sampler for RandomState(seed=2a362e31) in 118ms
[01:02:29] [Worker-Main-1/INFO] [Bons and Furious/]: Bons and Furious: vanilla_tag_membership_ids applies (tag tests compare tag numbers; each holder's numbers follow its current tag set)
[01:02:29] [Worker-Main-10/INFO] [Bons and Furious/]: Bons and Furious: vanilla_tag_membership_ids applies (tag tests compare tag numbers; each holder's numbers follow its current tag set)
[01:02:30] [GA-WORKSPACE-2/INFO] [bo.fu.pa.te.ColumnHeightShare/]: Bons and Furious: vanilla_noise_column_cache keeps the original code for world generators with unsupported density function type dev.sixik.generator_accelerator.common.density.compiler.compiler.codegen.CompiledDF_283c143198ec57ad5716/0x0000023702029000
[01:02:30] [GA-WORKSPACE-5/INFO] [Bons and Furious/]: Bons and Furious: terrain_final_density_reuse steps aside: Generator Accelerator 1.21.1-1.6.2 (NoiseChunkSessionMixin) also changes that call; the visitor of DensityFunction.mapAll in NoiseChunk is left to it
[01:02:30] [GA-WORKSPACE-3/INFO] [bo.fu.pa.wo.AquiferCandidates/]: Bons and Furious: vanilla_aquifer_candidate_cache stands down: NoiseBasedAquifer carries code from dev.sixik.generator_accelerator.common.aquifer.mixin.MixinNoiseBasedAquifer$optimize_noise, which this switch has not verified; every aquifer runs the original computeSubstance
[01:02:30] [GA-WORKSPACE-2/INFO] [Bons and Furious/]: Bons and Furious: vanilla_block_state_air_flag remembers isAir in each block state
[01:02:30] [Worker-Main-13/INFO] [bo.fu.pa.be.EmptyBeardifiers/]: Bons and Furious: worldgen_empty_beardifier_marker stands down: Beardifier carries code from dev.sixik.generator_accelerator.common.beardifier.mixin.MixinBeardifier, which this switch has not verified; every chunk keeps the original beardifier fill
[01:02:31] [GA-NOISE-3/INFO] [Generator Accelerator/]: PLATFORM: NEOFORGE
[01:02:31] [GA-NOISE-3/INFO] [Generator Accelerator/]: STATE REGISTRY SIZE: 26684
[01:02:31] [GA-NOISE-3/INFO] [Generator Accelerator/]: STATE CACHE CAPACITY: 26684
[01:02:31] [Server thread/INFO] [bo.fu.pa.ch.TickingChunkMemo/]: Bons and Furious: vanilla_ticking_chunk_memo applies (each chunk holder remembers its ticking chunk until its future changes)
[01:02:31] [Server thread/INFO] [de.si.ge.co.de.co.DensityFunctionCompiler/]: DFC compiled NoiseRouter + Climate.Sampler for RandomState(seed=2a362e31) in 2ms
[01:02:31] [Server thread/INFO] [de.si.ge.co.de.co.DensityFunctionCompiler/]: DFC compiled NoiseRouter + Climate.Sampler for RandomState(seed=2a362e31) in 3ms
[01:02:31] [Server thread/INFO] [minecraft/MinecraftServer]: Preparing start region for dimension minecraft:overworld
[01:02:32] [GA-WORKSPACE-6/INFO] [minecraft/LoggerChunkProgressListener]: Preparing spawn area: 2%
[01:02:32] [GA-WORKSPACE-1/INFO] [bo.fu.pa.te.ClimateRepeat/]: Bons and Furious: vanilla_climate_sample_repeat keeps the original code for climate samplers with unsupported density function type dev.sixik.generator_accelerator.common.density.compiler.compiler.codegen.CompiledDF_e21969443cc8ab4e6b6b/0x000002370202b800
[01:02:32] [GA-NOISE-8/INFO] [minecraft/LoggerChunkProgressListener]: Preparing spawn area: 2%
[01:02:32] [GA-WORKSPACE-4/INFO] [minecraft/LoggerChunkProgressListener]: Preparing spawn area: 2%
[01:02:33] [GA-WORKSPACE-2/INFO] [minecraft/LoggerChunkProgressListener]: Preparing spawn area: 2%
[01:02:33] [GA-TRANSACTIONAL-2/INFO] [minecraft/LoggerChunkProgressListener]: Preparing spawn area: 24%
[01:02:34] [Server thread/INFO] [minecraft/LoggerChunkProgressListener]: Time elapsed: 2157 ms
[01:02:34] [Server thread/INFO] [minecraft/DedicatedServer]: Done (5.051s)! For help, type "help"
[01:02:34] [Server thread/INFO] [ne.ne.ne.se.pe.PermissionAPI/]: Successfully initialized permission handler neoforge:default_handler
[01:02:39] [GA-WORKSPACE-5/INFO] [bo.fu.pa.te.ColumnHeightShare/]: Bons and Furious: vanilla_noise_column_cache keeps the original code for world generators with unsupported density function type dev.sixik.generator_accelerator.common.density.compiler.compiler.codegen.CompiledDF_95e97298a3aaa563e523/0x00000237020f4c00
[01:05:34] [Server Watchdog/ERROR] [minecraft/ServerWatchdog]: A single server tick took 180.00 seconds (should be max 0.05)
[01:05:34] [Server Watchdog/ERROR] [minecraft/ServerWatchdog]: Considering it to be crashed, server will forcibly shutdown.
[01:05:34] [Server Watchdog/FATAL] [ne.ne.ne.co.NeoForgeMod/]: Preparing crash report with UUID 70621428-5f08-4248-b915-f85d4e132616
Crash report:
---- Minecraft Crash Report ----
// Hi. I'm Minecraft, and I'm a crashaholic.

Time: 2026-10-09 01:05:34
Description: Watching Server

java.lang.Error: ServerHangWatchdog detected that a single server tick took 180000640.00 seconds (should be max 0.05)
	at java.base/jdk.internal.misc.Unsafe.park(Native Method) ~[?:?] {}
	at java.base/java.util.concurrent.locks.LockSupport.parkNanos(LockSupport.java:269) ~[?:?] {}
	at TRANSFORMER/minecraft@1.21.1/net.minecraft.util.thread.BlockableEventLoop.waitForTasks(BlockableEventLoop.java:143) ~[server-1.21.1-20240808.144430-srg.jar%23120!/:?] {re:mixin,pl:accesstransformer:B,re:computing_frames,pl:accesstransformer:B,re:classloading,pl:accesstransformer:B}
	at TRANSFORMER/minecraft@1.21.1/net.minecraft.util.thread.BlockableEventLoop.managedBlock(BlockableEventLoop.java:133) ~[server-1.21.1-20240808.144430-srg.jar%23120!/:?] {re:mixin,pl:accesstransformer:B,re:computing_frames,pl:accesstransformer:B,re:classloading,pl:accesstransformer:B}
	at TRANSFORMER/minecraft@1.21.1/net.minecraft.server.level.ServerChunkCache$MainThreadExecutor.managedBlock(ServerChunkCache.java:533) ~[server-1.21.1-20240808.144430-srg.jar%23120!/:?] {re:classloading}
	at TRANSFORMER/minecraft@1.21.1/net.minecraft.server.level.ServerChunkCache.getChunk(ServerChunkCache.java:159) ~[server-1.21.1-20240808.144430-srg.jar%23120!/:?] {re:mixin,pl:accesstransformer:B,re:mixin,pl:accesstransformer:B,re:classloading,pl:accesstransformer:B,pl:mixin:APP:bons_and_furious.spawn_gate.mixins.json:ServerChunkCacheSpawnGateMixin from mod bons_and_furious,pl:mixin:A}
	at TRANSFORMER/minecraft@1.21.1/net.minecraft.world.level.Level.getChunk(Level.java:202) ~[server-1.21.1-20240808.144430-srg.jar%23120!/:?] {re:mixin,pl:accesstransformer:B,re:mixin,pl:accesstransformer:B,re:computing_frames,pl:accesstransformer:B,re:classloading,pl:accesstransformer:B,pl:mixin:APP:bons_and_furious.crittersandcompanions_c2.mixins.json:LevelClassCountMixin from mod bons_and_furious,pl:mixin:APP:bons_and_furious.ticker_gate.mixins.json:LevelTickerContextMixin from mod bons_and_furious,pl:mixin:APP:bons_and_furious.vanilla_raycast.mixins.json:LevelClipMixin from mod bons_and_furious,pl:mixin:A}
	at TRANSFORMER/minecraft@1.21.1/net.minecraft.world.level.LevelReader.getChunk(LevelReader.java:134) ~[server-1.21.1-20240808.144430-srg.jar%23120!/:?] {re:mixin,re:classloading,re:mixin}
	at TRANSFORMER/minecraft@1.21.1/net.minecraft.world.level.Level.getChunk(Level.java:196) ~[server-1.21.1-20240808.144430-srg.jar%23120!/:?] {re:mixin,pl:accesstransformer:B,re:mixin,pl:accesstransformer:B,re:computing_frames,pl:accesstransformer:B,re:classloading,pl:accesstransformer:B,pl:mixin:APP:bons_and_furious.crittersandcompanions_c2.mixins.json:LevelClassCountMixin from mod bons_and_furious,pl:mixin:APP:bons_and_furious.ticker_gate.mixins.json:LevelTickerContextMixin from mod bons_and_furious,pl:mixin:APP:bons_and_furious.vanilla_raycast.mixins.json:LevelClipMixin from mod bons_and_furious,pl:mixin:A}
	at TRANSFORMER/bons_port_probe@1/bons.portprobe.PortProbe.initial(PortProbe.java:83) ~[bons-port-probe-1.jar%23122!/:?] {re:classloading}
	at TRANSFORMER/bons_port_probe@1/bons.portprobe.PortProbe.started(PortProbe.java:48) ~[bons-port-probe-1.jar%23122!/:?] {re:classloading}
	at TRANSFORMER/bons_port_probe@1/bons.portprobe.PortProbe$$Lambda/0x0000023701c3a900.accept(Unknown Source) ~[?:?] {}
	at MC-BOOTSTRAP/net.neoforged.bus/net.neoforged.bus.ConsumerEventHandler.invoke(ConsumerEventHandler.java:27) ~[bus-8.0.5.jar%2362!/:?] {}
	at MC-BOOTSTRAP/net.neoforged.bus/net.neoforged.bus.EventBus.post(EventBus.java:360) ~[bus-8.0.5.jar%2362!/:?] {}
	at MC-BOOTSTRAP/net.neoforged.bus/net.neoforged.bus.EventBus.post(EventBus.java:328) ~[bus-8.0.5.jar%2362!/:?] {}
	at TRANSFORMER/neoforge@21.1.252/net.neoforged.neoforge.server.ServerLifecycleHooks.handleServerStarted(ServerLifecycleHooks.java:113) ~[neoforge-21.1.252-universal.jar%23121!/:?] {re:mixin,re:mixin,re:classloading,pl:mixin:APP:bons_and_furious.vanilla_mob_warmup.mixins.json:ServerStartedWarmupMixin from mod bons_and_furious,pl:mixin:A}
	at TRANSFORMER/minecraft@1.21.1/net.minecraft.server.MinecraftServer.runServer(MinecraftServer.java:674) ~[server-1.21.1-20240808.144430-srg.jar%23120!/:?] {re:mixin,pl:accesstransformer:B,re:classloading,pl:accesstransformer:B,pl:mixin:APP:generator_accelerator.mixins.json:MixinMinecraftServer from mod generator_accelerator,pl:mixin:A}
	at TRANSFORMER/minecraft@1.21.1/net.minecraft.server.MinecraftServer.lambda$spin$2(MinecraftServer.java:267) ~[server-1.21.1-20240808.144430-srg.jar%23120!/:?] {re:mixin,pl:accesstransformer:B,re:classloading,pl:accesstransformer:B,pl:mixin:APP:generator_accelerator.mixins.json:MixinMinecraftServer from mod generator_accelerator,pl:mixin:A}
	at TRANSFORMER/minecraft@1.21.1/net.minecraft.server.MinecraftServer$$Lambda/0x0000023701f89a38.run(Unknown Source) ~[?:?] {}
	at java.base/java.lang.Thread.runWith(Thread.java:1596) [?:?] {re:mixin}
	at java.base/java.lang.Thread.run(Thread.java:1583) [?:?] {re:mixin}


A detailed walkthrough of the error, its code path and all known details is as follows:
---------------------------------------------------------------------------------------

-- Head --
Thread: Server Watchdog
Stacktrace:
	at java.base/jdk.internal.misc.Unsafe.park(Native Method) ~[?:?] {}
	at java.base/java.util.concurrent.locks.LockSupport.parkNanos(LockSupport.java:269) ~[?:?] {}
	at TRANSFORMER/minecraft@1.21.1/net.minecraft.util.thread.BlockableEventLoop.waitForTasks(BlockableEventLoop.java:143) ~[server-1.21.1-20240808.144430-srg.jar%23120!/:?] {re:mixin,pl:accesstransformer:B,re:computing_frames,pl:accesstransformer:B,re:classloading,pl:accesstransformer:B}
	at TRANSFORMER/minecraft@1.21.1/net.minecraft.util.thread.BlockableEventLoop.managedBlock(BlockableEventLoop.java:133) ~[server-1.21.1-20240808.144430-srg.jar%23120!/:?] {re:mixin,pl:accesstransformer:B,re:computing_frames,pl:accesstransformer:B,re:classloading,pl:accesstransformer:B}
	at TRANSFORMER/minecraft@1.21.1/net.minecraft.server.level.ServerChunkCache$MainThreadExecutor.managedBlock(ServerChunkCache.java:533) ~[server-1.21.1-20240808.144430-srg.jar%23120!/:?] {re:classloading}
	at TRANSFORMER/minecraft@1.21.1/net.minecraft.server.level.ServerChunkCache.getChunk(ServerChunkCache.java:159) ~[server-1.21.1-20240808.144430-srg.jar%23120!/:?] {re:mixin,pl:accesstransformer:B,re:mixin,pl:accesstransformer:B,re:classloading,pl:accesstransformer:B,pl:mixin:APP:bons_and_furious.spawn_gate.mixins.json:ServerChunkCacheSpawnGateMixin from mod bons_and_furious,pl:mixin:A}
	at TRANSFORMER/minecraft@1.21.1/net.minecraft.world.level.Level.getChunk(Level.java:202) ~[server-1.21.1-20240808.144430-srg.jar%23120!/:?] {re:mixin,pl:accesstransformer:B,re:mixin,pl:accesstransformer:B,re:computing_frames,pl:accesstransformer:B,re:classloading,pl:accesstransformer:B,pl:mixin:APP:bons_and_furious.crittersandcompanions_c2.mixins.json:LevelClassCountMixin from mod bons_and_furious,pl:mixin:APP:bons_and_furious.ticker_gate.mixins.json:LevelTickerContextMixin from mod bons_and_furious,pl:mixin:APP:bons_and_furious.vanilla_raycast.mixins.json:LevelClipMixin from mod bons_and_furious,pl:mixin:A}
	at TRANSFORMER/minecraft@1.21.1/net.minecraft.world.level.LevelReader.getChunk(LevelReader.java:134) ~[server-1.21.1-20240808.144430-srg.jar%23120!/:?] {re:mixin,re:classloading,re:mixin}
	at TRANSFORMER/minecraft@1.21.1/net.minecraft.world.level.Level.getChunk(Level.java:196) ~[server-1.21.1-20240808.144430-srg.jar%23120!/:?] {re:mixin,pl:accesstransformer:B,re:mixin,pl:accesstransformer:B,re:computing_frames,pl:accesstransformer:B,re:classloading,pl:accesstransformer:B,pl:mixin:APP:bons_and_furious.crittersandcompanions_c2.mixins.json:LevelClassCountMixin from mod bons_and_furious,pl:mixin:APP:bons_and_furious.ticker_gate.mixins.json:LevelTickerContextMixin from mod bons_and_furious,pl:mixin:APP:bons_and_furious.vanilla_raycast.mixins.json:LevelClipMixin from mod bons_and_furious,pl:mixin:A}
	at TRANSFORMER/bons_port_probe@1/bons.portprobe.PortProbe.initial(PortProbe.java:83) ~[bons-port-probe-1.jar%23122!/:?] {re:classloading}
	at TRANSFORMER/bons_port_probe@1/bons.portprobe.PortProbe.started(PortProbe.java:48) ~[bons-port-probe-1.jar%23122!/:?] {re:classloading}
	at TRANSFORMER/bons_port_probe@1/bons.portprobe.PortProbe$$Lambda/0x0000023701c3a900.accept(Unknown Source) ~[?:?] {}
	at MC-BOOTSTRAP/net.neoforged.bus/net.neoforged.bus.ConsumerEventHandler.invoke(ConsumerEventHandler.java:27) ~[bus-8.0.5.jar%2362!/:?] {}
	at MC-BOOTSTRAP/net.neoforged.bus/net.neoforged.bus.EventBus.post(EventBus.java:360) ~[bus-8.0.5.jar%2362!/:?] {}
	at MC-BOOTSTRAP/net.neoforged.bus/net.neoforged.bus.EventBus.post(EventBus.java:328) ~[bus-8.0.5.jar%2362!/:?] {}
	at TRANSFORMER/neoforge@21.1.252/net.neoforged.neoforge.server.ServerLifecycleHooks.handleServerStarted(ServerLifecycleHooks.java:113) ~[neoforge-21.1.252-universal.jar%23121!/:?] {re:mixin,re:mixin,re:classloading,pl:mixin:APP:bons_and_furious.vanilla_mob_warmup.mixins.json:ServerStartedWarmupMixin from mod bons_and_furious,pl:mixin:A}
	at TRANSFORMER/minecraft@1.21.1/net.minecraft.server.MinecraftServer.runServer(MinecraftServer.java:674) ~[server-1.21.1-20240808.144430-srg.jar%23120!/:?] {re:mixin,pl:accesstransformer:B,re:classloading,pl:accesstransformer:B,pl:mixin:APP:generator_accelerator.mixins.json:MixinMinecraftServer from mod generator_accelerator,pl:mixin:A}
	at TRANSFORMER/minecraft@1.21.1/net.minecraft.server.MinecraftServer.lambda$spin$2(MinecraftServer.java:267) ~[server-1.21.1-20240808.144430-srg.jar%23120!/:?] {re:mixin,pl:accesstransformer:B,re:classloading,pl:accesstransformer:B,pl:mixin:APP:generator_accelerator.mixins.json:MixinMinecraftServer from mod generator_accelerator,pl:mixin:A}
	at TRANSFORMER/minecraft@1.21.1/net.minecraft.server.MinecraftServer$$Lambda/0x0000023701f89a38.run(Unknown Source) ~[?:?] {}
-- Thread Dump --
Details:
	Threads: "Reference Handler" daemon prio=10 Id=9 RUNNABLE
	at java.base@21.0.12.1/java.lang.ref.Reference.waitForReferencePendingList(Native Method)
	at java.base@21.0.12.1/java.lang.ref.Reference.processPendingReferences(Reference.java:246)
	at java.base@21.0.12.1/java.lang.ref.Reference$ReferenceHandler.run(Reference.java:208)


"Finalizer" daemon prio=8 Id=10 WAITING on java.lang.ref.NativeReferenceQueue$Lock@6243582c
	at java.base@21.0.12.1/java.lang.Object.wait0(Native Method)
	-  waiting on java.lang.ref.NativeReferenceQueue$Lock@6243582c
	at java.base@21.0.12.1/java.lang.Object.wait(Object.java:366)
	at java.base@21.0.12.1/java.lang.Object.wait(Object.java:339)
	at java.base@21.0.12.1/java.lang.ref.NativeReferenceQueue.await(NativeReferenceQueue.java:48)
	at java.base@21.0.12.1/java.lang.ref.ReferenceQueue.remove0(ReferenceQueue.java:158)
	at java.base@21.0.12.1/java.lang.ref.NativeReferenceQueue.remove(NativeReferenceQueue.java:89)
	at java.base@21.0.12.1/java.lang.ref.Finalizer$FinalizerThread.run(Finalizer.java:173)


"Signal Dispatcher" daemon prio=9 Id=11 RUNNABLE


"Attach Listener" daemon prio=5 Id=12 RUNNABLE


"Common-Cleaner" daemon prio=8 Id=27 TIMED_WAITING on java.util.concurrent.locks.AbstractQueuedSynchronizer$ConditionObject@6c84ba14
	at java.base@21.0.12.1/jdk.internal.misc.Unsafe.park(Native Method)
	-  waiting on java.util.concurrent.locks.AbstractQueuedSynchronizer$ConditionObject@6c84ba14
	at java.base@21.0.12.1/java.util.concurrent.locks.LockSupport.parkNanos(LockSupport.java:269)
	at java.base@21.0.12.1/java.util.concurrent.locks.AbstractQueuedSynchronizer$ConditionObject.await(AbstractQueuedSynchronizer.java:1886)
	at java.base@21.0.12.1/java.lang.ref.ReferenceQueue.await(ReferenceQueue.java:71)
	at java.base@21.0.12.1/java.lang.ref.ReferenceQueue.remove0(ReferenceQueue.java:143)
	at java.base@21.0.12.1/java.lang.ref.ReferenceQueue.remove(ReferenceQueue.java:218)
	at java.base@21.0.12.1/jdk.internal.ref.CleanerImpl.run(CleanerImpl.java:140)
	at java.base@21.0.12.1/java.lang.Thread.runWith(Thread.java:1596)
	at java.base@21.0.12.1/java.lang.Thread.run(Thread.java:1583)
	at java.base@21.0.12.1/jdk.internal.misc.InnocuousThread.run(InnocuousThread.java:186)


"Notification Thread" daemon prio=9 Id=28 RUNNABLE


"ForkJoinPool.commonPool-worker-1" daemon prio=5 Id=40 WAITING on java.util.concurrent.ForkJoinPool@68bb335c
	at java.base@21.0.12.1/jdk.internal.misc.Unsafe.park(Native Method)
	-  waiting on java.util.concurrent.ForkJoinPool@68bb335c
	at java.base@21.0.12.1/java.util.concurrent.locks.LockSupport.park(LockSupport.java:371)
	at java.base@21.0.12.1/java.util.concurrent.ForkJoinPool.awaitWork(ForkJoinPool.java:1893)
	at java.base@21.0.12.1/java.util.concurrent.ForkJoinPool.runWorker(ForkJoinPool.java:1809)
	at java.base@21.0.12.1/java.util.concurrent.ForkJoinWorkerThread.run(ForkJoinWorkerThread.java:188)


"ForkJoinPool.commonPool-worker-2" daemon prio=5 Id=41 WAITING on java.util.concurrent.ForkJoinPool@68bb335c
	at java.base@21.0.12.1/jdk.internal.misc.Unsafe.park(Native Method)
	-  waiting on java.util.concurrent.ForkJoinPool@68bb335c
	at java.base@21.0.12.1/java.util.concurrent.locks.LockSupport.park(LockSupport.java:371)
	at java.base@21.0.12.1/java.util.concurrent.ForkJoinPool.awaitWork(ForkJoinPool.java:1893)
	at java.base@21.0.12.1/java.util.concurrent.ForkJoinPool.runWorker(ForkJoinPool.java:1809)
	at java.base@21.0.12.1/java.util.concurrent.ForkJoinWorkerThread.run(ForkJoinWorkerThread.java:188)


"ForkJoinPool.commonPool-worker-3" daemon prio=5 Id=42 WAITING on java.util.concurrent.ForkJoinPool@68bb335c
	at java.base@21.0.12.1/jdk.internal.misc.Unsafe.park(Native Method)
	-  waiting on java.util.concurrent.ForkJoinPool@68bb335c
	at java.base@21.0.12.1/java.util.concurrent.locks.LockSupport.park(LockSupport.java:371)
	at java.base@21.0.12.1/java.util.concurrent.ForkJoinPool.awaitWork(ForkJoinPool.java:1893)
	at java.base@21.0.12.1/java.util.concurrent.ForkJoinPool.runWorker(ForkJoinPool.java:1809)
	at java.base@21.0.12.1/java.util.concurrent.ForkJoinWorkerThread.run(ForkJoinWorkerThread.java:188)


"ForkJoinPool.commonPool-worker-4" daemon prio=5 Id=43 WAITING on java.util.concurrent.ForkJoinPool@68bb335c
	at java.base@21.0.12.1/jdk.internal.misc.Unsafe.park(Native Method)
	-  waiting on java.util.concurrent.ForkJoinPool@68bb335c
	at java.base@21.0.12.1/java.util.concurrent.locks.LockSupport.park(LockSupport.java:371)
	at java.base@21.0.12.1/java.util.concurrent.ForkJoinPool.awaitWork(ForkJoinPool.java:1893)
	at java.base@21.0.12.1/java.util.concurrent.ForkJoinPool.runWorker(ForkJoinPool.java:1809)
	at java.base@21.0.12.1/java.util.concurrent.ForkJoinWorkerThread.run(ForkJoinWorkerThread.java:188)


"ForkJoinPool.commonPool-worker-5" daemon prio=5 Id=44 WAITING on java.util.concurrent.ForkJoinPool@68bb335c
	at java.base@21.0.12.1/jdk.internal.misc.Unsafe.park(Native Method)
	-  waiting on java.util.concurrent.ForkJoinPool@68bb335c
	at java.base@21.0.12.1/java.util.concurrent.locks.LockSupport.park(LockSupport.java:371)
	at java.base@21.0.12.1/java.util.concurrent.ForkJoinPool.awaitWork(ForkJoinPool.java:1893)
	at java.base@21.0.12.1/java.util.concurrent.ForkJoinPool.runWorker(ForkJoinPool.java:1809)
	at java.base@21.0.12.1/java.util.concurrent.ForkJoinWorkerThread.run(ForkJoinWorkerThread.java:188)


"ForkJoinPool.commonPool-worker-6" daemon prio=5 Id=45 WAITING on java.util.concurrent.ForkJoinPool@68bb335c
	at java.base@21.0.12.1/jdk.internal.misc.Unsafe.park(Native Method)
	-  waiting on java.util.concurrent.ForkJoinPool@68bb335c
	at java.base@21.0.12.1/java.util.concurrent.locks.LockSupport.park(LockSupport.java:371)
	at java.base@21.0.12.1/java.util.concurrent.ForkJoinPool.awaitWork(ForkJoinPool.java:1893)
	at java.base@21.0.12.1/java.util.concurrent.ForkJoinPool.runWorker(ForkJoinPool.java:1809)
	at java.base@21.0.12.1/java.util.concurrent.ForkJoinWorkerThread.run(ForkJoinWorkerThread.java:188)


"ForkJoinPool.commonPool-worker-7" daemon prio=5 Id=46 WAITING on java.util.concurrent.ForkJoinPool@68bb335c
	at java.base@21.0.12.1/jdk.internal.misc.Unsafe.park(Native Method)
	-  waiting on java.util.concurrent.ForkJoinPool@68bb335c
	at java.base@21.0.12.1/java.util.concurrent.locks.LockSupport.park(LockSupport.java:371)
	at java.base@21.0.12.1/java.util.concurrent.ForkJoinPool.awaitWork(ForkJoinPool.java:1893)
	at java.base@21.0.12.1/java.util.concurrent.ForkJoinPool.runWorker(ForkJoinPool.java:1809)
	at java.base@21.0.12.1/java.util.concurrent.ForkJoinWorkerThread.run(ForkJoinWorkerThread.java:188)


"ForkJoinPool.commonPool-worker-8" daemon prio=5 Id=47 WAITING on java.util.concurrent.ForkJoinPool@68bb335c
	at java.base@21.0.12.1/jdk.internal.misc.Unsafe.park(Native Method)
	-  waiting on java.util.concurrent.ForkJoinPool@68bb335c
	at java.base@21.0.12.1/java.util.concurrent.locks.LockSupport.park(LockSupport.java:371)
	at java.base@21.0.12.1/java.util.concurrent.ForkJoinPool.awaitWork(ForkJoinPool.java:1893)
	at java.base@21.0.12.1/java.util.concurrent.ForkJoinPool.runWorker(ForkJoinPool.java:1809)
	at java.base@21.0.12.1/java.util.concurrent.ForkJoinWorkerThread.run(ForkJoinWorkerThread.java:188)


"ForkJoinPool.commonPool-worker-9" daemon prio=5 Id=48 WAITING on java.util.concurrent.ForkJoinPool@68bb335c
	at java.base@21.0.12.1/jdk.internal.misc.Unsafe.park(Native Method)
	-  waiting on java.util.concurrent.ForkJoinPool@68bb335c
	at java.base@21.0.12.1/java.util.concurrent.locks.LockSupport.park(LockSupport.java:371)
	at java.base@21.0.12.1/java.util.concurrent.ForkJoinPool.awaitWork(ForkJoinPool.java:1893)
	at java.base@21.0.12.1/java.util.concurrent.ForkJoinPool.runWorker(ForkJoinPool.java:1809)
	at java.base@21.0.12.1/java.util.concurrent.ForkJoinWorkerThread.run(ForkJoinWorkerThread.java:188)


"ForkJoinPool.commonPool-worker-10" daemon prio=5 Id=49 WAITING on java.util.concurrent.ForkJoinPool@68bb335c
	at java.base@21.0.12.1/jdk.internal.misc.Unsafe.park(Native Method)
	-  waiting on java.util.concurrent.ForkJoinPool@68bb335c
	at java.base@21.0.12.1/java.util.concurrent.locks.LockSupport.park(LockSupport.java:371)
	at java.base@21.0.12.1/java.util.concurrent.ForkJoinPool.awaitWork(ForkJoinPool.java:1893)
	at java.base@21.0.12.1/java.util.concurrent.ForkJoinPool.runWorker(ForkJoinPool.java:1809)
	at java.base@21.0.12.1/java.util.concurrent.ForkJoinWorkerThread.run(ForkJoinWorkerThread.java:188)


"ForkJoinPool.commonPool-worker-11" daemon prio=5 Id=50 WAITING on java.util.concurrent.ForkJoinPool@68bb335c
	at java.base@21.0.12.1/jdk.internal.misc.Unsafe.park(Native Method)
	-  waiting on java.util.concurrent.ForkJoinPool@68bb335c
	at java.base@21.0.12.1/java.util.concurrent.locks.LockSupport.park(LockSupport.java:371)
	at java.base@21.0.12.1/java.util.concurrent.ForkJoinPool.awaitWork(ForkJoinPool.java:1893)
	at java.base@21.0.12.1/java.util.concurrent.ForkJoinPool.runWorker(ForkJoinPool.java:1809)
	at java.base@21.0.12.1/java.util.concurrent.ForkJoinWorkerThread.run(ForkJoinWorkerThread.java:188)


"ForkJoinPool.commonPool-worker-12" daemon prio=5 Id=51 WAITING on java.util.concurrent.ForkJoinPool@68bb335c
	at java.base@21.0.12.1/jdk.internal.misc.Unsafe.park(Native Method)
	-  waiting on java.util.concurrent.ForkJoinPool@68bb335c
	at java.base@21.0.12.1/java.util.concurrent.locks.LockSupport.park(LockSupport.java:371)
	at java.base@21.0.12.1/java.util.concurrent.ForkJoinPool.awaitWork(ForkJoinPool.java:1893)
	at java.base@21.0.12.1/java.util.concurrent.ForkJoinPool.runWorker(ForkJoinPool.java:1809)
	at java.base@21.0.12.1/java.util.concurrent.ForkJoinWorkerThread.run(ForkJoinWorkerThread.java:188)


"ForkJoinPool.commonPool-worker-14" daemon prio=5 Id=53 TIMED_WAITING on java.util.concurrent.ForkJoinPool@68bb335c
	at java.base@21.0.12.1/jdk.internal.misc.Unsafe.park(Native Method)
	-  waiting on java.util.concurrent.ForkJoinPool@68bb335c
	at java.base@21.0.12.1/java.util.concurrent.locks.LockSupport.parkUntil(LockSupport.java:449)
	at java.base@21.0.12.1/java.util.concurrent.ForkJoinPool.awaitWork(ForkJoinPool.java:1891)
	at java.base@21.0.12.1/java.util.concurrent.ForkJoinPool.runWorker(ForkJoinPool.java:1809)
	at java.base@21.0.12.1/java.util.concurrent.ForkJoinWorkerThread.run(ForkJoinWorkerThread.java:188)


"ForkJoinPool.commonPool-worker-13" daemon prio=5 Id=52 WAITING on java.util.concurrent.ForkJoinPool@68bb335c
	at java.base@21.0.12.1/jdk.internal.misc.Unsafe.park(Native Method)
	-  waiting on java.util.concurrent.ForkJoinPool@68bb335c
	at java.base@21.0.12.1/java.util.concurrent.locks.LockSupport.park(LockSupport.java:371)
	at java.base@21.0.12.1/java.util.concurrent.ForkJoinPool.awaitWork(ForkJoinPool.java:1893)
	at java.base@21.0.12.1/java.util.concurrent.ForkJoinPool.runWorker(ForkJoinPool.java:1809)
	at java.base@21.0.12.1/java.util.concurrent.ForkJoinWorkerThread.run(ForkJoinWorkerThread.java:188)


"ForkJoinPool.commonPool-worker-15" daemon prio=5 Id=56 WAITING on java.util.concurrent.ForkJoinPool@68bb335c
	at java.base@21.0.12.1/jdk.internal.misc.Unsafe.park(Native Method)
	-  waiting on java.util.concurrent.ForkJoinPool@68bb335c
	at java.base@21.0.12.1/java.util.concurrent.locks.LockSupport.park(LockSupport.java:371)
	at java.base@21.0.12.1/java.util.concurrent.ForkJoinPool.awaitWork(ForkJoinPool.java:1893)
	at java.base@21.0.12.1/java.util.concurrent.ForkJoinPool.runWorker(ForkJoinPool.java:1809)
	at java.base@21.0.12.1/java.util.concurrent.ForkJoinWorkerThread.run(ForkJoinWorkerThread.java:188)


"ForkJoinPool.commonPool-worker-18" daemon prio=5 Id=57 WAITING on java.util.concurrent.ForkJoinPool@68bb335c
	at java.base@21.0.12.1/jdk.internal.misc.Unsafe.park(Native Method)
	-  waiting on java.util.concurrent.ForkJoinPool@68bb335c
	at java.base@21.0.12.1/java.util.concurrent.locks.LockSupport.park(LockSupport.java:371)
	at java.base@21.0.12.1/java.util.concurrent.ForkJoinPool.awaitWork(ForkJoinPool.java:1893)
	at java.base@21.0.12.1/java.util.concurrent.ForkJoinPool.runWorker(ForkJoinPool.java:1809)
	at java.base@21.0.12.1/java.util.concurrent.ForkJoinWorkerThread.run(ForkJoinWorkerThread.java:188)


"ForkJoinPool.commonPool-worker-17" daemon prio=5 Id=54 WAITING on java.util.concurrent.ForkJoinPool@68bb335c
	at java.base@21.0.12.1/jdk.internal.misc.Unsafe.park(Native Method)
	-  waiting on java.util.concurrent.ForkJoinPool@68bb335c
	at java.base@21.0.12.1/java.util.concurrent.locks.LockSupport.park(LockSupport.java:371)
	at java.base@21.0.12.1/java.util.concurrent.ForkJoinPool.awaitWork(ForkJoinPool.java:1893)
	at java.base@21.0.12.1/java.util.concurrent.ForkJoinPool.runWorker(ForkJoinPool.java:1809)
	at java.base@21.0.12.1/java.util.concurrent.ForkJoinWorkerThread.run(ForkJoinWorkerThread.java:188)


"ForkJoinPool.commonPool-worker-20" daemon prio=5 Id=59 WAITING on java.util.concurrent.ForkJoinPool@68bb335c
	at java.base@21.0.12.1/jdk.internal.misc.Unsafe.park(Native Method)
	-  waiting on java.util.concurrent.ForkJoinPool@68bb335c
	at java.base@21.0.12.1/java.util.concurrent.locks.LockSupport.park(LockSupport.java:371)
	at java.base@21.0.12.1/java.util.concurrent.ForkJoinPool.awaitWork(ForkJoinPool.java:1893)
	at java.base@21.0.12.1/java.util.concurrent.ForkJoinPool.runWorker(ForkJoinPool.java:1809)
	at java.base@21.0.12.1/java.util.concurrent.ForkJoinWorkerThread.run(ForkJoinWorkerThread.java:188)


"ForkJoinPool.commonPool-worker-21" daemon prio=5 Id=60 WAITING on java.util.concurrent.ForkJoinPool@68bb335c
	at java.base@21.0.12.1/jdk.internal.misc.Unsafe.park(Native Method)
	-  waiting on java.util.concurrent.ForkJoinPool@68bb335c
	at java.base@21.0.12.1/java.util.concurrent.locks.LockSupport.park(LockSupport.java:371)
	at java.base@21.0.12.1/java.util.concurrent.ForkJoinPool.awaitWork(ForkJoinPool.java:1893)
	at java.base@21.0.12.1/java.util.concurrent.ForkJoinPool.runWorker(ForkJoinPool.java:1809)
	at java.base@21.0.12.1/java.util.concurrent.ForkJoinWorkerThread.run(ForkJoinWorkerThread.java:188)


"ForkJoinPool.commonPool-worker-22" daemon prio=5 Id=61 WAITING on java.util.concurrent.ForkJoinPool@68bb335c
	at java.base@21.0.12.1/jdk.internal.misc.Unsafe.park(Native Method)
	-  waiting on java.util.concurrent.ForkJoinPool@68bb335c
	at java.base@21.0.12.1/java.util.concurrent.locks.LockSupport.park(LockSupport.java:371)
	at java.base@21.0.12.1/java.util.concurrent.ForkJoinPool.awaitWork(ForkJoinPool.java:1893)
	at java.base@21.0.12.1/java.util.concurrent.ForkJoinPool.runWorker(ForkJoinPool.java:1809)
	at java.base@21.0.12.1/java.util.concurrent.ForkJoinWorkerThread.run(ForkJoinWorkerThread.java:188)


"ForkJoinPool.commonPool-worker-23" daemon prio=5 Id=62 WAITING on java.util.concurrent.ForkJoinPool@68bb335c
	at java.base@21.0.12.1/jdk.internal.misc.Unsafe.park(Native Method)
	-  waiting on java.util.concurrent.ForkJoinPool@68bb335c
	at java.base@21.0.12.1/java.util.concurrent.locks.LockSupport.park(LockSupport.java:371)
	at java.base@21.0.12.1/java.util.concurrent.ForkJoinPool.awaitWork(ForkJoinPool.java:1893)
	at java.base@21.0.12.1/java.util.concurrent.ForkJoinPool.runWorker(ForkJoinPool.java:1809)
	at java.base@21.0.12.1/java.util.concurrent.ForkJoinWorkerThread.run(ForkJoinWorkerThread.java:188)


"JNA Cleaner" daemon prio=5 Id=80 TIMED_WAITING on java.util.concurrent.locks.AbstractQueuedSynchronizer$ConditionObject@2db9b02f
	at java.base@21.0.12.1/jdk.internal.misc.Unsafe.park(Native Method)
	-  waiting on java.util.concurrent.locks.AbstractQueuedSynchronizer$ConditionObject@2db9b02f
	at java.base@21.0.12.1/java.util.concurrent.locks.LockSupport.parkNanos(LockSupport.java:269)
	at java.base@21.0.12.1/java.util.concurrent.locks.AbstractQueuedSynchronizer$ConditionObject.await(AbstractQueuedSynchronizer.java:1886)
	at java.base@21.0.12.1/java.lang.ref.ReferenceQueue.await(ReferenceQueue.java:71)
	at java.base@21.0.12.1/java.lang.ref.ReferenceQueue.remove0(ReferenceQueue.java:143)
	at java.base@21.0.12.1/java.lang.ref.ReferenceQueue.remove(ReferenceQueue.java:218)
	at MC-BOOTSTRAP/com.sun.jna@5.14.0/com.sun.jna.internal.Cleaner$CleanerThread.run(Cleaner.java:154)


"Cleaner-0" daemon prio=8 Id=81 TIMED_WAITING on java.util.concurrent.locks.AbstractQueuedSynchronizer$ConditionObject@55c30f8c
	at java.base@21.0.12.1/jdk.internal.misc.Unsafe.park(Native Method)
	-  waiting on java.util.concurrent.locks.AbstractQueuedSynchronizer$ConditionObject@55c30f8c
	at java.base@21.0.12.1/java.util.concurrent.locks.LockSupport.parkNanos(LockSupport.java:269)
	at java.base@21.0.12.1/java.util.concurrent.locks.AbstractQueuedSynchronizer$ConditionObject.await(AbstractQueuedSynchronizer.java:1886)
	at java.base@21.0.12.1/java.lang.ref.ReferenceQueue.await(ReferenceQueue.java:71)
	at java.base@21.0.12.1/java.lang.ref.ReferenceQueue.remove0(ReferenceQueue.java:143)
	at java.base@21.0.12.1/java.lang.ref.ReferenceQueue.remove(ReferenceQueue.java:218)
	at java.base@21.0.12.1/jdk.internal.ref.CleanerImpl.run(CleanerImpl.java:140)
	at java.base@21.0.12.1/java.lang.Thread.runWith(Thread.java:1596)
	at java.base@21.0.12.1/java.lang.Thread.run(Thread.java:1583)
	at java.base@21.0.12.1/jdk.internal.misc.InnocuousThread.run(InnocuousThread.java:186)


"Timer hack thread" daemon prio=5 Id=82 TIMED_WAITING
	at java.base@21.0.12.1/java.lang.Thread.sleep0(Native Method)
	at java.base@21.0.12.1/java.lang.Thread.sleep(Thread.java:509)
	at TRANSFORMER/minecraft@1.21.1/net.minecraft.Util$7.run(Util.java:759)


"modloading-worker-0" daemon prio=5 Id=83 TIMED_WAITING on java.util.concurrent.ForkJoinPool@1cde5b3a
	at java.base@21.0.12.1/jdk.internal.misc.Unsafe.park(Native Method)
	-  waiting on java.util.concurrent.ForkJoinPool@1cde5b3a
	at java.base@21.0.12.1/java.util.concurrent.locks.LockSupport.parkUntil(LockSupport.java:449)
	at java.base@21.0.12.1/java.util.concurrent.ForkJoinPool.awaitWork(ForkJoinPool.java:1891)
	at java.base@21.0.12.1/java.util.concurrent.ForkJoinPool.runWorker(ForkJoinPool.java:1809)
	at java.base@21.0.12.1/java.util.concurrent.ForkJoinWorkerThread.run(ForkJoinWorkerThread.java:188)


"modloading-sync-worker" daemon prio=5 Id=87 WAITING on java.util.concurrent.locks.AbstractQueuedSynchronizer$ConditionObject@2d4eba2e
	at java.base@21.0.12.1/jdk.internal.misc.Unsafe.park(Native Method)
	-  waiting on java.util.concurrent.locks.AbstractQueuedSynchronizer$ConditionObject@2d4eba2e
	at java.base@21.0.12.1/java.util.concurrent.locks.LockSupport.park(LockSupport.java:371)
	at java.base@21.0.12.1/java.util.concurrent.locks.AbstractQueuedSynchronizer$ConditionNode.block(AbstractQueuedSynchronizer.java:519)
	at java.base@21.0.12.1/java.util.concurrent.ForkJoinPool.unmanagedBlock(ForkJoinPool.java:3780)
	at java.base@21.0.12.1/java.util.concurrent.ForkJoinPool.managedBlock(ForkJoinPool.java:3725)
	at java.base@21.0.12.1/java.util.concurrent.locks.AbstractQueuedSynchronizer$ConditionObject.await(AbstractQueuedSynchronizer.java:1746)
	at java.base@21.0.12.1/java.util.concurrent.LinkedBlockingQueue.take(LinkedBlockingQueue.java:435)
	at java.base@21.0.12.1/java.util.concurrent.ThreadPoolExecutor.getTask(ThreadPoolExecutor.java:1070)
	at java.base@21.0.12.1/java.util.concurrent.ThreadPoolExecutor.runWorker(ThreadPoolExecutor.java:1130)
	at java.base@21.0.12.1/java.util.concurrent.ThreadPoolExecutor$Worker.run(ThreadPoolExecutor.java:642)
	at java.base@21.0.12.1/java.lang.Thread.runWith(Thread.java:1596)
	at java.base@21.0.12.1/java.lang.Thread.run(Thread.java:1583)


"FileSystemWatchService" daemon prio=5 Id=88 RUNNABLE (in native)
	at java.base@21.0.12.1/sun.nio.fs.WindowsNativeDispatcher.GetQueuedCompletionStatus0(Native Method)
	at java.base@21.0.12.1/sun.nio.fs.WindowsNativeDispatcher.GetQueuedCompletionStatus(WindowsNativeDispatcher.java:1075)
	at java.base@21.0.12.1/sun.nio.fs.WindowsWatchService$Poller.run(WindowsWatchService.java:587)
	at java.base@21.0.12.1/java.lang.Thread.runWith(Thread.java:1596)
	at java.base@21.0.12.1/java.lang.Thread.run(Thread.java:1583)


"config-file-watcher-0-0" daemon prio=5 Id=89 TIMED_WAITING on java.util.concurrent.locks.AbstractQueuedSynchronizer$ConditionObject@4d964f60
	at java.base@21.0.12.1/jdk.internal.misc.Unsafe.park(Native Method)
	-  waiting on java.util.concurrent.locks.AbstractQueuedSynchronizer$ConditionObject@4d964f60
	at java.base@21.0.12.1/java.util.concurrent.locks.LockSupport.parkNanos(LockSupport.java:269)
	at java.base@21.0.12.1/java.util.concurrent.locks.AbstractQueuedSynchronizer$ConditionObject.awaitNanos(AbstractQueuedSynchronizer.java:1797)
	at java.base@21.0.12.1/java.util.concurrent.LinkedBlockingDeque.pollFirst(LinkedBlockingDeque.java:515)
	at java.base@21.0.12.1/java.util.concurrent.LinkedBlockingDeque.poll(LinkedBlockingDeque.java:677)
	at java.base@21.0.12.1/sun.nio.fs.AbstractWatchService.poll(AbstractWatchService.java:108)
	at MC-BOOTSTRAP/com.electronwill.nightconfig.core@3.8.3/com.electronwill.nightconfig.core.file.FileWatcher$FsWatcher.run(FileWatcher.java:531)
	at java.base@21.0.12.1/java.lang.Thread.runWith(Thread.java:1596)
	at java.base@21.0.12.1/java.lang.Thread.run(Thread.java:1583)


"modloading-worker-0" daemon prio=5 Id=91 WAITING on java.util.concurrent.ForkJoinPool@1cde5b3a
	at java.base@21.0.12.1/jdk.internal.misc.Unsafe.park(Native Method)
	-  waiting on java.util.concurrent.ForkJoinPool@1cde5b3a
	at java.base@21.0.12.1/java.util.concurrent.locks.LockSupport.park(LockSupport.java:371)
	at java.base@21.0.12.1/java.util.concurrent.ForkJoinPool.awaitWork(ForkJoinPool.java:1893)
	at java.base@21.0.12.1/java.util.concurrent.ForkJoinPool.runWorker(ForkJoinPool.java:1809)
	at java.base@21.0.12.1/java.util.concurrent.ForkJoinWorkerThread.run(ForkJoinWorkerThread.java:188)


"Yggdrasil Key Fetcher" daemon prio=5 Id=92 TIMED_WAITING on java.util.concurrent.locks.AbstractQueuedSynchronizer$ConditionObject@e48631
	at java.base@21.0.12.1/jdk.internal.misc.Unsafe.park(Native Method)
	-  waiting on java.util.concurrent.locks.AbstractQueuedSynchronizer$ConditionObject@e48631
	at java.base@21.0.12.1/java.util.concurrent.locks.LockSupport.parkNanos(LockSupport.java:269)
	at java.base@21.0.12.1/java.util.concurrent.locks.AbstractQueuedSynchronizer$ConditionObject.awaitNanos(AbstractQueuedSynchronizer.java:1797)
	at java.base@21.0.12.1/java.util.concurrent.ScheduledThreadPoolExecutor$DelayedWorkQueue.take(ScheduledThreadPoolExecutor.java:1182)
	at java.base@21.0.12.1/java.util.concurrent.ScheduledThreadPoolExecutor$DelayedWorkQueue.take(ScheduledThreadPoolExecutor.java:899)
	at java.base@21.0.12.1/java.util.concurrent.ThreadPoolExecutor.getTask(ThreadPoolExecutor.java:1070)
	at java.base@21.0.12.1/java.util.concurrent.ThreadPoolExecutor.runWorker(ThreadPoolExecutor.java:1130)
	at java.base@21.0.12.1/java.util.concurrent.ThreadPoolExecutor$Worker.run(ThreadPoolExecutor.java:642)
	at java.base@21.0.12.1/java.lang.Thread.runWith(Thread.java:1596)
	at java.base@21.0.12.1/java.lang.Thread.run(Thread.java:1583)


"Worker-Main-1" daemon prio=5 Id=96 WAITING on java.util.concurrent.ForkJoinPool@6e8d0a9c
	at java.base@21.0.12.1/jdk.internal.misc.Unsafe.park(Native Method)
	-  waiting on java.util.concurrent.ForkJoinPool@6e8d0a9c
	at java.base@21.0.12.1/java.util.concurrent.locks.LockSupport.park(LockSupport.java:371)
	at java.base@21.0.12.1/java.util.concurrent.ForkJoinPool.awaitWork(ForkJoinPool.java:1893)
	at java.base@21.0.12.1/java.util.concurrent.ForkJoinPool.runWorker(ForkJoinPool.java:1809)
	at java.base@21.0.12.1/java.util.concurrent.ForkJoinWorkerThread.run(ForkJoinWorkerThread.java:188)


"Worker-Main-2" daemon prio=5 Id=97 WAITING on java.util.concurrent.ForkJoinPool@6e8d0a9c
	at java.base@21.0.12.1/jdk.internal.misc.Unsafe.park(Native Method)
	-  waiting on java.util.concurrent.ForkJoinPool@6e8d0a9c
	at java.base@21.0.12.1/java.util.concurrent.locks.LockSupport.park(LockSupport.java:371)
	at java.base@21.0.12.1/java.util.concurrent.ForkJoinPool.awaitWork(ForkJoinPool.java:1893)
	at java.base@21.0.12.1/java.util.concurrent.ForkJoinPool.runWorker(ForkJoinPool.java:1809)
	at java.base@21.0.12.1/java.util.concurrent.ForkJoinWorkerThread.run(ForkJoinWorkerThread.java:188)


"Worker-Main-3" daemon prio=5 Id=98 WAITING on java.util.concurrent.ForkJoinPool@6e8d0a9c
	at java.base@21.0.12.1/jdk.internal.misc.Unsafe.park(Native Method)
	-  waiting on java.util.concurrent.ForkJoinPool@6e8d0a9c
	at java.base@21.0.12.1/java.util.concurrent.locks.LockSupport.park(LockSupport.java:371)
	at java.base@21.0.12.1/java.util.concurrent.ForkJoinPool.awaitWork(ForkJoinPool.java:1893)
	at java.base@21.0.12.1/java.util.concurrent.ForkJoinPool.runWorker(ForkJoinPool.java:1809)
	at java.base@21.0.12.1/java.util.concurrent.ForkJoinWorkerThread.run(ForkJoinWorkerThread.java:188)


"Worker-Main-4" daemon prio=5 Id=99 WAITING on java.util.concurrent.ForkJoinPool@6e8d0a9c
	at java.base@21.0.12.1/jdk.internal.misc.Unsafe.park(Native Method)
	-  waiting on java.util.concurrent.ForkJoinPool@6e8d0a9c
	at java.base@21.0.12.1/java.util.concurrent.locks.LockSupport.park(LockSupport.java:371)
	at java.base@21.0.12.1/java.util.concurrent.ForkJoinPool.awaitWork(ForkJoinPool.java:1893)
	at java.base@21.0.12.1/java.util.concurrent.ForkJoinPool.runWorker(ForkJoinPool.java:1809)
	at java.base@21.0.12.1/java.util.concurrent.ForkJoinWorkerThread.run(ForkJoinWorkerThread.java:188)


"Worker-Main-5" daemon prio=5 Id=100 WAITING on java.util.concurrent.ForkJoinPool@6e8d0a9c
	at java.base@21.0.12.1/jdk.internal.misc.Unsafe.park(Native Method)
	-  waiting on java.util.concurrent.ForkJoinPool@6e8d0a9c
	at java.base@21.0.12.1/java.util.concurrent.locks.LockSupport.park(LockSupport.java:371)
	at java.base@21.0.12.1/java.util.concurrent.ForkJoinPool.awaitWork(ForkJoinPool.java:1893)
	at java.base@21.0.12.1/java.util.concurrent.ForkJoinPool.runWorker(ForkJoinPool.java:1809)
	at java.base@21.0.12.1/java.util.concurrent.ForkJoinWorkerThread.run(ForkJoinWorkerThread.java:188)


"Worker-Main-6" daemon prio=5 Id=101 TIMED_WAITING on java.util.concurrent.ForkJoinPool@6e8d0a9c
	at java.base@21.0.12.1/jdk.internal.misc.Unsafe.park(Native Method)
	-  waiting on java.util.concurrent.ForkJoinPool@6e8d0a9c
	at java.base@21.0.12.1/java.util.concurrent.locks.LockSupport.parkUntil(LockSupport.java:449)
	at java.base@21.0.12.1/java.util.concurrent.ForkJoinPool.awaitWork(ForkJoinPool.java:1891)
	at java.base@21.0.12.1/java.util.concurrent.ForkJoinPool.runWorker(ForkJoinPool.java:1809)
	at java.base@21.0.12.1/java.util.concurrent.ForkJoinWorkerThread.run(ForkJoinWorkerThread.java:188)


"Worker-Main-7" daemon prio=5 Id=102 WAITING on java.util.concurrent.ForkJoinPool@6e8d0a9c
	at java.base@21.0.12.1/jdk.internal.misc.Unsafe.park(Native Method)
	-  waiting on java.util.concurrent.ForkJoinPool@6e8d0a9c
	at java.base@21.0.12.1/java.util.concurrent.locks.LockSupport.park(LockSupport.java:371)
	at java.base@21.0.12.1/java.util.concurrent.ForkJoinPool.awaitWork(ForkJoinPool.java:1893)
	at java.base@21.0.12.1/java.util.concurrent.ForkJoinPool.runWorker(ForkJoinPool.java:1809)
	at java.base@21.0.12.1/java.util.concurrent.ForkJoinWorkerThread.run(ForkJoinWorkerThread.java:188)


"Worker-Main-8" daemon prio=5 Id=103 WAITING on java.util.concurrent.ForkJoinPool@6e8d0a9c
	at java.base@21.0.12.1/jdk.internal.misc.Unsafe.park(Native Method)
	-  waiting on java.util.concurrent.ForkJoinPool@6e8d0a9c
	at java.base@21.0.12.1/java.util.concurrent.locks.LockSupport.park(LockSupport.java:371)
	at java.base@21.0.12.1/java.util.concurrent.ForkJoinPool.awaitWork(ForkJoinPool.java:1893)
	at java.base@21.0.12.1/java.util.concurrent.ForkJoinPool.runWorker(ForkJoinPool.java:1809)
	at java.base@21.0.12.1/java.util.concurrent.ForkJoinWorkerThread.run(ForkJoinWorkerThread.java:188)


"Worker-Main-9" daemon prio=5 Id=104 WAITING on java.util.concurrent.ForkJoinPool@6e8d0a9c
	at java.base@21.0.12.1/jdk.internal.misc.Unsafe.park(Native Method)
	-  waiting on java.util.concurrent.ForkJoinPool@6e8d0a9c
	at java.base@21.0.12.1/java.util.concurrent.locks.LockSupport.park(LockSupport.java:371)
	at java.base@21.0.12.1/java.util.concurrent.ForkJoinPool.awaitWork(ForkJoinPool.java:1893)
	at java.base@21.0.12.1/java.util.concurrent.ForkJoinPool.runWorker(ForkJoinPool.java:1809)
	at java.base@21.0.12.1/java.util.concurrent.ForkJoinWorkerThread.run(ForkJoinWorkerThread.java:188)


"Worker-Main-11" daemon prio=5 Id=106 WAITING on java.util.concurrent.ForkJoinPool@6e8d0a9c
	at java.base@21.0.12.1/jdk.internal.misc.Unsafe.park(Native Method)
	-  waiting on java.util.concurrent.ForkJoinPool@6e8d0a9c
	at java.base@21.0.12.1/java.util.concurrent.locks.LockSupport.park(LockSupport.java:371)
	at java.base@21.0.12.1/java.util.concurrent.ForkJoinPool.awaitWork(ForkJoinPool.java:1893)
	at java.base@21.0.12.1/java.util.concurrent.ForkJoinPool.runWorker(ForkJoinPool.java:1809)
	at java.base@21.0.12.1/java.util.concurrent.ForkJoinWorkerThread.run(ForkJoinWorkerThread.java:188)


"Worker-Main-12" daemon prio=5 Id=107 WAITING on java.util.concurrent.ForkJoinPool@6e8d0a9c
	at java.base@21.0.12.1/jdk.internal.misc.Unsafe.park(Native Method)
	-  waiting on java.util.concurrent.ForkJoinPool@6e8d0a9c
	at java.base@21.0.12.1/java.util.concurrent.locks.LockSupport.park(LockSupport.java:371)
	at java.base@21.0.12.1/java.util.concurrent.ForkJoinPool.awaitWork(ForkJoinPool.java:1893)
	at java.base@21.0.12.1/java.util.concurrent.ForkJoinPool.runWorker(ForkJoinPool.java:1809)
	at java.base@21.0.12.1/java.util.concurrent.ForkJoinWorkerThread.run(ForkJoinWorkerThread.java:188)


"Worker-Main-13" daemon prio=5 Id=108 WAITING on java.util.concurrent.ForkJoinPool@6e8d0a9c
	at java.base@21.0.12.1/jdk.internal.misc.Unsafe.park(Native Method)
	-  waiting on java.util.concurrent.ForkJoinPool@6e8d0a9c
	at java.base@21.0.12.1/java.util.concurrent.locks.LockSupport.park(LockSupport.java:371)
	at java.base@21.0.12.1/java.util.concurrent.ForkJoinPool.awaitWork(ForkJoinPool.java:1893)
	at java.base@21.0.12.1/java.util.concurrent.ForkJoinPool.runWorker(ForkJoinPool.java:1809)
	at java.base@21.0.12.1/java.util.concurrent.ForkJoinWorkerThread.run(ForkJoinWorkerThread.java:188)


"Worker-Main-14" daemon prio=5 Id=109 WAITING on java.util.concurrent.ForkJoinPool@6e8d0a9c
	at java.base@21.0.12.1/jdk.internal.misc.Unsafe.park(Native Method)
	-  waiting on java.util.concurrent.ForkJoinPool@6e8d0a9c
	at java.base@21.0.12.1/java.util.concurrent.locks.LockSupport.park(LockSupport.java:371)
	at java.base@21.0.12.1/java.util.concurrent.ForkJoinPool.awaitWork(ForkJoinPool.java:1893)
	at java.base@21.0.12.1/java.util.concurrent.ForkJoinPool.runWorker(ForkJoinPool.java:1809)
	at java.base@21.0.12.1/java.util.concurrent.ForkJoinWorkerThread.run(ForkJoinWorkerThread.java:188)


"Worker-Main-16" daemon prio=5 Id=111 WAITING on java.util.concurrent.ForkJoinPool@6e8d0a9c
	at java.base@21.0.12.1/jdk.internal.misc.Unsafe.park(Native Method)
	-  waiting on java.util.concurrent.ForkJoinPool@6e8d0a9c
	at java.base@21.0.12.1/java.util.concurrent.locks.LockSupport.park(LockSupport.java:371)
	at java.base@21.0.12.1/java.util.concurrent.ForkJoinPool.awaitWork(ForkJoinPool.java:1893)
	at java.base@21.0.12.1/java.util.concurrent.ForkJoinPool.runWorker(ForkJoinPool.java:1809)
	at java.base@21.0.12.1/java.util.concurrent.ForkJoinWorkerThread.run(ForkJoinWorkerThread.java:188)


"Worker-Main-17" daemon prio=5 Id=112 WAITING on java.util.concurrent.ForkJoinPool@6e8d0a9c
	at java.base@21.0.12.1/jdk.internal.misc.Unsafe.park(Native Method)
	-  waiting on java.util.concurrent.ForkJoinPool@6e8d0a9c
	at java.base@21.0.12.1/java.util.concurrent.locks.LockSupport.park(LockSupport.java:371)
	at java.base@21.0.12.1/java.util.concurrent.ForkJoinPool.awaitWork(ForkJoinPool.java:1893)
	at java.base@21.0.12.1/java.util.concurrent.ForkJoinPool.runWorker(ForkJoinPool.java:1809)
	at java.base@21.0.12.1/java.util.concurrent.ForkJoinWorkerThread.run(ForkJoinWorkerThread.java:188)


"Worker-Main-18" daemon prio=5 Id=113 WAITING on java.util.concurrent.ForkJoinPool@6e8d0a9c
	at java.base@21.0.12.1/jdk.internal.misc.Unsafe.park(Native Method)
	-  waiting on java.util.concurrent.ForkJoinPool@6e8d0a9c
	at java.base@21.0.12.1/java.util.concurrent.locks.LockSupport.park(LockSupport.java:371)
	at java.base@21.0.12.1/java.util.concurrent.ForkJoinPool.awaitWork(ForkJoinPool.java:1893)
	at java.base@21.0.12.1/java.util.concurrent.ForkJoinPool.runWorker(ForkJoinPool.java:1809)
	at java.base@21.0.12.1/java.util.concurrent.ForkJoinWorkerThread.run(ForkJoinWorkerThread.java:188)


"Worker-Main-19" daemon prio=5 Id=114 WAITING on java.util.concurrent.ForkJoinPool@6e8d0a9c
	at java.base@21.0.12.1/jdk.internal.misc.Unsafe.park(Native Method)
	-  waiting on java.util.concurrent.ForkJoinPool@6e8d0a9c
	at java.base@21.0.12.1/java.util.concurrent.locks.LockSupport.park(LockSupport.java:371)
	at java.base@21.0.12.1/java.util.concurrent.ForkJoinPool.awaitWork(ForkJoinPool.java:1893)
	at java.base@21.0.12.1/java.util.concurrent.ForkJoinPool.runWorker(ForkJoinPool.java:1809)
	at java.base@21.0.12.1/java.util.concurrent.ForkJoinWorkerThread.run(ForkJoinWorkerThread.java:188)


"Worker-Main-20" daemon prio=5 Id=115 WAITING on java.util.concurrent.ForkJoinPool@6e8d0a9c
	at java.base@21.0.12.1/jdk.internal.misc.Unsafe.park(Native Method)
	-  waiting on java.util.concurrent.ForkJoinPool@6e8d0a9c
	at java.base@21.0.12.1/java.util.concurrent.locks.LockSupport.park(LockSupport.java:371)
	at java.base@21.0.12.1/java.util.concurrent.ForkJoinPool.awaitWork(ForkJoinPool.java:1893)
	at java.base@21.0.12.1/java.util.concurrent.ForkJoinPool.runWorker(ForkJoinPool.java:1809)
	at java.base@21.0.12.1/java.util.concurrent.ForkJoinWorkerThread.run(ForkJoinWorkerThread.java:188)


"Worker-Main-21" daemon prio=5 Id=116 WAITING on java.util.concurrent.ForkJoinPool@6e8d0a9c
	at java.base@21.0.12.1/jdk.internal.misc.Unsafe.park(Native Method)
	-  waiting on java.util.concurrent.ForkJoinPool@6e8d0a9c
	at java.base@21.0.12.1/java.util.concurrent.locks.LockSupport.park(LockSupport.java:371)
	at java.base@21.0.12.1/java.util.concurrent.ForkJoinPool.awaitWork(ForkJoinPool.java:1893)
	at java.base@21.0.12.1/java.util.concurrent.ForkJoinPool.runWorker(ForkJoinPool.java:1809)
	at java.base@21.0.12.1/java.util.concurrent.ForkJoinWorkerThread.run(ForkJoinWorkerThread.java:188)


"Worker-Main-22" daemon prio=5 Id=117 WAITING on java.util.concurrent.ForkJoinPool@6e8d0a9c
	at java.base@21.0.12.1/jdk.internal.misc.Unsafe.park(Native Method)
	-  waiting on java.util.concurrent.ForkJoinPool@6e8d0a9c
	at java.base@21.0.12.1/java.util.concurrent.locks.LockSupport.park(LockSupport.java:371)
	at java.base@21.0.12.1/java.util.concurrent.ForkJoinPool.awaitWork(ForkJoinPool.java:1893)
	at java.base@21.0.12.1/java.util.concurrent.ForkJoinPool.runWorker(ForkJoinPool.java:1809)
	at java.base@21.0.12.1/java.util.concurrent.ForkJoinWorkerThread.run(ForkJoinWorkerThread.java:188)


"Worker-Main-23" daemon prio=5 Id=118 WAITING on java.util.concurrent.ForkJoinPool@6e8d0a9c
	at java.base@21.0.12.1/jdk.internal.misc.Unsafe.park(Native Method)
	-  waiting on java.util.concurrent.ForkJoinPool@6e8d0a9c
	at java.base@21.0.12.1/java.util.concurrent.locks.LockSupport.park(LockSupport.java:371)
	at java.base@21.0.12.1/java.util.concurrent.ForkJoinPool.awaitWork(ForkJoinPool.java:1893)
	at java.base@21.0.12.1/java.util.concurrent.ForkJoinPool.runWorker(ForkJoinPool.java:1809)
	at java.base@21.0.12.1/java.util.concurrent.ForkJoinWorkerThread.run(ForkJoinWorkerThread.java:188)


"Server thread" prio=8 Id=119 TIMED_WAITING on java.lang.String@364a52a9
	at java.base@21.0.12.1/jdk.internal.misc.Unsafe.park(Native Method)
	-  waiting on java.lang.String@364a52a9
	at java.base@21.0.12.1/java.util.concurrent.locks.LockSupport.parkNanos(LockSupport.java:269)
	at TRANSFORMER/minecraft@1.21.1/net.minecraft.util.thread.BlockableEventLoop.waitForTasks(BlockableEventLoop.java:143)
	at TRANSFORMER/minecraft@1.21.1/net.minecraft.util.thread.BlockableEventLoop.managedBlock(BlockableEventLoop.java:133)
	at TRANSFORMER/minecraft@1.21.1/net.minecraft.server.level.ServerChunkCache$MainThreadExecutor.managedBlock(ServerChunkCache.java:533)
	at TRANSFORMER/minecraft@1.21.1/net.minecraft.server.level.ServerChunkCache.getChunk(ServerChunkCache.java:159)
	at TRANSFORMER/minecraft@1.21.1/net.minecraft.world.level.Level.getChunk(Level.java:202)
	at TRANSFORMER/minecraft@1.21.1/net.minecraft.world.level.LevelReader.getChunk(LevelReader.java:134)
	at TRANSFORMER/minecraft@1.21.1/net.minecraft.world.level.Level.getChunk(Level.java:196)
	at TRANSFORMER/bons_port_probe@1/bons.portprobe.PortProbe.initial(PortProbe.java:83)
	at TRANSFORMER/bons_port_probe@1/bons.portprobe.PortProbe.started(PortProbe.java:48)
	at TRANSFORMER/bons_port_probe@1/bons.portprobe.PortProbe$$Lambda/0x0000023701c3a900.accept(Unknown Source)
	at MC-BOOTSTRAP/net.neoforged.bus/net.neoforged.bus.ConsumerEventHandler.invoke(ConsumerEventHandler.java:27)
	at MC-BOOTSTRAP/net.neoforged.bus/net.neoforged.bus.EventBus.post(EventBus.java:360)
	at MC-BOOTSTRAP/net.neoforged.bus/net.neoforged.bus.EventBus.post(EventBus.java:328)
	at TRANSFORMER/neoforge@21.1.252/net.neoforged.neoforge.server.ServerLifecycleHooks.handleServerStarted(ServerLifecycleHooks.java:113)
	at TRANSFORMER/minecraft@1.21.1/net.minecraft.server.MinecraftServer.runServer(MinecraftServer.java:674)
	at TRANSFORMER/minecraft@1.21.1/net.minecraft.server.MinecraftServer.lambda$spin$2(MinecraftServer.java:267)
	at TRANSFORMER/minecraft@1.21.1/net.minecraft.server.MinecraftServer$$Lambda/0x0000023701f89a38.run(Unknown Source)
	at java.base@21.0.12.1/java.lang.Thread.runWith(Thread.java:1596)
	at java.base@21.0.12.1/java.lang.Thread.run(Thread.java:1583)


"DestroyJavaVM" prio=5 Id=121 RUNNABLE


"Netty Server IO #0" daemon prio=8 Id=123 RUNNABLE (in native)
	at java.base@21.0.12.1/sun.nio.ch.WEPoll.wait(Native Method)
	at java.base@21.0.12.1/sun.nio.ch.WEPollSelectorImpl.doSelect(WEPollSelectorImpl.java:114)
	at java.base@21.0.12.1/sun.nio.ch.SelectorImpl.lockAndDoSelect(SelectorImpl.java:130)
	-  locked io.netty.channel.nio.SelectedSelectionKeySet@49d8f64f
	-  locked sun.nio.ch.WEPollSelectorImpl@66197906
	at java.base@21.0.12.1/sun.nio.ch.SelectorImpl.select(SelectorImpl.java:147)
	at MC-BOOTSTRAP/io.netty.transport@4.1.97.Final/io.netty.channel.nio.SelectedSelectionKeySetSelector.select(SelectedSelectionKeySetSelector.java:68)
	at MC-BOOTSTRAP/io.netty.transport@4.1.97.Final/io.netty.channel.nio.NioEventLoop.select(NioEventLoop.java:879)
	at MC-BOOTSTRAP/io.netty.transport@4.1.97.Final/io.netty.channel.nio.NioEventLoop.run(NioEventLoop.java:526)
	at MC-BOOTSTRAP/io.netty.common@4.1.97.Final/io.netty.util.concurrent.SingleThreadEventExecutor$4.run(SingleThreadEventExecutor.java:997)
	at MC-BOOTSTRAP/io.netty.common@4.1.97.Final/io.netty.util.internal.ThreadExecutorMap$2.run(ThreadExecutorMap.java:74)
	at java.base@21.0.12.1/java.lang.Thread.runWith(Thread.java:1596)
	at java.base@21.0.12.1/java.lang.Thread.run(Thread.java:1583)


"GA-COMPILE-2" daemon prio=8 Id=125 TIMED_WAITING on java.util.concurrent.ForkJoinPool@6d29244b
	at java.base@21.0.12.1/jdk.internal.misc.Unsafe.park(Native Method)
	-  waiting on java.util.concurrent.ForkJoinPool@6d29244b
	at java.base@21.0.12.1/java.util.concurrent.locks.LockSupport.parkUntil(LockSupport.java:449)
	at java.base@21.0.12.1/java.util.concurrent.ForkJoinPool.awaitWork(ForkJoinPool.java:1891)
	at java.base@21.0.12.1/java.util.concurrent.ForkJoinPool.runWorker(ForkJoinPool.java:1809)
	at java.base@21.0.12.1/java.util.concurrent.ForkJoinWorkerThread.run(ForkJoinWorkerThread.java:188)


"Cleaner-1" daemon prio=8 Id=128 TIMED_WAITING on java.util.concurrent.locks.AbstractQueuedSynchronizer$ConditionObject@6bf61a98
	at java.base@21.0.12.1/jdk.internal.misc.Unsafe.park(Native Method)
	-  waiting on java.util.concurrent.locks.AbstractQueuedSynchronizer$ConditionObject@6bf61a98
	at java.base@21.0.12.1/java.util.concurrent.locks.LockSupport.parkNanos(LockSupport.java:269)
	at java.base@21.0.12.1/java.util.concurrent.locks.AbstractQueuedSynchronizer$ConditionObject.await(AbstractQueuedSynchronizer.java:1886)
	at java.base@21.0.12.1/java.lang.ref.ReferenceQueue.await(ReferenceQueue.java:71)
	at java.base@21.0.12.1/java.lang.ref.ReferenceQueue.remove0(ReferenceQueue.java:143)
	at java.base@21.0.12.1/java.lang.ref.ReferenceQueue.remove(ReferenceQueue.java:218)
	at java.base@21.0.12.1/jdk.internal.ref.CleanerImpl.run(CleanerImpl.java:140)
	at java.base@21.0.12.1/java.lang.Thread.runWith(Thread.java:1596)
	at java.base@21.0.12.1/java.lang.Thread.run(Thread.java:1583)
	at java.base@21.0.12.1/jdk.internal.misc.InnocuousThread.run(InnocuousThread.java:186)


"GA-WORKSPACE-1" daemon prio=8 Id=129 TIMED_WAITING on java.util.concurrent.ForkJoinPool@f4dd255
	at java.base@21.0.12.1/jdk.internal.misc.Unsafe.park(Native Method)
	-  waiting on java.util.concurrent.ForkJoinPool@f4dd255
	at java.base@21.0.12.1/java.util.concurrent.locks.LockSupport.parkUntil(LockSupport.java:449)
	at java.base@21.0.12.1/java.util.concurrent.ForkJoinPool.awaitWork(ForkJoinPool.java:1891)
	at java.base@21.0.12.1/java.util.concurrent.ForkJoinPool.runWorker(ForkJoinPool.java:1809)
	at java.base@21.0.12.1/java.util.concurrent.ForkJoinWorkerThread.run(ForkJoinWorkerThread.java:188)


"GA-WORKSPACE-3" daemon prio=8 Id=131 WAITING on java.util.concurrent.ForkJoinPool@f4dd255
	at java.base@21.0.12.1/jdk.internal.misc.Unsafe.park(Native Method)
	-  waiting on java.util.concurrent.ForkJoinPool@f4dd255
	at java.base@21.0.12.1/java.util.concurrent.locks.LockSupport.park(LockSupport.java:371)
	at java.base@21.0.12.1/java.util.concurrent.ForkJoinPool.awaitWork(ForkJoinPool.java:1893)
	at java.base@21.0.12.1/java.util.concurrent.ForkJoinPool.runWorker(ForkJoinPool.java:1809)
	at java.base@21.0.12.1/java.util.concurrent.ForkJoinWorkerThread.run(ForkJoinWorkerThread.java:188)


"GA-WORKSPACE-4" daemon prio=8 Id=132 WAITING on java.util.concurrent.ForkJoinPool@f4dd255
	at java.base@21.0.12.1/jdk.internal.misc.Unsafe.park(Native Method)
	-  waiting on java.util.concurrent.ForkJoinPool@f4dd255
	at java.base@21.0.12.1/java.util.concurrent.locks.LockSupport.park(LockSupport.java:371)
	at java.base@21.0.12.1/java.util.concurrent.ForkJoinPool.awaitWork(ForkJoinPool.java:1893)
	at java.base@21.0.12.1/java.util.concurrent.ForkJoinPool.runWorker(ForkJoinPool.java:1809)
	at java.base@21.0.12.1/java.util.concurrent.ForkJoinWorkerThread.run(ForkJoinWorkerThread.java:188)


"GA-WORKSPACE-5" daemon prio=8 Id=133 WAITING on java.util.concurrent.ForkJoinPool@f4dd255
	at java.base@21.0.12.1/jdk.internal.misc.Unsafe.park(Native Method)
	-  waiting on java.util.concurrent.ForkJoinPool@f4dd255
	at java.base@21.0.12.1/java.util.concurrent.locks.LockSupport.park(LockSupport.java:371)
	at java.base@21.0.12.1/java.util.concurrent.ForkJoinPool.awaitWork(ForkJoinPool.java:1893)
	at java.base@21.0.12.1/java.util.concurrent.ForkJoinPool.runWorker(ForkJoinPool.java:1809)
	at java.base@21.0.12.1/java.util.concurrent.ForkJoinWorkerThread.run(ForkJoinWorkerThread.java:188)


"GA-NOISE-1" daemon prio=5 Id=138 TIMED_WAITING on java.util.concurrent.ForkJoinPool@1a9377d
	at java.base@21.0.12.1/jdk.internal.misc.Unsafe.park(Native Method)
	-  waiting on java.util.concurrent.ForkJoinPool@1a9377d
	at java.base@21.0.12.1/java.util.concurrent.locks.LockSupport.parkUntil(LockSupport.java:449)
	at java.base@21.0.12.1/java.util.concurrent.ForkJoinPool.awaitWork(ForkJoinPool.java:1891)
	at java.base@21.0.12.1/java.util.concurrent.ForkJoinPool.runWorker(ForkJoinPool.java:1809)
	at java.base@21.0.12.1/java.util.concurrent.ForkJoinWorkerThread.run(ForkJoinWorkerThread.java:188)


"GA-NOISE-2" daemon prio=5 Id=139 WAITING on java.util.concurrent.ForkJoinPool@1a9377d
	at java.base@21.0.12.1/jdk.internal.misc.Unsafe.park(Native Method)
	-  waiting on java.util.concurrent.ForkJoinPool@1a9377d
	at java.base@21.0.12.1/java.util.concurrent.locks.LockSupport.park(LockSupport.java:371)
	at java.base@21.0.12.1/java.util.concurrent.ForkJoinPool.awaitWork(ForkJoinPool.java:1893)
	at java.base@21.0.12.1/java.util.concurrent.ForkJoinPool.runWorker(ForkJoinPool.java:1809)
	at java.base@21.0.12.1/java.util.concurrent.ForkJoinWorkerThread.run(ForkJoinWorkerThread.java:188)


"GA-NOISE-3" daemon prio=5 Id=140 WAITING on java.util.concurrent.ForkJoinPool@1a9377d
	at java.base@21.0.12.1/jdk.internal.misc.Unsafe.park(Native Method)
	-  waiting on java.util.concurrent.ForkJoinPool@1a9377d
	at java.base@21.0.12.1/java.util.concurrent.locks.LockSupport.park(LockSupport.java:371)
	at java.base@21.0.12.1/java.util.concurrent.ForkJoinPool.awaitWork(ForkJoinPool.java:1893)
	at java.base@21.0.12.1/java.util.concurrent.ForkJoinPool.runWorker(ForkJoinPool.java:1809)
	at java.base@21.0.12.1/java.util.concurrent.ForkJoinWorkerThread.run(ForkJoinWorkerThread.java:188)


"GA-NOISE-6" daemon prio=5 Id=144 WAITING on java.util.concurrent.ForkJoinPool@1a9377d
	at java.base@21.0.12.1/jdk.internal.misc.Unsafe.park(Native Method)
	-  waiting on java.util.concurrent.ForkJoinPool@1a9377d
	at java.base@21.0.12.1/java.util.concurrent.locks.LockSupport.park(LockSupport.java:371)
	at java.base@21.0.12.1/java.util.concurrent.ForkJoinPool.awaitWork(ForkJoinPool.java:1893)
	at java.base@21.0.12.1/java.util.concurrent.ForkJoinPool.runWorker(ForkJoinPool.java:1809)
	at java.base@21.0.12.1/java.util.concurrent.ForkJoinWorkerThread.run(ForkJoinWorkerThread.java:188)


"GA-NOISE-7" daemon prio=5 Id=145 WAITING on java.util.concurrent.ForkJoinPool@1a9377d
	at java.base@21.0.12.1/jdk.internal.misc.Unsafe.park(Native Method)
	-  waiting on java.util.concurrent.ForkJoinPool@1a9377d
	at java.base@21.0.12.1/java.util.concurrent.locks.LockSupport.park(LockSupport.java:371)
	at java.base@21.0.12.1/java.util.concurrent.ForkJoinPool.awaitWork(ForkJoinPool.java:1893)
	at java.base@21.0.12.1/java.util.concurrent.ForkJoinPool.runWorker(ForkJoinPool.java:1809)
	at java.base@21.0.12.1/java.util.concurrent.ForkJoinWorkerThread.run(ForkJoinWorkerThread.java:188)


"GA-NOISE-8" daemon prio=5 Id=146 WAITING on java.util.concurrent.ForkJoinPool@1a9377d
	at java.base@21.0.12.1/jdk.internal.misc.Unsafe.park(Native Method)
	-  waiting on java.util.concurrent.ForkJoinPool@1a9377d
	at java.base@21.0.12.1/java.util.concurrent.locks.LockSupport.park(LockSupport.java:371)
	at java.base@21.0.12.1/java.util.concurrent.ForkJoinPool.awaitWork(ForkJoinPool.java:1893)
	at java.base@21.0.12.1/java.util.concurrent.ForkJoinPool.runWorker(ForkJoinPool.java:1809)
	at java.base@21.0.12.1/java.util.concurrent.ForkJoinWorkerThread.run(ForkJoinWorkerThread.java:188)


"GA-NOISE-9" daemon prio=5 Id=147 WAITING on java.util.concurrent.ForkJoinPool@1a9377d
	at java.base@21.0.12.1/jdk.internal.misc.Unsafe.park(Native Method)
	-  waiting on java.util.concurrent.ForkJoinPool@1a9377d
	at java.base@21.0.12.1/java.util.concurrent.locks.LockSupport.park(LockSupport.java:371)
	at java.base@21.0.12.1/java.util.concurrent.ForkJoinPool.awaitWork(ForkJoinPool.java:1893)
	at java.base@21.0.12.1/java.util.concurrent.ForkJoinPool.runWorker(ForkJoinPool.java:1809)
	at java.base@21.0.12.1/java.util.concurrent.ForkJoinWorkerThread.run(ForkJoinWorkerThread.java:188)


"GA-NOISE-10" daemon prio=5 Id=148 WAITING on java.util.concurrent.ForkJoinPool@1a9377d
	at java.base@21.0.12.1/jdk.internal.misc.Unsafe.park(Native Method)
	-  waiting on java.util.concurrent.ForkJoinPool@1a9377d
	at java.base@21.0.12.1/java.util.concurrent.locks.LockSupport.park(LockSupport.java:371)
	at java.base@21.0.12.1/java.util.concurrent.ForkJoinPool.awaitWork(ForkJoinPool.java:1893)
	at java.base@21.0.12.1/java.util.concurrent.ForkJoinPool.runWorker(ForkJoinPool.java:1809)
	at java.base@21.0.12.1/java.util.concurrent.ForkJoinWorkerThread.run(ForkJoinWorkerThread.java:188)


"GA-NOISE-11" daemon prio=5 Id=149 WAITING on java.util.concurrent.ForkJoinPool@1a9377d
	at java.base@21.0.12.1/jdk.internal.misc.Unsafe.park(Native Method)
	-  waiting on java.util.concurrent.ForkJoinPool@1a9377d
	at java.base@21.0.12.1/java.util.concurrent.locks.LockSupport.park(LockSupport.java:371)
	at java.base@21.0.12.1/java.util.concurrent.ForkJoinPool.awaitWork(ForkJoinPool.java:1893)
	at java.base@21.0.12.1/java.util.concurrent.ForkJoinPool.runWorker(ForkJoinPool.java:1809)
	at java.base@21.0.12.1/java.util.concurrent.ForkJoinWorkerThread.run(ForkJoinWorkerThread.java:188)


"GA-NOISE-12" daemon prio=5 Id=150 WAITING on java.util.concurrent.ForkJoinPool@1a9377d
	at java.base@21.0.12.1/jdk.internal.misc.Unsafe.park(Native Method)
	-  waiting on java.util.concurrent.ForkJoinPool@1a9377d
	at java.base@21.0.12.1/java.util.concurrent.locks.LockSupport.park(LockSupport.java:371)
	at java.base@21.0.12.1/java.util.concurrent.ForkJoinPool.awaitWork(ForkJoinPool.java:1893)
	at java.base@21.0.12.1/java.util.concurrent.ForkJoinPool.runWorker(ForkJoinPool.java:1809)
	at java.base@21.0.12.1/java.util.concurrent.ForkJoinWorkerThread.run(ForkJoinWorkerThread.java:188)


"GA-NOISE-13" daemon prio=5 Id=151 WAITING on java.util.concurrent.ForkJoinPool@1a9377d
	at java.base@21.0.12.1/jdk.internal.misc.Unsafe.park(Native Method)
	-  waiting on java.util.concurrent.ForkJoinPool@1a9377d
	at java.base@21.0.12.1/java.util.concurrent.locks.LockSupport.park(LockSupport.java:371)
	at java.base@21.0.12.1/java.util.concurrent.ForkJoinPool.awaitWork(ForkJoinPool.java:1893)
	at java.base@21.0.12.1/java.util.concurrent.ForkJoinPool.runWorker(ForkJoinPool.java:1809)
	at java.base@21.0.12.1/java.util.concurrent.ForkJoinWorkerThread.run(ForkJoinWorkerThread.java:188)


"Server Watchdog" daemon prio=8 Id=155 RUNNABLE
	at java.management@21.0.12.1/sun.management.ThreadImpl.dumpThreads0(Native Method)
	at java.management@21.0.12.1/sun.management.ThreadImpl.dumpAllThreads(ThreadImpl.java:518)
	at java.management@21.0.12.1/sun.management.ThreadImpl.dumpAllThreads(ThreadImpl.java:506)
	at TRANSFORMER/minecraft@1.21.1/net.minecraft.server.dedicated.ServerWatchdog.run(ServerWatchdog.java:50)
	at java.base@21.0.12.1/java.lang.Thread.runWith(Thread.java:1596)
	at java.base@21.0.12.1/java.lang.Thread.run(Thread.java:1583)


"LanServerPinger #1" daemon prio=8 Id=156 TIMED_WAITING
	at java.base@21.0.12.1/java.lang.Thread.sleep0(Native Method)
	at java.base@21.0.12.1/java.lang.Thread.sleep(Thread.java:509)
	at TRANSFORMER/minecraft@1.21.1/net.minecraft.client.server.LanServerPinger.run(LanServerPinger.java:52)


"GA-WORKSPACE-7" daemon prio=8 Id=157 WAITING on java.util.concurrent.ForkJoinPool@f4dd255
	at java.base@21.0.12.1/jdk.internal.misc.Unsafe.park(Native Method)
	-  waiting on java.util.concurrent.ForkJoinPool@f4dd255
	at java.base@21.0.12.1/java.util.concurrent.locks.LockSupport.park(LockSupport.java:371)
	at java.base@21.0.12.1/java.util.concurrent.ForkJoinPool.awaitWork(ForkJoinPool.java:1893)
	at java.base@21.0.12.1/java.util.concurrent.ForkJoinPool.runWorker(ForkJoinPool.java:1809)
	at java.base@21.0.12.1/java.util.concurrent.ForkJoinWorkerThread.run(ForkJoinWorkerThread.java:188)


"GA-WORKSPACE-8" daemon prio=8 Id=158 WAITING on java.util.concurrent.ForkJoinPool@f4dd255
	at java.base@21.0.12.1/jdk.internal.misc.Unsafe.park(Native Method)
	-  waiting on java.util.concurrent.ForkJoinPool@f4dd255
	at java.base@21.0.12.1/java.util.concurrent.locks.LockSupport.park(LockSupport.java:371)
	at java.base@21.0.12.1/java.util.concurrent.ForkJoinPool.awaitWork(ForkJoinPool.java:1893)
	at java.base@21.0.12.1/java.util.concurrent.ForkJoinPool.runWorker(ForkJoinPool.java:1809)
	at java.base@21.0.12.1/java.util.concurrent.ForkJoinWorkerThread.run(ForkJoinWorkerThread.java:188)


"GA-WORKSPACE-9" daemon prio=8 Id=159 WAITING on java.util.concurrent.ForkJoinPool@f4dd255
	at java.base@21.0.12.1/jdk.internal.misc.Unsafe.park(Native Method)
	-  waiting on java.util.concurrent.ForkJoinPool@f4dd255
	at java.base@21.0.12.1/java.util.concurrent.locks.LockSupport.park(LockSupport.java:371)
	at java.base@21.0.12.1/java.util.concurrent.ForkJoinPool.awaitWork(ForkJoinPool.java:1893)
	at java.base@21.0.12.1/java.util.concurrent.ForkJoinPool.runWorker(ForkJoinPool.java:1809)
	at java.base@21.0.12.1/java.util.concurrent.ForkJoinWorkerThread.run(ForkJoinWorkerThread.java:188)


"GA-WORKSPACE-10" daemon prio=8 Id=160 WAITING on java.util.concurrent.ForkJoinPool@f4dd255
	at java.base@21.0.12.1/jdk.internal.misc.Unsafe.park(Native Method)
	-  waiting on java.util.concurrent.ForkJoinPool@f4dd255
	at java.base@21.0.12.1/java.util.concurrent.locks.LockSupport.park(LockSupport.java:371)
	at java.base@21.0.12.1/java.util.concurrent.ForkJoinPool.awaitWork(ForkJoinPool.java:1893)
	at java.base@21.0.12.1/java.util.concurrent.ForkJoinPool.runWorker(ForkJoinPool.java:1809)
	at java.base@21.0.12.1/java.util.concurrent.ForkJoinWorkerThread.run(ForkJoinWorkerThread.java:188)


"GA-WORKSPACE-11" daemon prio=8 Id=161 WAITING on java.util.concurrent.ForkJoinPool@f4dd255
	at java.base@21.0.12.1/jdk.internal.misc.Unsafe.park(Native Method)
	-  waiting on java.util.concurrent.ForkJoinPool@f4dd255
	at java.base@21.0.12.1/java.util.concurrent.locks.LockSupport.park(LockSupport.java:371)
	at java.base@21.0.12.1/java.util.concurrent.ForkJoinPool.awaitWork(ForkJoinPool.java:1893)
	at java.base@21.0.12.1/java.util.concurrent.ForkJoinPool.runWorker(ForkJoinPool.java:1809)
	at java.base@21.0.12.1/java.util.concurrent.ForkJoinWorkerThread.run(ForkJoinWorkerThread.java:188)


"GA-WORKSPACE-12" daemon prio=8 Id=162 WAITING on java.util.concurrent.ForkJoinPool@f4dd255
	at java.base@21.0.12.1/jdk.internal.misc.Unsafe.park(Native Method)
	-  waiting on java.util.concurrent.ForkJoinPool@f4dd255
	at java.base@21.0.12.1/java.util.concurrent.locks.LockSupport.park(LockSupport.java:371)
	at java.base@21.0.12.1/java.util.concurrent.ForkJoinPool.awaitWork(ForkJoinPool.java:1893)
	at java.base@21.0.12.1/java.util.concurrent.ForkJoinPool.runWorker(ForkJoinPool.java:1809)
	at java.base@21.0.12.1/java.util.concurrent.ForkJoinWorkerThread.run(ForkJoinWorkerThread.java:188)


"GA-WORKSPACE-13" daemon prio=8 Id=163 WAITING on java.util.concurrent.ForkJoinPool@f4dd255
	at java.base@21.0.12.1/jdk.internal.misc.Unsafe.park(Native Method)
	-  waiting on java.util.concurrent.ForkJoinPool@f4dd255
	at java.base@21.0.12.1/java.util.concurrent.locks.LockSupport.park(LockSupport.java:371)
	at java.base@21.0.12.1/java.util.concurrent.ForkJoinPool.awaitWork(ForkJoinPool.java:1893)
	at java.base@21.0.12.1/java.util.concurrent.ForkJoinPool.runWorker(ForkJoinPool.java:1809)
	at java.base@21.0.12.1/java.util.concurrent.ForkJoinWorkerThread.run(ForkJoinWorkerThread.java:188)


"GA-WORKSPACE-14" daemon prio=8 Id=164 TIMED_WAITING on java.util.concurrent.ForkJoinPool@f4dd255
	at java.base@21.0.12.1/jdk.internal.misc.Unsafe.park(Native Method)
	-  waiting on java.util.concurrent.ForkJoinPool@f4dd255
	at java.base@21.0.12.1/java.util.concurrent.locks.LockSupport.parkUntil(LockSupport.java:449)
	at java.base@21.0.12.1/java.util.concurrent.ForkJoinPool.awaitWork(ForkJoinPool.java:1891)
	at java.base@21.0.12.1/java.util.concurrent.ForkJoinPool.runWorker(ForkJoinPool.java:1809)
	at java.base@21.0.12.1/java.util.concurrent.ForkJoinWorkerThread.run(ForkJoinWorkerThread.java:188)



Stacktrace:
	at TRANSFORMER/minecraft@1.21.1/net.minecraft.server.dedicated.ServerWatchdog.run(ServerWatchdog.java:65) ~[server-1.21.1-20240808.144430-srg.jar%23120!/:?] {re:classloading}
	at java.base/java.lang.Thread.run(Thread.java:1583) [?:?] {re:mixin}


-- Performance stats --
Details:
	Random tick rate: 3
	Level stats: ResourceKey[minecraft:dimension / minecraft:overworld]: players: 0, entities: 14,14,4,112,112,33,0 [minecraft:chicken:4,minecraft:horse:4,minecraft:sheep:4,minecraft:pig:2], block_entities: 0 [], block_ticks: 880, fluid_ticks: 82, chunk_source: Chunks[S] W: 1741 E: 14,14,4,112,112,33,0,
ResourceKey[minecraft:dimension / minecraft:the_end]: players: 0, entities: 0,0,0,6,6,0,0 [], block_entities: 0 [], block_ticks: 0, fluid_ticks: 0, chunk_source: Chunks[S] W: 667 E: 0,0,0,6,6,0,0,
ResourceKey[minecraft:dimension / minecraft:the_nether]: players: 0, entities: 4,4,2,63,63,0,0 [minecraft:piglin:4], block_entities: 0 [], block_ticks: 0, fluid_ticks: 308, chunk_source: Chunks[S] W: 900 E: 4,4,2,63,63,0,0

-- System Details --
Details:
	Minecraft Version: 1.21.1
	Minecraft Version ID: 1.21.1
	Operating System: Windows 10 (amd64) version 10.0
	Java Version: 21.0.12.1, Eclipse Adoptium
	Java VM Version: OpenJDK 64-Bit Server VM (mixed mode, sharing), Eclipse Adoptium
	Memory: 354721592 bytes (338 MiB) / 1033895936 bytes (986 MiB) up to 4294967296 bytes (4096 MiB)
	CPUs: 24
	Processor Vendor: AuthenticAMD
	Processor Name: AMD Ryzen 9 3900X 12-Core Processor            
	Identifier: AuthenticAMD Family 23 Model 113 Stepping 0
	Microarchitecture: Zen 2
	Frequency (GHz): 3.79
	Number of physical packages: 1
	Number of physical CPUs: 12
	Number of logical CPUs: 24
	Graphics card #0 name: NVIDIA GeForce RTX 3080
	Graphics card #0 vendor: NVIDIA
	Graphics card #0 VRAM (MiB): 10240.00
	Graphics card #0 deviceId: VideoController1
	Graphics card #0 versionInfo: 32.0.15.9186
	Memory slot #0 capacity (MiB): 8192.00
	Memory slot #0 clockSpeed (GHz): 2.40
	Memory slot #0 type: DDR4
	Memory slot #1 capacity (MiB): 8192.00
	Memory slot #1 clockSpeed (GHz): 2.40
	Memory slot #1 type: DDR4
	Memory slot #2 capacity (MiB): 8192.00
	Memory slot #2 clockSpeed (GHz): 2.40
	Memory slot #2 type: DDR4
	Memory slot #3 capacity (MiB): 8192.00
	Memory slot #3 clockSpeed (GHz): 2.40
	Memory slot #3 type: DDR4
	Virtual memory max (MiB): 48029.95
	Virtual memory used (MiB): 42390.33
	Swap memory total (MiB): 15316.61
	Swap memory used (MiB): 707.66
	Space in storage for jna.tmpdir (MiB): <path not set>
	Space in storage for org.lwjgl.system.SharedLibraryExtractPath (MiB): <path not set>
	Space in storage for io.netty.native.workdir (MiB): <path not set>
	Space in storage for java.io.tmpdir (MiB): available: 11344.43, total: 976745.00
	Space in storage for workdir (MiB): available: 357874.31, total: 976633.00
	JVM Flags: 1 total; -Xmx4G
	Server Running: true
	Player Count: 0 / 20; []
	Active Data Packs: vanilla, mod_data, mod/generator_accelerator, mod/bons_and_furious, mod/bons_port_probe, mod/neoforge
	Available Data Packs: bundle, trade_rebalance, vanilla, mod/bons_and_furious, mod/bons_port_probe, mod/generator_accelerator, mod/neoforge, mod_data
	Enabled Feature Flags: minecraft:vanilla
	World Generation: Stable
	World Seed: 708193841
	Is Modded: Definitely; Server brand changed to 'neoforge'
	Type: Dedicated Server (map_server.txt)
	ModLauncher: 11.0.5+main.901c6ea8
	ModLauncher launch target: forgeserver
	ModLauncher services: 
		sponge-mixin-0.15.2+mixin.0.8.7.jar mixin PLUGINSERVICE 
		loader-4.0.44.jar slf4jfixer PLUGINSERVICE 
		loader-4.0.44.jar runtime_enum_extender PLUGINSERVICE 
		at-modlauncher-10.0.1.jar accesstransformer PLUGINSERVICE 
		loader-4.0.44.jar runtimedistcleaner PLUGINSERVICE 
		modlauncher-11.0.5.jar mixin TRANSFORMATIONSERVICE 
		modlauncher-11.0.5.jar fml TRANSFORMATIONSERVICE 
	FML Language Providers: 
		javafml@4.0
		lowcodefml@4.0
		minecraft@4.0
	Mod List: 
		bons_and_furious-neoforge-1.0.35+mc1.21.1.jar     |Bons and Furious              |bons_and_furious              |1.0.35+mc1.21.1     |Manifest: NOSIGNATURE
		bons-port-probe-1.jar                             |Bons Port Qualification Probe |bons_port_probe               |1                   |Manifest: NOSIGNATURE
		generator-accelerator-1.6.2.jar                   |Generator Accelerator         |generator_accelerator         |1.21.1-1.6.2        |Manifest: NOSIGNATURE
		server-1.21.1-20240808.144430-srg.jar             |Minecraft                     |minecraft                     |1.21.1              |Manifest: NOSIGNATURE
		neoforge-21.1.252-universal.jar                   |NeoForge                      |neoforge                      |21.1.252            |Manifest: NOSIGNATURE
	Crash Report UUID: 70621428-5f08-4248-b915-f85d4e132616
	FML: 4.0.44
	NeoForge: 21.1.252
[01:05:34] [Server Watchdog/FATAL] [ne.ne.ne.co.NeoForgeMod/]: Preparing crash report with UUID 0bdf03fe-0366-491c-98d9-f855e1d88bfe
[01:05:34] [Server Watchdog/ERROR] [minecraft/ServerWatchdog]: This crash report has been saved to: <port>\runtime\p35-ga1\crash-reports\crash-2026-10-09_01.05.34-server.txt
